Page,Section,SubSection,EmissionsFactorLabel,Unit,UUID,Type,Assumptions,GHG,EmissionFactor,Uncertainties
"Agriculture, forestry and other land uses",Agricultural soils (live stock),Agricultural soils (live stock),Alpaca and llama,per head,e7dc0686-e244-4ad6-b3fb-e8707e77310f,Alpaca and llama,,GHG_CH4_KGCO2_e,0,54.1%
"Agriculture, forestry and other land uses",Agricultural soils (live stock),Agricultural soils (live stock),Alpaca and llama,per head,e7dc0686-e244-4ad6-b3fb-e8707e77310f,Alpaca and llama,,GHG_CO2_KGCO2_e,0,54.1%
"Agriculture, forestry and other land uses",Agricultural soils (live stock),Agricultural soils (live stock),Alpaca and llama,per head,e7dc0686-e244-4ad6-b3fb-e8707e77310f,Alpaca and llama,,GHG_N2O_KGCO2_e,24.4417,54.1%
"Agriculture, forestry and other land uses",Agricultural soils (live stock),Agricultural soils (live stock),Alpaca and llama,per head,e7dc0686-e244-4ad6-b3fb-e8707e77310f,Alpaca and llama,,GHG_TOTAL_KGCO2_e,24.4417,54.1%
"Agriculture, forestry and other land uses",Agricultural soils (live stock),Agricultural soils (live stock),Dairy cattle,per head,2438b477-3491-40c5-b581-349e3a2cb4be,Dairy cattle,,GHG_CH4_KGCO2_e,0,54.1%
"Agriculture, forestry and other land uses",Agricultural soils (live stock),Agricultural soils (live stock),Dairy cattle,per head,2438b477-3491-40c5-b581-349e3a2cb4be,Dairy cattle,,GHG_CO2_KGCO2_e,0,54.1%
"Agriculture, forestry and other land uses",Agricultural soils (live stock),Agricultural soils (live stock),Dairy cattle,per head,2438b477-3491-40c5-b581-349e3a2cb4be,Dairy cattle,,GHG_N2O_KGCO2_e,423.368,54.1%
"Agriculture, forestry and other land uses",Agricultural soils (live stock),Agricultural soils (live stock),Dairy cattle,per head,2438b477-3491-40c5-b581-349e3a2cb4be,Dairy cattle,,GHG_TOTAL_KGCO2_e,423.368,54.1%
"Agriculture, forestry and other land uses",Agricultural soils (live stock),Agricultural soils (live stock),Deer,per head,0a677c49-6d0b-481a-93b8-58797b4a03bf,Deer,,GHG_CH4_KGCO2_e,0,54.1%
"Agriculture, forestry and other land uses",Agricultural soils (live stock),Agricultural soils (live stock),Deer,per head,0a677c49-6d0b-481a-93b8-58797b4a03bf,Deer,,GHG_CO2_KGCO2_e,0,54.1%
"Agriculture, forestry and other land uses",Agricultural soils (live stock),Agricultural soils (live stock),Deer,per head,0a677c49-6d0b-481a-93b8-58797b4a03bf,Deer,,GHG_N2O_KGCO2_e,63.5129,54.1%
"Agriculture, forestry and other land uses",Agricultural soils (live stock),Agricultural soils (live stock),Deer,per head,0a677c49-6d0b-481a-93b8-58797b4a03bf,Deer,,GHG_TOTAL_KGCO2_e,63.5129,54.1%
"Agriculture, forestry and other land uses",Agricultural soils (live stock),Agricultural soils (live stock),Emus and Ostriches,per head,fa2f37e5-9d54-4149-8d96-1bde16bd9cc5,Emus and Ostriches,,GHG_CH4_KGCO2_e,0,54.1%
"Agriculture, forestry and other land uses",Agricultural soils (live stock),Agricultural soils (live stock),Emus and Ostriches,per head,fa2f37e5-9d54-4149-8d96-1bde16bd9cc5,Emus and Ostriches,,GHG_CO2_KGCO2_e,0,54.1%
"Agriculture, forestry and other land uses",Agricultural soils (live stock),Agricultural soils (live stock),Emus and Ostriches,per head,fa2f37e5-9d54-4149-8d96-1bde16bd9cc5,Emus and Ostriches,,GHG_N2O_KGCO2_e,46.958,54.1%
"Agriculture, forestry and other land uses",Agricultural soils (live stock),Agricultural soils (live stock),Emus and Ostriches,per head,fa2f37e5-9d54-4149-8d96-1bde16bd9cc5,Emus and Ostriches,,GHG_TOTAL_KGCO2_e,46.958,54.1%
"Agriculture, forestry and other land uses",Agricultural soils (live stock),Agricultural soils (live stock),Goats,per head,41cdca25-6079-4c62-95f3-9c872bcb0577,Goats,,GHG_CH4_KGCO2_e,0,54.1%
"Agriculture, forestry and other land uses",Agricultural soils (live stock),Agricultural soils (live stock),Goats,per head,41cdca25-6079-4c62-95f3-9c872bcb0577,Goats,,GHG_CO2_KGCO2_e,0,54.1%
"Agriculture, forestry and other land uses",Agricultural soils (live stock),Agricultural soils (live stock),Goats,per head,41cdca25-6079-4c62-95f3-9c872bcb0577,Goats,,GHG_N2O_KGCO2_e,24.3882,54.1%
"Agriculture, forestry and other land uses",Agricultural soils (live stock),Agricultural soils (live stock),Goats,per head,41cdca25-6079-4c62-95f3-9c872bcb0577,Goats,,GHG_TOTAL_KGCO2_e,24.3882,54.1%
"Agriculture, forestry and other land uses",Agricultural soils (live stock),Agricultural soils (live stock),Horses,per head,b7de05d4-2e5a-4f5d-9af0-52b2a645b8d8,Horses,,GHG_CH4_KGCO2_e,0,54.1%
"Agriculture, forestry and other land uses",Agricultural soils (live stock),Agricultural soils (live stock),Horses,per head,b7de05d4-2e5a-4f5d-9af0-52b2a645b8d8,Horses,,GHG_CO2_KGCO2_e,0,54.1%
"Agriculture, forestry and other land uses",Agricultural soils (live stock),Agricultural soils (live stock),Horses,per head,b7de05d4-2e5a-4f5d-9af0-52b2a645b8d8,Horses,,GHG_N2O_KGCO2_e,115.365,54.1%
"Agriculture, forestry and other land uses",Agricultural soils (live stock),Agricultural soils (live stock),Horses,per head,b7de05d4-2e5a-4f5d-9af0-52b2a645b8d8,Horses,,GHG_TOTAL_KGCO2_e,115.365,54.1%
"Agriculture, forestry and other land uses",Agricultural soils (live stock),Agricultural soils (live stock),Mules and asses,per head,2b9828bc-f703-4505-8210-78a359871c65,Mules and asses,,GHG_CH4_KGCO2_e,0,54.1%
"Agriculture, forestry and other land uses",Agricultural soils (live stock),Agricultural soils (live stock),Mules and asses,per head,2b9828bc-f703-4505-8210-78a359871c65,Mules and asses,,GHG_CO2_KGCO2_e,0,54.1%
"Agriculture, forestry and other land uses",Agricultural soils (live stock),Agricultural soils (live stock),Mules and asses,per head,2b9828bc-f703-4505-8210-78a359871c65,Mules and asses,,GHG_N2O_KGCO2_e,51.39,54.1%
"Agriculture, forestry and other land uses",Agricultural soils (live stock),Agricultural soils (live stock),Mules and asses,per head,2b9828bc-f703-4505-8210-78a359871c65,Mules and asses,,GHG_TOTAL_KGCO2_e,51.39,54.1%
"Agriculture, forestry and other land uses",Agricultural soils (live stock),Agricultural soils (live stock),Non-dairy cattle,per head,4a9ec6fe-f787-4e41-bade-fe8d24d1af27,Non-dairy cattle,,GHG_CH4_KGCO2_e,0,54.1%
"Agriculture, forestry and other land uses",Agricultural soils (live stock),Agricultural soils (live stock),Non-dairy cattle,per head,4a9ec6fe-f787-4e41-bade-fe8d24d1af27,Non-dairy cattle,,GHG_CO2_KGCO2_e,0,54.1%
"Agriculture, forestry and other land uses",Agricultural soils (live stock),Agricultural soils (live stock),Non-dairy cattle,per head,4a9ec6fe-f787-4e41-bade-fe8d24d1af27,Non-dairy cattle,,GHG_N2O_KGCO2_e,260.071,54.1%
"Agriculture, forestry and other land uses",Agricultural soils (live stock),Agricultural soils (live stock),Non-dairy cattle,per head,4a9ec6fe-f787-4e41-bade-fe8d24d1af27,Non-dairy cattle,,GHG_TOTAL_KGCO2_e,260.071,54.1%
"Agriculture, forestry and other land uses",Agricultural soils (live stock),Agricultural soils (live stock),Poultry,per head,db3db7ce-9f24-4a18-a492-ecd761e04c2c,Poultry,,GHG_CH4_KGCO2_e,0,54.1%
"Agriculture, forestry and other land uses",Agricultural soils (live stock),Agricultural soils (live stock),Poultry,per head,db3db7ce-9f24-4a18-a492-ecd761e04c2c,Poultry,,GHG_CO2_KGCO2_e,0,54.1%
"Agriculture, forestry and other land uses",Agricultural soils (live stock),Agricultural soils (live stock),Poultry,per head,db3db7ce-9f24-4a18-a492-ecd761e04c2c,Poultry,,GHG_N2O_KGCO2_e,0.811382,54.1%
"Agriculture, forestry and other land uses",Agricultural soils (live stock),Agricultural soils (live stock),Poultry,per head,db3db7ce-9f24-4a18-a492-ecd761e04c2c,Poultry,,GHG_TOTAL_KGCO2_e,0.811382,54.1%
"Agriculture, forestry and other land uses",Agricultural soils (live stock),Agricultural soils (live stock),Sheep,per head,42e3cf55-c3e3-4827-96e7-84ad526fa46a,Sheep,,GHG_CH4_KGCO2_e,0,54.1%
"Agriculture, forestry and other land uses",Agricultural soils (live stock),Agricultural soils (live stock),Sheep,per head,42e3cf55-c3e3-4827-96e7-84ad526fa46a,Sheep,,GHG_CO2_KGCO2_e,0,54.1%
"Agriculture, forestry and other land uses",Agricultural soils (live stock),Agricultural soils (live stock),Sheep,per head,42e3cf55-c3e3-4827-96e7-84ad526fa46a,Sheep,,GHG_N2O_KGCO2_e,29.4964,54.1%
"Agriculture, forestry and other land uses",Agricultural soils (live stock),Agricultural soils (live stock),Sheep,per head,42e3cf55-c3e3-4827-96e7-84ad526fa46a,Sheep,,GHG_TOTAL_KGCO2_e,29.4964,54.1%
"Agriculture, forestry and other land uses",Agricultural soils (live stock),Agricultural soils (live stock),Swine,per head,241384f6-0e24-4968-b11a-93e0f7934f81,Swine,,GHG_CH4_KGCO2_e,0,54.1%
"Agriculture, forestry and other land uses",Agricultural soils (live stock),Agricultural soils (live stock),Swine,per head,241384f6-0e24-4968-b11a-93e0f7934f81,Swine,,GHG_CO2_KGCO2_e,0,54.1%
"Agriculture, forestry and other land uses",Agricultural soils (live stock),Agricultural soils (live stock),Swine,per head,241384f6-0e24-4968-b11a-93e0f7934f81,Swine,,GHG_N2O_KGCO2_e,17.6971,54.1%
"Agriculture, forestry and other land uses",Agricultural soils (live stock),Agricultural soils (live stock),Swine,per head,241384f6-0e24-4968-b11a-93e0f7934f81,Swine,,GHG_TOTAL_KGCO2_e,17.6971,54.1%
"Agriculture, forestry and other land uses",Enteric fermentation,Enteric fermentation,Alpaca and llama,per head,5dc945ac-b2d9-4a3f-8461-b6adb1af2b80,Alpaca and llama,,GHG_CH4_KGCO2_e,224,15.5%
"Agriculture, forestry and other land uses",Enteric fermentation,Enteric fermentation,Alpaca and llama,per head,5dc945ac-b2d9-4a3f-8461-b6adb1af2b80,Alpaca and llama,,GHG_CO2_KGCO2_e,0,15.5%
"Agriculture, forestry and other land uses",Enteric fermentation,Enteric fermentation,Alpaca and llama,per head,5dc945ac-b2d9-4a3f-8461-b6adb1af2b80,Alpaca and llama,,GHG_N2O_KGCO2_e,0,15.5%
"Agriculture, forestry and other land uses",Enteric fermentation,Enteric fermentation,Alpaca and llama,per head,5dc945ac-b2d9-4a3f-8461-b6adb1af2b80,Alpaca and llama,,GHG_TOTAL_KGCO2_e,224,15.5%
"Agriculture, forestry and other land uses",Enteric fermentation,Enteric fermentation,Dairy cattle,per head,7f299690-1de9-4020-9cb0-b48729625289,Dairy cattle,,GHG_CH4_KGCO2_e,2700.7,15.5%
"Agriculture, forestry and other land uses",Enteric fermentation,Enteric fermentation,Dairy cattle,per head,7f299690-1de9-4020-9cb0-b48729625289,Dairy cattle,,GHG_CO2_KGCO2_e,0,15.5%
"Agriculture, forestry and other land uses",Enteric fermentation,Enteric fermentation,Dairy cattle,per head,7f299690-1de9-4020-9cb0-b48729625289,Dairy cattle,,GHG_N2O_KGCO2_e,0,15.5%
"Agriculture, forestry and other land uses",Enteric fermentation,Enteric fermentation,Dairy cattle,per head,7f299690-1de9-4020-9cb0-b48729625289,Dairy cattle,,GHG_TOTAL_KGCO2_e,2700.7,15.5%
"Agriculture, forestry and other land uses",Enteric fermentation,Enteric fermentation,Deer,per head,673d68e1-14ed-4b2d-aaae-5bdcd34b0704,Deer,,GHG_CH4_KGCO2_e,558.855,15.5%
"Agriculture, forestry and other land uses",Enteric fermentation,Enteric fermentation,Deer,per head,673d68e1-14ed-4b2d-aaae-5bdcd34b0704,Deer,,GHG_CO2_KGCO2_e,0,15.5%
"Agriculture, forestry and other land uses",Enteric fermentation,Enteric fermentation,Deer,per head,673d68e1-14ed-4b2d-aaae-5bdcd34b0704,Deer,,GHG_N2O_KGCO2_e,0,15.5%
"Agriculture, forestry and other land uses",Enteric fermentation,Enteric fermentation,Deer,per head,673d68e1-14ed-4b2d-aaae-5bdcd34b0704,Deer,,GHG_TOTAL_KGCO2_e,558.855,15.5%
"Agriculture, forestry and other land uses",Enteric fermentation,Enteric fermentation,Emus and Ostriches,per head,d31f11f0-2e85-432a-a260-b8e2c0fa17f8,Emus and Ostriches,,GHG_CH4_KGCO2_e,145.6,15.5%
"Agriculture, forestry and other land uses",Enteric fermentation,Enteric fermentation,Emus and Ostriches,per head,d31f11f0-2e85-432a-a260-b8e2c0fa17f8,Emus and Ostriches,,GHG_CO2_KGCO2_e,0,15.5%
"Agriculture, forestry and other land uses",Enteric fermentation,Enteric fermentation,Emus and Ostriches,per head,d31f11f0-2e85-432a-a260-b8e2c0fa17f8,Emus and Ostriches,,GHG_N2O_KGCO2_e,0,15.5%
"Agriculture, forestry and other land uses",Enteric fermentation,Enteric fermentation,Emus and Ostriches,per head,d31f11f0-2e85-432a-a260-b8e2c0fa17f8,Emus and Ostriches,,GHG_TOTAL_KGCO2_e,145.6,15.5%
"Agriculture, forestry and other land uses",Enteric fermentation,Enteric fermentation,Goats,per head,c243cdf7-1222-4c65-ad8d-096bdf7286ec,Goats,,GHG_CH4_KGCO2_e,250.968,15.5%
"Agriculture, forestry and other land uses",Enteric fermentation,Enteric fermentation,Goats,per head,c243cdf7-1222-4c65-ad8d-096bdf7286ec,Goats,,GHG_CO2_KGCO2_e,0,15.5%
"Agriculture, forestry and other land uses",Enteric fermentation,Enteric fermentation,Goats,per head,c243cdf7-1222-4c65-ad8d-096bdf7286ec,Goats,,GHG_N2O_KGCO2_e,0,15.5%
"Agriculture, forestry and other land uses",Enteric fermentation,Enteric fermentation,Goats,per head,c243cdf7-1222-4c65-ad8d-096bdf7286ec,Goats,,GHG_TOTAL_KGCO2_e,250.968,15.5%
"Agriculture, forestry and other land uses",Enteric fermentation,Enteric fermentation,Horses,per head,25b009f1-50ab-4bf0-9010-2f93b55be9ba,Horses,,GHG_CH4_KGCO2_e,504,15.5%
"Agriculture, forestry and other land uses",Enteric fermentation,Enteric fermentation,Horses,per head,25b009f1-50ab-4bf0-9010-2f93b55be9ba,Horses,,GHG_CO2_KGCO2_e,0,15.5%
"Agriculture, forestry and other land uses",Enteric fermentation,Enteric fermentation,Horses,per head,25b009f1-50ab-4bf0-9010-2f93b55be9ba,Horses,,GHG_N2O_KGCO2_e,0,15.5%
"Agriculture, forestry and other land uses",Enteric fermentation,Enteric fermentation,Horses,per head,25b009f1-50ab-4bf0-9010-2f93b55be9ba,Horses,,GHG_TOTAL_KGCO2_e,504,15.5%
"Agriculture, forestry and other land uses",Enteric fermentation,Enteric fermentation,Mules and asses,per head,7df5a8f6-34d5-4550-b45b-6381e1c662dd,Mules and asses,,GHG_CH4_KGCO2_e,280,15.5%
"Agriculture, forestry and other land uses",Enteric fermentation,Enteric fermentation,Mules and asses,per head,7df5a8f6-34d5-4550-b45b-6381e1c662dd,Mules and asses,,GHG_CO2_KGCO2_e,0,15.5%
"Agriculture, forestry and other land uses",Enteric fermentation,Enteric fermentation,Mules and asses,per head,7df5a8f6-34d5-4550-b45b-6381e1c662dd,Mules and asses,,GHG_N2O_KGCO2_e,0,15.5%
"Agriculture, forestry and other land uses",Enteric fermentation,Enteric fermentation,Mules and asses,per head,7df5a8f6-34d5-4550-b45b-6381e1c662dd,Mules and asses,,GHG_TOTAL_KGCO2_e,280,15.5%
"Agriculture, forestry and other land uses",Enteric fermentation,Enteric fermentation,Non-dairy cattle,per head,728f2ac2-65f5-417e-800e-b82757d52ebb,Non-dairy cattle,,GHG_CH4_KGCO2_e,1945.82,15.5%
"Agriculture, forestry and other land uses",Enteric fermentation,Enteric fermentation,Non-dairy cattle,per head,728f2ac2-65f5-417e-800e-b82757d52ebb,Non-dairy cattle,,GHG_CO2_KGCO2_e,0,15.5%
"Agriculture, forestry and other land uses",Enteric fermentation,Enteric fermentation,Non-dairy cattle,per head,728f2ac2-65f5-417e-800e-b82757d52ebb,Non-dairy cattle,,GHG_N2O_KGCO2_e,0,15.5%
"Agriculture, forestry and other land uses",Enteric fermentation,Enteric fermentation,Non-dairy cattle,per head,728f2ac2-65f5-417e-800e-b82757d52ebb,Non-dairy cattle,,GHG_TOTAL_KGCO2_e,1945.82,15.5%
"Agriculture, forestry and other land uses",Enteric fermentation,Enteric fermentation,Poultry,per head,4a299c28-2ede-4575-bf78-af941629ed09,Poultry,,GHG_CO2_KGCO2_e,0,15.5%
"Agriculture, forestry and other land uses",Enteric fermentation,Enteric fermentation,Poultry,per head,4a299c28-2ede-4575-bf78-af941629ed09,Poultry,,GHG_N2O_KGCO2_e,0,15.5%
"Agriculture, forestry and other land uses",Enteric fermentation,Enteric fermentation,Poultry,per head,4a299c28-2ede-4575-bf78-af941629ed09,Poultry,,GHG_TOTAL_KGCO2_e,0,15.5%
"Agriculture, forestry and other land uses",Enteric fermentation,Enteric fermentation,Sheep,per head,9f66cf69-56b7-417d-942a-bb6b0b0369f4,Sheep,,GHG_CH4_KGCO2_e,348.506,15.5%
"Agriculture, forestry and other land uses",Enteric fermentation,Enteric fermentation,Sheep,per head,9f66cf69-56b7-417d-942a-bb6b0b0369f4,Sheep,,GHG_CO2_KGCO2_e,0,15.5%
"Agriculture, forestry and other land uses",Enteric fermentation,Enteric fermentation,Sheep,per head,9f66cf69-56b7-417d-942a-bb6b0b0369f4,Sheep,,GHG_N2O_KGCO2_e,0,15.5%
"Agriculture, forestry and other land uses",Enteric fermentation,Enteric fermentation,Sheep,per head,9f66cf69-56b7-417d-942a-bb6b0b0369f4,Sheep,,GHG_TOTAL_KGCO2_e,348.506,15.5%
"Agriculture, forestry and other land uses",Enteric fermentation,Enteric fermentation,Swine,per head,7f17b34e-4e9b-4edd-a6db-d9a2104b1e15,Swine,,GHG_CH4_KGCO2_e,25.5733,15.5%
"Agriculture, forestry and other land uses",Enteric fermentation,Enteric fermentation,Swine,per head,7f17b34e-4e9b-4edd-a6db-d9a2104b1e15,Swine,,GHG_CO2_KGCO2_e,0,15.5%
"Agriculture, forestry and other land uses",Enteric fermentation,Enteric fermentation,Swine,per head,7f17b34e-4e9b-4edd-a6db-d9a2104b1e15,Swine,,GHG_N2O_KGCO2_e,0,15.5%
"Agriculture, forestry and other land uses",Enteric fermentation,Enteric fermentation,Swine,per head,7f17b34e-4e9b-4edd-a6db-d9a2104b1e15,Swine,,GHG_TOTAL_KGCO2_e,25.5733,15.5%
"Agriculture, forestry and other land uses",Fertiliser use,Fertiliser use,Dolomite,kg,87b251e3-aa26-458d-b9f5-30bc61192df3,Dolomite,,GHG_CH4_KGCO2_e,0,CO2 -50% to 0%
"Agriculture, forestry and other land uses",Fertiliser use,Fertiliser use,Dolomite,kg,87b251e3-aa26-458d-b9f5-30bc61192df3,Dolomite,,GHG_CO2_KGCO2_e,0.476667,CO2 -50% to 0%
"Agriculture, forestry and other land uses",Fertiliser use,Fertiliser use,Dolomite,kg,87b251e3-aa26-458d-b9f5-30bc61192df3,Dolomite,,GHG_N2O_KGCO2_e,0,CO2 -50% to 0%
"Agriculture, forestry and other land uses",Fertiliser use,Fertiliser use,Dolomite,kg,87b251e3-aa26-458d-b9f5-30bc61192df3,Dolomite,,GHG_TOTAL_KGCO2_e,0.476667,CO2 -50% to 0%
"Agriculture, forestry and other land uses",Fertiliser use,Fertiliser use,Limestone,kg,8df188a4-cbc7-4373-9f61-f4ad602dd03d,Limestone,,GHG_CH4_KGCO2_e,0,CO2 -50% to 0%
"Agriculture, forestry and other land uses",Fertiliser use,Fertiliser use,Limestone,kg,8df188a4-cbc7-4373-9f61-f4ad602dd03d,Limestone,,GHG_CO2_KGCO2_e,0.3608,CO2 -50% to 0%
"Agriculture, forestry and other land uses",Fertiliser use,Fertiliser use,Limestone,kg,8df188a4-cbc7-4373-9f61-f4ad602dd03d,Limestone,,GHG_N2O_KGCO2_e,0,CO2 -50% to 0%
"Agriculture, forestry and other land uses",Fertiliser use,Fertiliser use,Limestone,kg,8df188a4-cbc7-4373-9f61-f4ad602dd03d,Limestone,,GHG_TOTAL_KGCO2_e,0.3608,CO2 -50% to 0%
"Agriculture, forestry and other land uses",Fertiliser use,Fertiliser use,Non-urea nitrogen fertiliser,kg N,7ab266b9-89fc-4929-9f79-16a021eb40e3,Non-urea nitrogen fertiliser,,GHG_CH4_KGCO2_e,0,54%
"Agriculture, forestry and other land uses",Fertiliser use,Fertiliser use,Non-urea nitrogen fertiliser,kg N,7ab266b9-89fc-4929-9f79-16a021eb40e3,Non-urea nitrogen fertiliser,,GHG_CO2_KGCO2_e,0,54%
"Agriculture, forestry and other land uses",Fertiliser use,Fertiliser use,Non-urea nitrogen fertiliser,kg N,7ab266b9-89fc-4929-9f79-16a021eb40e3,Non-urea nitrogen fertiliser,,GHG_N2O_KGCO2_e,3.12946,54%
"Agriculture, forestry and other land uses",Fertiliser use,Fertiliser use,Non-urea nitrogen fertiliser,kg N,7ab266b9-89fc-4929-9f79-16a021eb40e3,Non-urea nitrogen fertiliser,,GHG_TOTAL_KGCO2_e,3.12946,54%
"Agriculture, forestry and other land uses",Fertiliser use,Fertiliser use,Urea nitrogen fertiliser coated with urease inhibitor,kg N,90611d25-01d4-4036-b627-028ebd891782,Urea nitrogen fertiliser coated with urease inhibitor,,GHG_CH4_KGCO2_e,0,CO2 -50% to 0% / N2O 54%
"Agriculture, forestry and other land uses",Fertiliser use,Fertiliser use,Urea nitrogen fertiliser coated with urease inhibitor,kg N,90611d25-01d4-4036-b627-028ebd891782,Urea nitrogen fertiliser coated with urease inhibitor,,GHG_CO2_KGCO2_e,1.5942,CO2 -50% to 0% / N2O 54%
"Agriculture, forestry and other land uses",Fertiliser use,Fertiliser use,Urea nitrogen fertiliser coated with urease inhibitor,kg N,90611d25-01d4-4036-b627-028ebd891782,Urea nitrogen fertiliser coated with urease inhibitor,,GHG_N2O_KGCO2_e,2.98371,CO2 -50% to 0% / N2O 54%
"Agriculture, forestry and other land uses",Fertiliser use,Fertiliser use,Urea nitrogen fertiliser coated with urease inhibitor,kg N,90611d25-01d4-4036-b627-028ebd891782,Urea nitrogen fertiliser coated with urease inhibitor,,GHG_TOTAL_KGCO2_e,4.57791,CO2 -50% to 0% / N2O 54%
"Agriculture, forestry and other land uses",Fertiliser use,Fertiliser use,Urea nitrogen fertiliser not coated with urease inhibitor,kg N,4ea1fb59-6fdd-48dc-be81-a808c96f8f7c,Urea nitrogen fertiliser not coated with urease inhibitor,,GHG_CH4_KGCO2_e,0,CO2 -50% to 0% / N2O 54%
"Agriculture, forestry and other land uses",Fertiliser use,Fertiliser use,Urea nitrogen fertiliser not coated with urease inhibitor,kg N,4ea1fb59-6fdd-48dc-be81-a808c96f8f7c,Urea nitrogen fertiliser not coated with urease inhibitor,,GHG_CO2_KGCO2_e,1.5942,CO2 -50% to 0% / N2O 54%
"Agriculture, forestry and other land uses",Fertiliser use,Fertiliser use,Urea nitrogen fertiliser not coated with urease inhibitor,kg N,4ea1fb59-6fdd-48dc-be81-a808c96f8f7c,Urea nitrogen fertiliser not coated with urease inhibitor,,GHG_N2O_KGCO2_e,3.1711,CO2 -50% to 0% / N2O 54%
"Agriculture, forestry and other land uses",Fertiliser use,Fertiliser use,Urea nitrogen fertiliser not coated with urease inhibitor,kg N,4ea1fb59-6fdd-48dc-be81-a808c96f8f7c,Urea nitrogen fertiliser not coated with urease inhibitor,,GHG_TOTAL_KGCO2_e,4.76531,CO2 -50% to 0% / N2O 54%
"Agriculture, forestry and other land uses","Land Use, Land-Use Change, and Forestry",Forest Growth - Natural Forests,Post-1989 Regenerating natural forest,ha,8e2b811b-33f3-4168-a334-aa34b630dab5,Post-1989 Regenerating natural forest,,GHG_TOTAL_KGCO2_e,-7973.15,44.80%
"Agriculture, forestry and other land uses","Land Use, Land-Use Change, and Forestry",Forest Growth - Natural Forests,Pre-1990 Regenerating natural forest,ha,c5d2a909-1885-40a6-96c9-474b4a64bb24,Pre-1990 Regenerating natural forest,,GHG_TOTAL_KGCO2_e,-1566.38,119.50%
"Agriculture, forestry and other land uses","Land Use, Land-Use Change, and Forestry",Forest Growth - Natural Forests,Pre-1990 Tall natural forest,ha,2aa4e3bf-f85d-41bc-9fba-179c9ad57102,Pre-1990 Tall natural forest,,GHG_TOTAL_KGCO2_e,0,
"Agriculture, forestry and other land uses","Land Use, Land-Use Change, and Forestry",Forest Growth - Planted Forests - Approach One: Stock Change Accounting,All Planted forests,ha,d268908a-d948-4a81-b723-8879915f8001,All Planted forests,,GHG_TOTAL_KGCO2_e,-35140.4,13.30%
"Agriculture, forestry and other land uses","Land Use, Land-Use Change, and Forestry",Forest Growth - Planted Forests - Approach One: Stock Change Accounting,All hardwoods,ha,3f0b4394-ef27-46a6-9f79-6a3fa0bc7e4f,All hardwoods,,GHG_TOTAL_KGCO2_e,-26240.4,145.10%
"Agriculture, forestry and other land uses","Land Use, Land-Use Change, and Forestry",Forest Growth - Planted Forests - Approach One: Stock Change Accounting,Other softwoods,ha,3c37f14b-fa7e-4069-810a-04678b656712,Other softwoods,,GHG_TOTAL_KGCO2_e,-29956.4,23.10%
"Agriculture, forestry and other land uses","Land Use, Land-Use Change, and Forestry",Forest Growth - Planted Forests - Approach One: Stock Change Accounting,Pinus radiata,ha,345688d4-258c-42c0-b8e3-2d7b466ce1f9,Pinus radiata,,GHG_TOTAL_KGCO2_e,-36530,13.20%
"Agriculture, forestry and other land uses","Land Use, Land-Use Change, and Forestry",Forest Growth - Planted Forests - Approach Two: Averaging Accounting,All hardwoods - First rotation (Age 24 years and under),ha,3db4296f-1e16-4471-b451-17ec4a5c1fd5,All hardwoods - First rotation (Age 24 years and under),,GHG_TOTAL_KGCO2_e,-26240.4,145.10%
"Agriculture, forestry and other land uses","Land Use, Land-Use Change, and Forestry",Forest Growth - Planted Forests - Approach Two: Averaging Accounting,All planted forest above the long-term average age,ha,7b3282a5-ea6a-44e8-a371-77095ce0b165,All planted forest above the long-term average age,,GHG_TOTAL_KGCO2_e,0,
"Agriculture, forestry and other land uses","Land Use, Land-Use Change, and Forestry",Forest Growth - Planted Forests - Approach Two: Averaging Accounting,All planted forests - First rotation (Age 23 years and under),ha,b563f2e9-5c43-4a7d-85e3-52f77a2b92ed,All planted forests - First rotation (Age 23 years and under),,GHG_TOTAL_KGCO2_e,-35140.4,13.30%
"Agriculture, forestry and other land uses","Land Use, Land-Use Change, and Forestry",Forest Growth - Planted Forests - Approach Two: Averaging Accounting,Other Softwoods - First rotation (Age 29 years and under),ha,353bebe3-9d1d-4718-8805-0ef223996c5b,Other Softwoods - First rotation (Age 29 years and under),,GHG_TOTAL_KGCO2_e,-29956.4,23.10%
"Agriculture, forestry and other land uses","Land Use, Land-Use Change, and Forestry",Forest Growth - Planted Forests - Approach Two: Averaging Accounting,Pinus radiata - First rotation (Age 23 years and under),ha,af9d53fd-d466-49d1-a9c5-7ba2d6f4cf2d,Pinus radiata - First rotation (Age 23 years and under),,GHG_TOTAL_KGCO2_e,-36530,13.20%
"Agriculture, forestry and other land uses","Land Use, Land-Use Change, and Forestry",Land-Use Change - Natural Forests,Post-1989 Regenerating natural forest: Deforestation,ha,21ac487d-a52b-492a-9436-d910cb60b565,Post-1989 Regenerating natural forest: Deforestation,,GHG_CO2_KGCO2_e,141350,27%
"Agriculture, forestry and other land uses","Land Use, Land-Use Change, and Forestry",Land-Use Change - Natural Forests,Post-1989 Regenerating natural forest: Deforestation,ha,21ac487d-a52b-492a-9436-d910cb60b565,Post-1989 Regenerating natural forest: Deforestation,,GHG_TOTAL_KGCO2_e,141350,27%
"Agriculture, forestry and other land uses","Land Use, Land-Use Change, and Forestry",Land-Use Change - Natural Forests,Pre-1990 Regenerating natural forest: Deforestation,ha,af1d6491-fb6f-41b0-be94-a3271e26cd56,Pre-1990 Regenerating natural forest: Deforestation,,GHG_CO2_KGCO2_e,281860,27.20%
"Agriculture, forestry and other land uses","Land Use, Land-Use Change, and Forestry",Land-Use Change - Natural Forests,Pre-1990 Regenerating natural forest: Deforestation,ha,af1d6491-fb6f-41b0-be94-a3271e26cd56,Pre-1990 Regenerating natural forest: Deforestation,,GHG_TOTAL_KGCO2_e,281860,27.20%
"Agriculture, forestry and other land uses","Land Use, Land-Use Change, and Forestry",Land-Use Change - Natural Forests,Pre-1990 Tall natural forest: Deforestation,ha,54bdb3da-e3e1-4609-bbbf-ceab79e18fcc,Pre-1990 Tall natural forest: Deforestation,,GHG_CO2_KGCO2_e,898535,21%
"Agriculture, forestry and other land uses","Land Use, Land-Use Change, and Forestry",Land-Use Change - Natural Forests,Pre-1990 Tall natural forest: Deforestation,ha,54bdb3da-e3e1-4609-bbbf-ceab79e18fcc,Pre-1990 Tall natural forest: Deforestation,,GHG_TOTAL_KGCO2_e,898535,21%
"Agriculture, forestry and other land uses","Land Use, Land-Use Change, and Forestry",Land-Use Change - Planted Forests - Approach One: Stock Change Accounting,All Planted forests: Harvest or Deforestation,ha,3701f857-e21a-4e81-931b-23275c9fab69,All Planted forests: Harvest or Deforestation,,GHG_CO2_KGCO2_e,982128,21.80%
"Agriculture, forestry and other land uses","Land Use, Land-Use Change, and Forestry",Land-Use Change - Planted Forests - Approach One: Stock Change Accounting,All Planted forests: Harvest or Deforestation,ha,3701f857-e21a-4e81-931b-23275c9fab69,All Planted forests: Harvest or Deforestation,,GHG_TOTAL_KGCO2_e,982128,21.80%
"Agriculture, forestry and other land uses","Land Use, Land-Use Change, and Forestry",Land-Use Change - Planted Forests - Approach One: Stock Change Accounting,All hardwoods: Harvest or Deforestation,ha,f1ee9e2f-d551-48e3-a86f-b3f1023cce6a,All hardwoods: Harvest or Deforestation,,GHG_CO2_KGCO2_e,787212,146.10%
"Agriculture, forestry and other land uses","Land Use, Land-Use Change, and Forestry",Land-Use Change - Planted Forests - Approach One: Stock Change Accounting,All hardwoods: Harvest or Deforestation,ha,f1ee9e2f-d551-48e3-a86f-b3f1023cce6a,All hardwoods: Harvest or Deforestation,,GHG_TOTAL_KGCO2_e,787212,146.10%
"Agriculture, forestry and other land uses","Land Use, Land-Use Change, and Forestry",Land-Use Change - Planted Forests - Approach One: Stock Change Accounting,Other Softwoods: Harvest or Deforestation,ha,9f1bf514-fd7f-42f0-8118-e5bf52990f10,Other Softwoods: Harvest or Deforestation,,GHG_CO2_KGCO2_e,1198250,28.90%
"Agriculture, forestry and other land uses","Land Use, Land-Use Change, and Forestry",Land-Use Change - Planted Forests - Approach One: Stock Change Accounting,Other Softwoods: Harvest or Deforestation,ha,9f1bf514-fd7f-42f0-8118-e5bf52990f10,Other Softwoods: Harvest or Deforestation,,GHG_TOTAL_KGCO2_e,1198250,28.90%
"Agriculture, forestry and other land uses","Land Use, Land-Use Change, and Forestry",Land-Use Change - Planted Forests - Approach One: Stock Change Accounting,Pinus radiata: Harvest or Deforestation,ha,ed3d991d-7ad2-49ff-abf3-adc2b7fb2726,Pinus radiata: Harvest or Deforestation,,GHG_CO2_KGCO2_e,1022840,21.80%
"Agriculture, forestry and other land uses","Land Use, Land-Use Change, and Forestry",Land-Use Change - Planted Forests - Approach One: Stock Change Accounting,Pinus radiata: Harvest or Deforestation,ha,ed3d991d-7ad2-49ff-abf3-adc2b7fb2726,Pinus radiata: Harvest or Deforestation,,GHG_TOTAL_KGCO2_e,1022840,21.80%
"Agriculture, forestry and other land uses","Land Use, Land-Use Change, and Forestry",Land-Use Change - Planted Forests - Approach Two: Averaging Accounting,All Planted forests: Deforestation,ha,ce6eb83b-8c0d-4803-9141-5a246b867723,All Planted forests: Deforestation,,GHG_CO2_KGCO2_e,982128,21.80%
"Agriculture, forestry and other land uses","Land Use, Land-Use Change, and Forestry",Land-Use Change - Planted Forests - Approach Two: Averaging Accounting,All Planted forests: Deforestation,ha,ce6eb83b-8c0d-4803-9141-5a246b867723,All Planted forests: Deforestation,,GHG_TOTAL_KGCO2_e,982128,21.80%
"Agriculture, forestry and other land uses","Land Use, Land-Use Change, and Forestry",Land-Use Change - Planted Forests - Approach Two: Averaging Accounting,All hardwoods: Deforestation,ha,580ee618-1200-4dc1-bb1b-a67dfd9e6597,All hardwoods: Deforestation,,GHG_CO2_KGCO2_e,787212,146.10%
"Agriculture, forestry and other land uses","Land Use, Land-Use Change, and Forestry",Land-Use Change - Planted Forests - Approach Two: Averaging Accounting,All hardwoods: Deforestation,ha,580ee618-1200-4dc1-bb1b-a67dfd9e6597,All hardwoods: Deforestation,,GHG_TOTAL_KGCO2_e,787212,146.10%
"Agriculture, forestry and other land uses","Land Use, Land-Use Change, and Forestry",Land-Use Change - Planted Forests - Approach Two: Averaging Accounting,Other Softwoods: Deforestation,ha,4831e41d-2491-4247-b5bb-69a13fde9af2,Other Softwoods: Deforestation,,GHG_CO2_KGCO2_e,1198250,28.90%
"Agriculture, forestry and other land uses","Land Use, Land-Use Change, and Forestry",Land-Use Change - Planted Forests - Approach Two: Averaging Accounting,Other Softwoods: Deforestation,ha,4831e41d-2491-4247-b5bb-69a13fde9af2,Other Softwoods: Deforestation,,GHG_TOTAL_KGCO2_e,1198250,28.90%
"Agriculture, forestry and other land uses","Land Use, Land-Use Change, and Forestry",Land-Use Change - Planted Forests - Approach Two: Averaging Accounting,Pinus radiata: Deforestation,ha,3d2f97b1-4026-4bc8-8e4a-af2bb0d0ebb2,Pinus radiata: Deforestation,,GHG_CO2_KGCO2_e,1022840,21.80%
"Agriculture, forestry and other land uses","Land Use, Land-Use Change, and Forestry",Land-Use Change - Planted Forests - Approach Two: Averaging Accounting,Pinus radiata: Deforestation,ha,3d2f97b1-4026-4bc8-8e4a-af2bb0d0ebb2,Pinus radiata: Deforestation,,GHG_TOTAL_KGCO2_e,1022840,21.80%
"Agriculture, forestry and other land uses",Manure management,Manure management,Alpaca and llama,per head,7f1ae5a8-baa3-4616-bbe1-600058c840cc,Alpaca and llama,,GHG_CH4_KGCO2_e,2.77515,CH4 20%
"Agriculture, forestry and other land uses",Manure management,Manure management,Alpaca and llama,per head,7f1ae5a8-baa3-4616-bbe1-600058c840cc,Alpaca and llama,,GHG_CO2_KGCO2_e,0,CH4 20%
"Agriculture, forestry and other land uses",Manure management,Manure management,Alpaca and llama,per head,7f1ae5a8-baa3-4616-bbe1-600058c840cc,Alpaca and llama,,GHG_N2O_KGCO2_e,0,CH4 20%
"Agriculture, forestry and other land uses",Manure management,Manure management,Alpaca and llama,per head,7f1ae5a8-baa3-4616-bbe1-600058c840cc,Alpaca and llama,,GHG_TOTAL_KGCO2_e,2.77515,CH4 20%
"Agriculture, forestry and other land uses",Manure management,Manure management,Dairy cattle,per head,09b400e8-0dc6-4bc7-88af-c09574d54f6d,Dairy cattle,,GHG_CH4_KGCO2_e,233.758,CH4 20% / N2O 100%
"Agriculture, forestry and other land uses",Manure management,Manure management,Dairy cattle,per head,09b400e8-0dc6-4bc7-88af-c09574d54f6d,Dairy cattle,,GHG_CO2_KGCO2_e,0,CH4 20% / N2O 100%
"Agriculture, forestry and other land uses",Manure management,Manure management,Dairy cattle,per head,09b400e8-0dc6-4bc7-88af-c09574d54f6d,Dairy cattle,,GHG_N2O_KGCO2_e,14.3885,CH4 20% / N2O 100%
"Agriculture, forestry and other land uses",Manure management,Manure management,Dairy cattle,per head,09b400e8-0dc6-4bc7-88af-c09574d54f6d,Dairy cattle,,GHG_TOTAL_KGCO2_e,248.146,CH4 20% / N2O 100%
"Agriculture, forestry and other land uses",Manure management,Manure management,Deer,per head,d7fa7ac4-8dcf-424b-96fa-943df27fb9b2,Deer,,GHG_CH4_KGCO2_e,7.47015,CH4 20%
"Agriculture, forestry and other land uses",Manure management,Manure management,Deer,per head,d7fa7ac4-8dcf-424b-96fa-943df27fb9b2,Deer,,GHG_CO2_KGCO2_e,0,CH4 20%
"Agriculture, forestry and other land uses",Manure management,Manure management,Deer,per head,d7fa7ac4-8dcf-424b-96fa-943df27fb9b2,Deer,,GHG_N2O_KGCO2_e,0,CH4 20%
"Agriculture, forestry and other land uses",Manure management,Manure management,Deer,per head,d7fa7ac4-8dcf-424b-96fa-943df27fb9b2,Deer,,GHG_TOTAL_KGCO2_e,7.47015,CH4 20%
"Agriculture, forestry and other land uses",Manure management,Manure management,Emus and Ostriches,per head,268e665e-a8b6-4de6-b054-bb9dd132c8bf,Emus and Ostriches,,GHG_CH4_KGCO2_e,165.11,CH4 20% / N2O 100%
"Agriculture, forestry and other land uses",Manure management,Manure management,Emus and Ostriches,per head,268e665e-a8b6-4de6-b054-bb9dd132c8bf,Emus and Ostriches,,GHG_CO2_KGCO2_e,0,CH4 20% / N2O 100%
"Agriculture, forestry and other land uses",Manure management,Manure management,Emus and Ostriches,per head,268e665e-a8b6-4de6-b054-bb9dd132c8bf,Emus and Ostriches,,GHG_N2O_KGCO2_e,19.08,CH4 20% / N2O 100%
"Agriculture, forestry and other land uses",Manure management,Manure management,Emus and Ostriches,per head,268e665e-a8b6-4de6-b054-bb9dd132c8bf,Emus and Ostriches,,GHG_TOTAL_KGCO2_e,184.19,CH4 20% / N2O 100%
"Agriculture, forestry and other land uses",Manure management,Manure management,Goats,per head,ff7e6b8e-4115-44fd-82ae-71711327325f,Goats,,GHG_CH4_KGCO2_e,2.09714,CH4 20%
"Agriculture, forestry and other land uses",Manure management,Manure management,Goats,per head,ff7e6b8e-4115-44fd-82ae-71711327325f,Goats,,GHG_CO2_KGCO2_e,0,CH4 20%
"Agriculture, forestry and other land uses",Manure management,Manure management,Goats,per head,ff7e6b8e-4115-44fd-82ae-71711327325f,Goats,,GHG_N2O_KGCO2_e,0,CH4 20%
"Agriculture, forestry and other land uses",Manure management,Manure management,Goats,per head,ff7e6b8e-4115-44fd-82ae-71711327325f,Goats,,GHG_TOTAL_KGCO2_e,2.09714,CH4 20%
"Agriculture, forestry and other land uses",Manure management,Manure management,Horses,per head,4df1f09d-fcb7-4754-bebf-c1ebc1f77fdf,Horses,,GHG_CH4_KGCO2_e,13.0615,CH4 20%
"Agriculture, forestry and other land uses",Manure management,Manure management,Horses,per head,4df1f09d-fcb7-4754-bebf-c1ebc1f77fdf,Horses,,GHG_CO2_KGCO2_e,0,CH4 20%
"Agriculture, forestry and other land uses",Manure management,Manure management,Horses,per head,4df1f09d-fcb7-4754-bebf-c1ebc1f77fdf,Horses,,GHG_N2O_KGCO2_e,0,CH4 20%
"Agriculture, forestry and other land uses",Manure management,Manure management,Horses,per head,4df1f09d-fcb7-4754-bebf-c1ebc1f77fdf,Horses,,GHG_TOTAL_KGCO2_e,13.0615,CH4 20%
"Agriculture, forestry and other land uses",Manure management,Manure management,Mules and asses,per head,2095a3c4-de57-4fca-83f3-ef481e6825fa,Mules and asses,,GHG_CH4_KGCO2_e,5.73955,CH4 20%
"Agriculture, forestry and other land uses",Manure management,Manure management,Mules and asses,per head,2095a3c4-de57-4fca-83f3-ef481e6825fa,Mules and asses,,GHG_CO2_KGCO2_e,0,CH4 20%
"Agriculture, forestry and other land uses",Manure management,Manure management,Mules and asses,per head,2095a3c4-de57-4fca-83f3-ef481e6825fa,Mules and asses,,GHG_N2O_KGCO2_e,0,CH4 20%
"Agriculture, forestry and other land uses",Manure management,Manure management,Mules and asses,per head,2095a3c4-de57-4fca-83f3-ef481e6825fa,Mules and asses,,GHG_TOTAL_KGCO2_e,5.73955,CH4 20%
"Agriculture, forestry and other land uses",Manure management,Manure management,Non-dairy cattle,per head,6c552145-ac0c-4013-998c-d9d513612c05,Non-dairy cattle,,GHG_CH4_KGCO2_e,26.7351,CH4 20%
"Agriculture, forestry and other land uses",Manure management,Manure management,Non-dairy cattle,per head,6c552145-ac0c-4013-998c-d9d513612c05,Non-dairy cattle,,GHG_CO2_KGCO2_e,0,CH4 20%
"Agriculture, forestry and other land uses",Manure management,Manure management,Non-dairy cattle,per head,6c552145-ac0c-4013-998c-d9d513612c05,Non-dairy cattle,,GHG_N2O_KGCO2_e,0,CH4 20%
"Agriculture, forestry and other land uses",Manure management,Manure management,Non-dairy cattle,per head,6c552145-ac0c-4013-998c-d9d513612c05,Non-dairy cattle,,GHG_TOTAL_KGCO2_e,26.7351,CH4 20%
"Agriculture, forestry and other land uses",Manure management,Manure management,Poultry,per head,25b87cae-0c8b-47d2-8684-7357b27ecc01,Poultry,,GHG_CH4_KGCO2_e,0.81371,CH4 20% / N2O 100%
"Agriculture, forestry and other land uses",Manure management,Manure management,Poultry,per head,25b87cae-0c8b-47d2-8684-7357b27ecc01,Poultry,,GHG_CO2_KGCO2_e,0,CH4 20% / N2O 100%
"Agriculture, forestry and other land uses",Manure management,Manure management,Poultry,per head,25b87cae-0c8b-47d2-8684-7357b27ecc01,Poultry,,GHG_N2O_KGCO2_e,0.821652,CH4 20% / N2O 100%
"Agriculture, forestry and other land uses",Manure management,Manure management,Poultry,per head,25b87cae-0c8b-47d2-8684-7357b27ecc01,Poultry,,GHG_TOTAL_KGCO2_e,1.63536,CH4 20% / N2O 100%
"Agriculture, forestry and other land uses",Manure management,Manure management,Sheep,per head,b90fb9ef-af86-4c6d-8d0d-5eca97862323,Sheep,,GHG_CH4_KGCO2_e,3.77235,CH4 20%
"Agriculture, forestry and other land uses",Manure management,Manure management,Sheep,per head,b90fb9ef-af86-4c6d-8d0d-5eca97862323,Sheep,,GHG_CO2_KGCO2_e,0,CH4 20%
"Agriculture, forestry and other land uses",Manure management,Manure management,Sheep,per head,b90fb9ef-af86-4c6d-8d0d-5eca97862323,Sheep,,GHG_N2O_KGCO2_e,0,CH4 20%
"Agriculture, forestry and other land uses",Manure management,Manure management,Sheep,per head,b90fb9ef-af86-4c6d-8d0d-5eca97862323,Sheep,,GHG_TOTAL_KGCO2_e,3.77235,CH4 20%
"Agriculture, forestry and other land uses",Manure management,Manure management,Swine,per head,8e586bac-a77e-45e2-89b9-088c623e9099,Swine,,GHG_CH4_KGCO2_e,165.346,CH4 20% / N2O 100%
"Agriculture, forestry and other land uses",Manure management,Manure management,Swine,per head,8e586bac-a77e-45e2-89b9-088c623e9099,Swine,,GHG_CO2_KGCO2_e,0,CH4 20% / N2O 100%
"Agriculture, forestry and other land uses",Manure management,Manure management,Swine,per head,8e586bac-a77e-45e2-89b9-088c623e9099,Swine,,GHG_N2O_KGCO2_e,22.0349,CH4 20% / N2O 100%
"Agriculture, forestry and other land uses",Manure management,Manure management,Swine,per head,8e586bac-a77e-45e2-89b9-088c623e9099,Swine,,GHG_TOTAL_KGCO2_e,187.381,CH4 20% / N2O 100%
Freight Transport,Air Freight,With radiative forcing multiplier,Freight flights: Domestic,tkm,70fce637-0595-41a8-b4b2-8aad05e489d8,Freight flights: Domestic,,GHG_CH4_KGCO2_e,0.00393,Unknown
Freight Transport,Air Freight,With radiative forcing multiplier,Freight flights: Domestic,tkm,70fce637-0595-41a8-b4b2-8aad05e489d8,Freight flights: Domestic,,GHG_CO2_KGCO2_e,4.57703,Unknown
Freight Transport,Air Freight,With radiative forcing multiplier,Freight flights: Domestic,tkm,70fce637-0595-41a8-b4b2-8aad05e489d8,Freight flights: Domestic,,GHG_N2O_KGCO2_e,0.02301,Unknown
Freight Transport,Air Freight,With radiative forcing multiplier,Freight flights: Domestic,tkm,70fce637-0595-41a8-b4b2-8aad05e489d8,Freight flights: Domestic,,GHG_TOTAL_KGCO2_e,4.60397,Unknown
Freight Transport,Air Freight,With radiative forcing multiplier,Freight flights: Long haul,tkm,ee43d1b5-7720-4c17-b4bb-fc8b42cfff8d,Freight flights: Long haul,,GHG_CH4_KGCO2_e,0.00006,Unknown
Freight Transport,Air Freight,With radiative forcing multiplier,Freight flights: Long haul,tkm,ee43d1b5-7720-4c17-b4bb-fc8b42cfff8d,Freight flights: Long haul,,GHG_CO2_KGCO2_e,0.89392,Unknown
Freight Transport,Air Freight,With radiative forcing multiplier,Freight flights: Long haul,tkm,ee43d1b5-7720-4c17-b4bb-fc8b42cfff8d,Freight flights: Long haul,,GHG_N2O_KGCO2_e,0.00542,Unknown
Freight Transport,Air Freight,With radiative forcing multiplier,Freight flights: Long haul,tkm,ee43d1b5-7720-4c17-b4bb-fc8b42cfff8d,Freight flights: Long haul,,GHG_TOTAL_KGCO2_e,0.89939,Unknown
Freight Transport,Air Freight,With radiative forcing multiplier,Freight flights: Short haul,tkm,f204c84b-4f78-47b0-b878-9ea08562c3cb,Freight flights: Short haul,,GHG_CH4_KGCO2_e,0.00008,Unknown
Freight Transport,Air Freight,With radiative forcing multiplier,Freight flights: Short haul,tkm,f204c84b-4f78-47b0-b878-9ea08562c3cb,Freight flights: Short haul,,GHG_CO2_KGCO2_e,1.27005,Unknown
Freight Transport,Air Freight,With radiative forcing multiplier,Freight flights: Short haul,tkm,f204c84b-4f78-47b0-b878-9ea08562c3cb,Freight flights: Short haul,,GHG_N2O_KGCO2_e,0.00822,Unknown
Freight Transport,Air Freight,With radiative forcing multiplier,Freight flights: Short haul,tkm,f204c84b-4f78-47b0-b878-9ea08562c3cb,Freight flights: Short haul,,GHG_TOTAL_KGCO2_e,1.27835,Unknown
Freight Transport,Air Freight,Without radiative forcing multiplier,Freight flights: Domestic,tkm,70fce637-0595-41a8-b4b2-8aad05e489d8:2,Freight flights: Domestic,,GHG_CH4_KGCO2_e,0.00393,Unknown
Freight Transport,Air Freight,Without radiative forcing multiplier,Freight flights: Domestic,tkm,70fce637-0595-41a8-b4b2-8aad05e489d8:2,Freight flights: Domestic,,GHG_CO2_KGCO2_e,2.69237,Unknown
Freight Transport,Air Freight,Without radiative forcing multiplier,Freight flights: Domestic,tkm,70fce637-0595-41a8-b4b2-8aad05e489d8:2,Freight flights: Domestic,,GHG_N2O_KGCO2_e,0.02301,Unknown
Freight Transport,Air Freight,Without radiative forcing multiplier,Freight flights: Domestic,tkm,70fce637-0595-41a8-b4b2-8aad05e489d8:2,Freight flights: Domestic,,GHG_TOTAL_KGCO2_e,2.71931,Unknown
Freight Transport,Air Freight,Without radiative forcing multiplier,Freight flights: Long haul,tkm,ee43d1b5-7720-4c17-b4bb-fc8b42cfff8d:2,Freight flights: Long haul,,GHG_CH4_KGCO2_e,0.00006,Unknown
Freight Transport,Air Freight,Without radiative forcing multiplier,Freight flights: Long haul,tkm,ee43d1b5-7720-4c17-b4bb-fc8b42cfff8d:2,Freight flights: Long haul,,GHG_CO2_KGCO2_e,0.52583,Unknown
Freight Transport,Air Freight,Without radiative forcing multiplier,Freight flights: Long haul,tkm,ee43d1b5-7720-4c17-b4bb-fc8b42cfff8d:2,Freight flights: Long haul,,GHG_N2O_KGCO2_e,0.00542,Unknown
Freight Transport,Air Freight,Without radiative forcing multiplier,Freight flights: Long haul,tkm,ee43d1b5-7720-4c17-b4bb-fc8b42cfff8d:2,Freight flights: Long haul,,GHG_TOTAL_KGCO2_e,0.5313,Unknown
Freight Transport,Air Freight,Without radiative forcing multiplier,Freight flights: Short haul,tkm,f204c84b-4f78-47b0-b878-9ea08562c3cb:2,Freight flights: Short haul,,GHG_CH4_KGCO2_e,0.00008,Unknown
Freight Transport,Air Freight,Without radiative forcing multiplier,Freight flights: Short haul,tkm,f204c84b-4f78-47b0-b878-9ea08562c3cb:2,Freight flights: Short haul,,GHG_CO2_KGCO2_e,0.74709,Unknown
Freight Transport,Air Freight,Without radiative forcing multiplier,Freight flights: Short haul,tkm,f204c84b-4f78-47b0-b878-9ea08562c3cb:2,Freight flights: Short haul,,GHG_N2O_KGCO2_e,0.00822,Unknown
Freight Transport,Air Freight,Without radiative forcing multiplier,Freight flights: Short haul,tkm,f204c84b-4f78-47b0-b878-9ea08562c3cb:2,Freight flights: Short haul,,GHG_TOTAL_KGCO2_e,0.75539,Unknown
Freight Transport,Domestic Coastal Freight,Domestic Coastal Freight,Container freight,tkm,7bdb28fe-785b-4514-a265-3d1a435a42c5,Container freight,Heavy fuel oil is the shipping fuel used,GHG_CH4_KGCO2_e,0.000113858,Unknown
Freight Transport,Domestic Coastal Freight,Domestic Coastal Freight,Container freight,tkm,7bdb28fe-785b-4514-a265-3d1a435a42c5,Container freight,Heavy fuel oil is the shipping fuel used,GHG_CO2_KGCO2_e,0.0455783,Unknown
Freight Transport,Domestic Coastal Freight,Domestic Coastal Freight,Container freight,tkm,7bdb28fe-785b-4514-a265-3d1a435a42c5,Container freight,Heavy fuel oil is the shipping fuel used,GHG_N2O_KGCO2_e,0.000307881,Unknown
Freight Transport,Domestic Coastal Freight,Domestic Coastal Freight,Container freight,tkm,7bdb28fe-785b-4514-a265-3d1a435a42c5,Container freight,Heavy fuel oil is the shipping fuel used,GHG_TOTAL_KGCO2_e,0.046,Unknown
Freight Transport,Domestic Coastal Freight,Domestic Coastal Freight,Oil products,tkm,ceede66c-d034-4798-96c6-ccf5c000d512,Oil products,Heavy fuel oil is the shipping fuel used,GHG_CH4_KGCO2_e,0.0000396027,Unknown
Freight Transport,Domestic Coastal Freight,Domestic Coastal Freight,Oil products,tkm,ceede66c-d034-4798-96c6-ccf5c000d512,Oil products,Heavy fuel oil is the shipping fuel used,GHG_CO2_KGCO2_e,0.0158533,Unknown
Freight Transport,Domestic Coastal Freight,Domestic Coastal Freight,Oil products,tkm,ceede66c-d034-4798-96c6-ccf5c000d512,Oil products,Heavy fuel oil is the shipping fuel used,GHG_N2O_KGCO2_e,0.000107089,Unknown
Freight Transport,Domestic Coastal Freight,Domestic Coastal Freight,Oil products,tkm,ceede66c-d034-4798-96c6-ccf5c000d512,Oil products,Heavy fuel oil is the shipping fuel used,GHG_TOTAL_KGCO2_e,0.016,Unknown
Freight Transport,Domestic Coastal Freight,Domestic Coastal Freight,Other bulk,tkm,ad046945-9ffc-4e0e-a815-161ac3c91791,Other bulk,Heavy fuel oil is the shipping fuel used,GHG_CH4_KGCO2_e,0.0000742551,Unknown
Freight Transport,Domestic Coastal Freight,Domestic Coastal Freight,Other bulk,tkm,ad046945-9ffc-4e0e-a815-161ac3c91791,Other bulk,Heavy fuel oil is the shipping fuel used,GHG_CO2_KGCO2_e,0.029725,Unknown
Freight Transport,Domestic Coastal Freight,Domestic Coastal Freight,Other bulk,tkm,ad046945-9ffc-4e0e-a815-161ac3c91791,Other bulk,Heavy fuel oil is the shipping fuel used,GHG_N2O_KGCO2_e,0.000200792,Unknown
Freight Transport,Domestic Coastal Freight,Domestic Coastal Freight,Other bulk,tkm,ad046945-9ffc-4e0e-a815-161ac3c91791,Other bulk,Heavy fuel oil is the shipping fuel used,GHG_TOTAL_KGCO2_e,0.03,Unknown
Freight Transport,Freighting Goods by Road,Freighting Goods by Road,All trucks,tkm,a5bc0f23-65be-4905-8b1e-7af29419eb47,All trucks,Assumed diesel as 79% of goods vans/trucks and utility vehicles are diesel,GHG_CH4_KGCO2_e,0.000199538,
Freight Transport,Freighting Goods by Road,Freighting Goods by Road,All trucks,tkm,a5bc0f23-65be-4905-8b1e-7af29419eb47,All trucks,Assumed diesel as 79% of goods vans/trucks and utility vehicles are diesel,GHG_CO2_KGCO2_e,0.132912,
Freight Transport,Freighting Goods by Road,Freighting Goods by Road,All trucks,tkm,a5bc0f23-65be-4905-8b1e-7af29419eb47,All trucks,Assumed diesel as 79% of goods vans/trucks and utility vehicles are diesel,GHG_N2O_KGCO2_e,0.00188849,
Freight Transport,Freighting Goods by Road,Freighting Goods by Road,All trucks,tkm,a5bc0f23-65be-4905-8b1e-7af29419eb47,All trucks,Assumed diesel as 79% of goods vans/trucks and utility vehicles are diesel,GHG_TOTAL_KGCO2_e,0.135,
Freight Transport,Freighting Goods by Road,Freighting Goods by Road,Long-haul heavy truck,tkm,4ecb62d0-dcdc-491c-998a-7954887b7e78,Long-haul heavy truck,Assumed majority of long-haul heavy trucks are diesel,GHG_CH4_KGCO2_e,0.000155196,
Freight Transport,Freighting Goods by Road,Freighting Goods by Road,Long-haul heavy truck,tkm,4ecb62d0-dcdc-491c-998a-7954887b7e78,Long-haul heavy truck,Assumed majority of long-haul heavy trucks are diesel,GHG_CO2_KGCO2_e,0.103376,
Freight Transport,Freighting Goods by Road,Freighting Goods by Road,Long-haul heavy truck,tkm,4ecb62d0-dcdc-491c-998a-7954887b7e78,Long-haul heavy truck,Assumed majority of long-haul heavy trucks are diesel,GHG_N2O_KGCO2_e,0.00146882,
Freight Transport,Freighting Goods by Road,Freighting Goods by Road,Long-haul heavy truck,tkm,4ecb62d0-dcdc-491c-998a-7954887b7e78,Long-haul heavy truck,Assumed majority of long-haul heavy trucks are diesel,GHG_TOTAL_KGCO2_e,0.105,
Freight Transport,Freighting Goods by Road,Freighting Goods by Road,Urban delivery heavy truck,tkm,419e116f-3321-4686-93a7-cd2ac8505a32,Urban delivery heavy truck,Assumed majority of urban delivery heavy trucks are diesel,GHG_CH4_KGCO2_e,0.000576444,
Freight Transport,Freighting Goods by Road,Freighting Goods by Road,Urban delivery heavy truck,tkm,419e116f-3321-4686-93a7-cd2ac8505a32,Urban delivery heavy truck,Assumed majority of urban delivery heavy trucks are diesel,GHG_CO2_KGCO2_e,0.383968,
Freight Transport,Freighting Goods by Road,Freighting Goods by Road,Urban delivery heavy truck,tkm,419e116f-3321-4686-93a7-cd2ac8505a32,Urban delivery heavy truck,Assumed majority of urban delivery heavy trucks are diesel,GHG_N2O_KGCO2_e,0.00545563,
Freight Transport,Freighting Goods by Road,Freighting Goods by Road,Urban delivery heavy truck,tkm,419e116f-3321-4686-93a7-cd2ac8505a32,Urban delivery heavy truck,Assumed majority of urban delivery heavy trucks are diesel,GHG_TOTAL_KGCO2_e,0.39,
Freight Transport,Heavy Goods Vehicles,2010-2015 Fleet,"HGV BEV: 10,000 - 12,000 kg",km,3dc92930-63b6-4cd8-8fae-8cdeff897f19,"HGV BEV: 10,000 - 12,000 kg",,GHG_CH4_KGCO2_e,0.00190895,
Freight Transport,Heavy Goods Vehicles,2010-2015 Fleet,"HGV BEV: 10,000 - 12,000 kg",km,3dc92930-63b6-4cd8-8fae-8cdeff897f19,"HGV BEV: 10,000 - 12,000 kg",,GHG_CO2_KGCO2_e,0.0603745,
Freight Transport,Heavy Goods Vehicles,2010-2015 Fleet,"HGV BEV: 10,000 - 12,000 kg",km,3dc92930-63b6-4cd8-8fae-8cdeff897f19,"HGV BEV: 10,000 - 12,000 kg",,GHG_N2O_KGCO2_e,0.0000973786,
Freight Transport,Heavy Goods Vehicles,2010-2015 Fleet,"HGV BEV: 10,000 - 12,000 kg",km,3dc92930-63b6-4cd8-8fae-8cdeff897f19,"HGV BEV: 10,000 - 12,000 kg",,GHG_TOTAL_KGCO2_e,0.0623808,
Freight Transport,Heavy Goods Vehicles,2010-2015 Fleet,"HGV BEV: 12,000 - 15,000 kg",km,966afaf1-7473-40e0-8839-a3c2aceb1cbd,"HGV BEV: 12,000 - 15,000 kg",,GHG_CH4_KGCO2_e,0.00216919,
Freight Transport,Heavy Goods Vehicles,2010-2015 Fleet,"HGV BEV: 12,000 - 15,000 kg",km,966afaf1-7473-40e0-8839-a3c2aceb1cbd,"HGV BEV: 12,000 - 15,000 kg",,GHG_CO2_KGCO2_e,0.0686052,
Freight Transport,Heavy Goods Vehicles,2010-2015 Fleet,"HGV BEV: 12,000 - 15,000 kg",km,966afaf1-7473-40e0-8839-a3c2aceb1cbd,"HGV BEV: 12,000 - 15,000 kg",,GHG_N2O_KGCO2_e,0.000110654,
Freight Transport,Heavy Goods Vehicles,2010-2015 Fleet,"HGV BEV: 12,000 - 15,000 kg",km,966afaf1-7473-40e0-8839-a3c2aceb1cbd,"HGV BEV: 12,000 - 15,000 kg",,GHG_TOTAL_KGCO2_e,0.070885,
Freight Transport,Heavy Goods Vehicles,2010-2015 Fleet,"HGV BEV: 5,000 - 7,500 kg",km,327000b4-f9dd-4c23-be7e-4ca7e964b303,"HGV BEV: 5,000 - 7,500 kg",,GHG_CH4_KGCO2_e,0.00131674,
Freight Transport,Heavy Goods Vehicles,2010-2015 Fleet,"HGV BEV: 5,000 - 7,500 kg",km,327000b4-f9dd-4c23-be7e-4ca7e964b303,"HGV BEV: 5,000 - 7,500 kg",,GHG_CO2_KGCO2_e,0.0416447,
Freight Transport,Heavy Goods Vehicles,2010-2015 Fleet,"HGV BEV: 5,000 - 7,500 kg",km,327000b4-f9dd-4c23-be7e-4ca7e964b303,"HGV BEV: 5,000 - 7,500 kg",,GHG_N2O_KGCO2_e,0.000067169,
Freight Transport,Heavy Goods Vehicles,2010-2015 Fleet,"HGV BEV: 5,000 - 7,500 kg",km,327000b4-f9dd-4c23-be7e-4ca7e964b303,"HGV BEV: 5,000 - 7,500 kg",,GHG_TOTAL_KGCO2_e,0.0430286,
Freight Transport,Heavy Goods Vehicles,2010-2015 Fleet,"HGV BEV: 7,500 - 10,000 kg",km,bc6b63c0-a6f9-4595-aef2-ab52e89fe55b,"HGV BEV: 7,500 - 10,000 kg",,GHG_CH4_KGCO2_e,0.00160987,
Freight Transport,Heavy Goods Vehicles,2010-2015 Fleet,"HGV BEV: 7,500 - 10,000 kg",km,bc6b63c0-a6f9-4595-aef2-ab52e89fe55b,"HGV BEV: 7,500 - 10,000 kg",,GHG_CO2_KGCO2_e,0.0509154,
Freight Transport,Heavy Goods Vehicles,2010-2015 Fleet,"HGV BEV: 7,500 - 10,000 kg",km,bc6b63c0-a6f9-4595-aef2-ab52e89fe55b,"HGV BEV: 7,500 - 10,000 kg",,GHG_N2O_KGCO2_e,0.0000821219,
Freight Transport,Heavy Goods Vehicles,2010-2015 Fleet,"HGV BEV: 7,500 - 10,000 kg",km,bc6b63c0-a6f9-4595-aef2-ab52e89fe55b,"HGV BEV: 7,500 - 10,000 kg",,GHG_TOTAL_KGCO2_e,0.0526074,
Freight Transport,Heavy Goods Vehicles,2010-2015 Fleet,"HGV BEV: <5,000 kg",km,a1ebef54-75f1-481d-89dc-9636370b2ffb,"HGV BEV: <5,000 kg",,GHG_CH4_KGCO2_e,0.0011492,
Freight Transport,Heavy Goods Vehicles,2010-2015 Fleet,"HGV BEV: <5,000 kg",km,a1ebef54-75f1-481d-89dc-9636370b2ffb,"HGV BEV: <5,000 kg",,GHG_CO2_KGCO2_e,0.0363459,
Freight Transport,Heavy Goods Vehicles,2010-2015 Fleet,"HGV BEV: <5,000 kg",km,a1ebef54-75f1-481d-89dc-9636370b2ffb,"HGV BEV: <5,000 kg",,GHG_N2O_KGCO2_e,0.0000586227,
Freight Transport,Heavy Goods Vehicles,2010-2015 Fleet,"HGV BEV: <5,000 kg",km,a1ebef54-75f1-481d-89dc-9636370b2ffb,"HGV BEV: <5,000 kg",,GHG_TOTAL_KGCO2_e,0.0375537,
Freight Transport,Heavy Goods Vehicles,2010-2015 Fleet,"HGV diesel hybrid: 10,000 - 12,000 kg",km,b504f945-7fa1-4763-8913-da02cd3fa900:2,"HGV diesel hybrid: 10,000 - 12,000 kg",,GHG_CH4_KGCO2_e,0.000829694,
Freight Transport,Heavy Goods Vehicles,2010-2015 Fleet,"HGV diesel hybrid: 10,000 - 12,000 kg",km,b504f945-7fa1-4763-8913-da02cd3fa900:2,"HGV diesel hybrid: 10,000 - 12,000 kg",,GHG_CO2_KGCO2_e,0.552658,
Freight Transport,Heavy Goods Vehicles,2010-2015 Fleet,"HGV diesel hybrid: 10,000 - 12,000 kg",km,b504f945-7fa1-4763-8913-da02cd3fa900:2,"HGV diesel hybrid: 10,000 - 12,000 kg",,GHG_N2O_KGCO2_e,0.00785247,
Freight Transport,Heavy Goods Vehicles,2010-2015 Fleet,"HGV diesel hybrid: 10,000 - 12,000 kg",km,b504f945-7fa1-4763-8913-da02cd3fa900:2,"HGV diesel hybrid: 10,000 - 12,000 kg",,GHG_TOTAL_KGCO2_e,0.56134,
Freight Transport,Heavy Goods Vehicles,2010-2015 Fleet,"HGV diesel hybrid: 12,000 - 15,000 kg",km,5784b66e-a93a-41c1-a75d-8af703cc1cd8:2,"HGV diesel hybrid: 12,000 - 15,000 kg",,GHG_CH4_KGCO2_e,0.000943032,
Freight Transport,Heavy Goods Vehicles,2010-2015 Fleet,"HGV diesel hybrid: 12,000 - 15,000 kg",km,5784b66e-a93a-41c1-a75d-8af703cc1cd8:2,"HGV diesel hybrid: 12,000 - 15,000 kg",,GHG_CO2_KGCO2_e,0.628152,
Freight Transport,Heavy Goods Vehicles,2010-2015 Fleet,"HGV diesel hybrid: 12,000 - 15,000 kg",km,5784b66e-a93a-41c1-a75d-8af703cc1cd8:2,"HGV diesel hybrid: 12,000 - 15,000 kg",,GHG_N2O_KGCO2_e,0.00892512,
Freight Transport,Heavy Goods Vehicles,2010-2015 Fleet,"HGV diesel hybrid: 12,000 - 15,000 kg",km,5784b66e-a93a-41c1-a75d-8af703cc1cd8:2,"HGV diesel hybrid: 12,000 - 15,000 kg",,GHG_TOTAL_KGCO2_e,0.63802,
Freight Transport,Heavy Goods Vehicles,2010-2015 Fleet,"HGV diesel hybrid: 15,000 - 20,000 kg",km,a89c94e4-79c8-4d11-9675-7f4f141adf1c:2,"HGV diesel hybrid: 15,000 - 20,000 kg",,GHG_CH4_KGCO2_e,0.00127752,
Freight Transport,Heavy Goods Vehicles,2010-2015 Fleet,"HGV diesel hybrid: 15,000 - 20,000 kg",km,a89c94e4-79c8-4d11-9675-7f4f141adf1c:2,"HGV diesel hybrid: 15,000 - 20,000 kg",,GHG_CO2_KGCO2_e,0.850951,
Freight Transport,Heavy Goods Vehicles,2010-2015 Fleet,"HGV diesel hybrid: 15,000 - 20,000 kg",km,a89c94e4-79c8-4d11-9675-7f4f141adf1c:2,"HGV diesel hybrid: 15,000 - 20,000 kg",,GHG_N2O_KGCO2_e,0.0120908,
Freight Transport,Heavy Goods Vehicles,2010-2015 Fleet,"HGV diesel hybrid: 15,000 - 20,000 kg",km,a89c94e4-79c8-4d11-9675-7f4f141adf1c:2,"HGV diesel hybrid: 15,000 - 20,000 kg",,GHG_TOTAL_KGCO2_e,0.864319,
Freight Transport,Heavy Goods Vehicles,2010-2015 Fleet,"HGV diesel hybrid: 20,000 - 25,000 kg",km,5a127d1e-49b2-446b-9950-53f3c7f13989:2,"HGV diesel hybrid: 20,000 - 25,000 kg",,GHG_CH4_KGCO2_e,0.00170046,
Freight Transport,Heavy Goods Vehicles,2010-2015 Fleet,"HGV diesel hybrid: 20,000 - 25,000 kg",km,5a127d1e-49b2-446b-9950-53f3c7f13989:2,"HGV diesel hybrid: 20,000 - 25,000 kg",,GHG_CO2_KGCO2_e,1.13267,
Freight Transport,Heavy Goods Vehicles,2010-2015 Fleet,"HGV diesel hybrid: 20,000 - 25,000 kg",km,5a127d1e-49b2-446b-9950-53f3c7f13989:2,"HGV diesel hybrid: 20,000 - 25,000 kg",,GHG_N2O_KGCO2_e,0.0160936,
Freight Transport,Heavy Goods Vehicles,2010-2015 Fleet,"HGV diesel hybrid: 20,000 - 25,000 kg",km,5a127d1e-49b2-446b-9950-53f3c7f13989:2,"HGV diesel hybrid: 20,000 - 25,000 kg",,GHG_TOTAL_KGCO2_e,1.15047,
Freight Transport,Heavy Goods Vehicles,2010-2015 Fleet,"HGV diesel hybrid: 25,000 - 30,000 kg",km,debe9c87-fe58-4b37-842b-a17fd1ae8063:2,"HGV diesel hybrid: 25,000 - 30,000 kg",,GHG_CH4_KGCO2_e,0.00196347,
Freight Transport,Heavy Goods Vehicles,2010-2015 Fleet,"HGV diesel hybrid: 25,000 - 30,000 kg",km,debe9c87-fe58-4b37-842b-a17fd1ae8063:2,"HGV diesel hybrid: 25,000 - 30,000 kg",,GHG_CO2_KGCO2_e,1.30786,
Freight Transport,Heavy Goods Vehicles,2010-2015 Fleet,"HGV diesel hybrid: 25,000 - 30,000 kg",km,debe9c87-fe58-4b37-842b-a17fd1ae8063:2,"HGV diesel hybrid: 25,000 - 30,000 kg",,GHG_N2O_KGCO2_e,0.0185828,
Freight Transport,Heavy Goods Vehicles,2010-2015 Fleet,"HGV diesel hybrid: 25,000 - 30,000 kg",km,debe9c87-fe58-4b37-842b-a17fd1ae8063:2,"HGV diesel hybrid: 25,000 - 30,000 kg",,GHG_TOTAL_KGCO2_e,1.32841,
Freight Transport,Heavy Goods Vehicles,2010-2015 Fleet,"HGV diesel hybrid: 5,000 - 7,500 kg",km,c2c959e7-e9c5-4490-afba-76747e00167f:2,"HGV diesel hybrid: 5,000 - 7,500 kg",,GHG_CH4_KGCO2_e,0.000572612,
Freight Transport,Heavy Goods Vehicles,2010-2015 Fleet,"HGV diesel hybrid: 5,000 - 7,500 kg",km,c2c959e7-e9c5-4490-afba-76747e00167f:2,"HGV diesel hybrid: 5,000 - 7,500 kg",,GHG_CO2_KGCO2_e,0.381415,
Freight Transport,Heavy Goods Vehicles,2010-2015 Fleet,"HGV diesel hybrid: 5,000 - 7,500 kg",km,c2c959e7-e9c5-4490-afba-76747e00167f:2,"HGV diesel hybrid: 5,000 - 7,500 kg",,GHG_N2O_KGCO2_e,0.00541936,
Freight Transport,Heavy Goods Vehicles,2010-2015 Fleet,"HGV diesel hybrid: 5,000 - 7,500 kg",km,c2c959e7-e9c5-4490-afba-76747e00167f:2,"HGV diesel hybrid: 5,000 - 7,500 kg",,GHG_TOTAL_KGCO2_e,0.387407,
Freight Transport,Heavy Goods Vehicles,2010-2015 Fleet,"HGV diesel hybrid: 7,500 - 10,000 kg",km,4cdb99d4-36ec-495f-bfef-c99fdf6eb6da:2,"HGV diesel hybrid: 7,500 - 10,000 kg",,GHG_CH4_KGCO2_e,0.000699771,
Freight Transport,Heavy Goods Vehicles,2010-2015 Fleet,"HGV diesel hybrid: 7,500 - 10,000 kg",km,4cdb99d4-36ec-495f-bfef-c99fdf6eb6da:2,"HGV diesel hybrid: 7,500 - 10,000 kg",,GHG_CO2_KGCO2_e,0.466116,
Freight Transport,Heavy Goods Vehicles,2010-2015 Fleet,"HGV diesel hybrid: 7,500 - 10,000 kg",km,4cdb99d4-36ec-495f-bfef-c99fdf6eb6da:2,"HGV diesel hybrid: 7,500 - 10,000 kg",,GHG_N2O_KGCO2_e,0.00662283,
Freight Transport,Heavy Goods Vehicles,2010-2015 Fleet,"HGV diesel hybrid: 7,500 - 10,000 kg",km,4cdb99d4-36ec-495f-bfef-c99fdf6eb6da:2,"HGV diesel hybrid: 7,500 - 10,000 kg",,GHG_TOTAL_KGCO2_e,0.473439,
Freight Transport,Heavy Goods Vehicles,2010-2015 Fleet,"HGV diesel hybrid: <5,000 kg",km,3ff399bd-f6c5-4ab8-abfb-59bb87dcb0c7:2,"HGV diesel hybrid: <5,000 kg",,GHG_CH4_KGCO2_e,0.000499554,
Freight Transport,Heavy Goods Vehicles,2010-2015 Fleet,"HGV diesel hybrid: <5,000 kg",km,3ff399bd-f6c5-4ab8-abfb-59bb87dcb0c7:2,"HGV diesel hybrid: <5,000 kg",,GHG_CO2_KGCO2_e,0.332752,
Freight Transport,Heavy Goods Vehicles,2010-2015 Fleet,"HGV diesel hybrid: <5,000 kg",km,3ff399bd-f6c5-4ab8-abfb-59bb87dcb0c7:2,"HGV diesel hybrid: <5,000 kg",,GHG_N2O_KGCO2_e,0.00472792,
Freight Transport,Heavy Goods Vehicles,2010-2015 Fleet,"HGV diesel hybrid: <5,000 kg",km,3ff399bd-f6c5-4ab8-abfb-59bb87dcb0c7:2,"HGV diesel hybrid: <5,000 kg",,GHG_TOTAL_KGCO2_e,0.33798,
Freight Transport,Heavy Goods Vehicles,2010-2015 Fleet,"HGV diesel hybrid: >=30,000 kg",km,abd3a309-203b-468a-908c-3cd584dcd0c9:2,"HGV diesel hybrid: >=30,000 kg",,GHG_CH4_KGCO2_e,0.00206851,
Freight Transport,Heavy Goods Vehicles,2010-2015 Fleet,"HGV diesel hybrid: >=30,000 kg",km,abd3a309-203b-468a-908c-3cd584dcd0c9:2,"HGV diesel hybrid: >=30,000 kg",,GHG_CO2_KGCO2_e,1.37783,
Freight Transport,Heavy Goods Vehicles,2010-2015 Fleet,"HGV diesel hybrid: >=30,000 kg",km,abd3a309-203b-468a-908c-3cd584dcd0c9:2,"HGV diesel hybrid: >=30,000 kg",,GHG_N2O_KGCO2_e,0.019577,
Freight Transport,Heavy Goods Vehicles,2010-2015 Fleet,"HGV diesel hybrid: >=30,000 kg",km,abd3a309-203b-468a-908c-3cd584dcd0c9:2,"HGV diesel hybrid: >=30,000 kg",,GHG_TOTAL_KGCO2_e,1.39948,
Freight Transport,Heavy Goods Vehicles,2010-2015 Fleet,"HGV diesel: 10,000 - 12,000 kg",km,b54d662b-cc8a-4a1e-886f-ab5c8b1bb725:2,"HGV diesel: 10,000 - 12,000 kg",,GHG_CH4_KGCO2_e,0.00102715,
Freight Transport,Heavy Goods Vehicles,2010-2015 Fleet,"HGV diesel: 10,000 - 12,000 kg",km,b54d662b-cc8a-4a1e-886f-ab5c8b1bb725:2,"HGV diesel: 10,000 - 12,000 kg",,GHG_CO2_KGCO2_e,0.68418,
Freight Transport,Heavy Goods Vehicles,2010-2015 Fleet,"HGV diesel: 10,000 - 12,000 kg",km,b54d662b-cc8a-4a1e-886f-ab5c8b1bb725:2,"HGV diesel: 10,000 - 12,000 kg",,GHG_N2O_KGCO2_e,0.00972121,
Freight Transport,Heavy Goods Vehicles,2010-2015 Fleet,"HGV diesel: 10,000 - 12,000 kg",km,b54d662b-cc8a-4a1e-886f-ab5c8b1bb725:2,"HGV diesel: 10,000 - 12,000 kg",,GHG_TOTAL_KGCO2_e,0.694929,
Freight Transport,Heavy Goods Vehicles,2010-2015 Fleet,"HGV diesel: 12,000 - 15,000 kg",km,f839b9c4-5a7c-4ab1-9a32-b8efc2f8c3db:2,"HGV diesel: 12,000 - 15,000 kg",,GHG_CH4_KGCO2_e,0.00117129,
Freight Transport,Heavy Goods Vehicles,2010-2015 Fleet,"HGV diesel: 12,000 - 15,000 kg",km,f839b9c4-5a7c-4ab1-9a32-b8efc2f8c3db:2,"HGV diesel: 12,000 - 15,000 kg",,GHG_CO2_KGCO2_e,0.780192,
Freight Transport,Heavy Goods Vehicles,2010-2015 Fleet,"HGV diesel: 12,000 - 15,000 kg",km,f839b9c4-5a7c-4ab1-9a32-b8efc2f8c3db:2,"HGV diesel: 12,000 - 15,000 kg",,GHG_N2O_KGCO2_e,0.0110854,
Freight Transport,Heavy Goods Vehicles,2010-2015 Fleet,"HGV diesel: 12,000 - 15,000 kg",km,f839b9c4-5a7c-4ab1-9a32-b8efc2f8c3db:2,"HGV diesel: 12,000 - 15,000 kg",,GHG_TOTAL_KGCO2_e,0.792448,
Freight Transport,Heavy Goods Vehicles,2010-2015 Fleet,"HGV diesel: 15,000 - 20,000 kg",km,d875f38f-2fa0-4df0-b3f7-9e5b5a139b7f:2,"HGV diesel: 15,000 - 20,000 kg",,GHG_CH4_KGCO2_e,0.00140547,
Freight Transport,Heavy Goods Vehicles,2010-2015 Fleet,"HGV diesel: 15,000 - 20,000 kg",km,d875f38f-2fa0-4df0-b3f7-9e5b5a139b7f:2,"HGV diesel: 15,000 - 20,000 kg",,GHG_CO2_KGCO2_e,0.936178,
Freight Transport,Heavy Goods Vehicles,2010-2015 Fleet,"HGV diesel: 15,000 - 20,000 kg",km,d875f38f-2fa0-4df0-b3f7-9e5b5a139b7f:2,"HGV diesel: 15,000 - 20,000 kg",,GHG_N2O_KGCO2_e,0.0133017,
Freight Transport,Heavy Goods Vehicles,2010-2015 Fleet,"HGV diesel: 15,000 - 20,000 kg",km,d875f38f-2fa0-4df0-b3f7-9e5b5a139b7f:2,"HGV diesel: 15,000 - 20,000 kg",,GHG_TOTAL_KGCO2_e,0.950885,
Freight Transport,Heavy Goods Vehicles,2010-2015 Fleet,"HGV diesel: 20,000 - 25,000 kg",km,f177bc19-9e47-4d14-bc99-af6f9ee72a08:2,"HGV diesel: 20,000 - 25,000 kg",,GHG_CH4_KGCO2_e,0.00187066,
Freight Transport,Heavy Goods Vehicles,2010-2015 Fleet,"HGV diesel: 20,000 - 25,000 kg",km,f177bc19-9e47-4d14-bc99-af6f9ee72a08:2,"HGV diesel: 20,000 - 25,000 kg",,GHG_CO2_KGCO2_e,1.24604,
Freight Transport,Heavy Goods Vehicles,2010-2015 Fleet,"HGV diesel: 20,000 - 25,000 kg",km,f177bc19-9e47-4d14-bc99-af6f9ee72a08:2,"HGV diesel: 20,000 - 25,000 kg",,GHG_N2O_KGCO2_e,0.0177045,
Freight Transport,Heavy Goods Vehicles,2010-2015 Fleet,"HGV diesel: 20,000 - 25,000 kg",km,f177bc19-9e47-4d14-bc99-af6f9ee72a08:2,"HGV diesel: 20,000 - 25,000 kg",,GHG_TOTAL_KGCO2_e,1.26562,
Freight Transport,Heavy Goods Vehicles,2010-2015 Fleet,"HGV diesel: 25,000 - 30,000 kg",km,496cbade-16e2-4295-9b3d-7308f39bf68c:2,"HGV diesel: 25,000 - 30,000 kg",,GHG_CH4_KGCO2_e,0.00208905,
Freight Transport,Heavy Goods Vehicles,2010-2015 Fleet,"HGV diesel: 25,000 - 30,000 kg",km,496cbade-16e2-4295-9b3d-7308f39bf68c:2,"HGV diesel: 25,000 - 30,000 kg",,GHG_CO2_KGCO2_e,1.39151,
Freight Transport,Heavy Goods Vehicles,2010-2015 Fleet,"HGV diesel: 25,000 - 30,000 kg",km,496cbade-16e2-4295-9b3d-7308f39bf68c:2,"HGV diesel: 25,000 - 30,000 kg",,GHG_N2O_KGCO2_e,0.0197713,
Freight Transport,Heavy Goods Vehicles,2010-2015 Fleet,"HGV diesel: 25,000 - 30,000 kg",km,496cbade-16e2-4295-9b3d-7308f39bf68c:2,"HGV diesel: 25,000 - 30,000 kg",,GHG_TOTAL_KGCO2_e,1.41337,
Freight Transport,Heavy Goods Vehicles,2010-2015 Fleet,"HGV diesel: 5,000 - 7,500 kg",km,e4c2a8f6-9dee-4835-83e8-cda3765131a2:2,"HGV diesel: 5,000 - 7,500 kg",,GHG_CH4_KGCO2_e,0.000711223,
Freight Transport,Heavy Goods Vehicles,2010-2015 Fleet,"HGV diesel: 5,000 - 7,500 kg",km,e4c2a8f6-9dee-4835-83e8-cda3765131a2:2,"HGV diesel: 5,000 - 7,500 kg",,GHG_CO2_KGCO2_e,0.473744,
Freight Transport,Heavy Goods Vehicles,2010-2015 Fleet,"HGV diesel: 5,000 - 7,500 kg",km,e4c2a8f6-9dee-4835-83e8-cda3765131a2:2,"HGV diesel: 5,000 - 7,500 kg",,GHG_N2O_KGCO2_e,0.00673122,
Freight Transport,Heavy Goods Vehicles,2010-2015 Fleet,"HGV diesel: 5,000 - 7,500 kg",km,e4c2a8f6-9dee-4835-83e8-cda3765131a2:2,"HGV diesel: 5,000 - 7,500 kg",,GHG_TOTAL_KGCO2_e,0.481187,
Freight Transport,Heavy Goods Vehicles,2010-2015 Fleet,"HGV diesel: 7,500 - 10,000 kg",km,b296ab02-2240-40bf-90d4-5caeadfeb553:2,"HGV diesel: 7,500 - 10,000 kg",,GHG_CH4_KGCO2_e,0.000869185,
Freight Transport,Heavy Goods Vehicles,2010-2015 Fleet,"HGV diesel: 7,500 - 10,000 kg",km,b296ab02-2240-40bf-90d4-5caeadfeb553:2,"HGV diesel: 7,500 - 10,000 kg",,GHG_CO2_KGCO2_e,0.578962,
Freight Transport,Heavy Goods Vehicles,2010-2015 Fleet,"HGV diesel: 7,500 - 10,000 kg",km,b296ab02-2240-40bf-90d4-5caeadfeb553:2,"HGV diesel: 7,500 - 10,000 kg",,GHG_N2O_KGCO2_e,0.00822621,
Freight Transport,Heavy Goods Vehicles,2010-2015 Fleet,"HGV diesel: 7,500 - 10,000 kg",km,b296ab02-2240-40bf-90d4-5caeadfeb553:2,"HGV diesel: 7,500 - 10,000 kg",,GHG_TOTAL_KGCO2_e,0.588058,
Freight Transport,Heavy Goods Vehicles,2010-2015 Fleet,"HGV diesel: <5,000 kg",km,76d006f1-2b34-493a-ba28-b5d2b0c5c4be:2,"HGV diesel: <5,000 kg",,GHG_CH4_KGCO2_e,0.00062079,
Freight Transport,Heavy Goods Vehicles,2010-2015 Fleet,"HGV diesel: <5,000 kg",km,76d006f1-2b34-493a-ba28-b5d2b0c5c4be:2,"HGV diesel: <5,000 kg",,GHG_CO2_KGCO2_e,0.413507,
Freight Transport,Heavy Goods Vehicles,2010-2015 Fleet,"HGV diesel: <5,000 kg",km,76d006f1-2b34-493a-ba28-b5d2b0c5c4be:2,"HGV diesel: <5,000 kg",,GHG_N2O_KGCO2_e,0.00587533,
Freight Transport,Heavy Goods Vehicles,2010-2015 Fleet,"HGV diesel: <5,000 kg",km,76d006f1-2b34-493a-ba28-b5d2b0c5c4be:2,"HGV diesel: <5,000 kg",,GHG_TOTAL_KGCO2_e,0.420003,
Freight Transport,Heavy Goods Vehicles,2010-2015 Fleet,"HGV diesel: >=30,000 kg",km,ba82448b-cc09-4ada-8c66-69dc3613f128:2,"HGV diesel: >=30,000 kg",,GHG_CH4_KGCO2_e,0.0022008,
Freight Transport,Heavy Goods Vehicles,2010-2015 Fleet,"HGV diesel: >=30,000 kg",km,ba82448b-cc09-4ada-8c66-69dc3613f128:2,"HGV diesel: >=30,000 kg",,GHG_CO2_KGCO2_e,1.46595,
Freight Transport,Heavy Goods Vehicles,2010-2015 Fleet,"HGV diesel: >=30,000 kg",km,ba82448b-cc09-4ada-8c66-69dc3613f128:2,"HGV diesel: >=30,000 kg",,GHG_N2O_KGCO2_e,0.020829,
Freight Transport,Heavy Goods Vehicles,2010-2015 Fleet,"HGV diesel: >=30,000 kg",km,ba82448b-cc09-4ada-8c66-69dc3613f128:2,"HGV diesel: >=30,000 kg",,GHG_TOTAL_KGCO2_e,1.48898,
Freight Transport,Heavy Goods Vehicles,Heavy Goods Vehicle Defaults,HGV Diesel,km,82a0f698-ac67-4988-bf5d-87275ff65125,HGV Diesel,"Average of < 5,000 and 5,000-7,500 kg class",GHG_CH4_KGCO2_e,0.000701548,Unknown
Freight Transport,Heavy Goods Vehicles,Heavy Goods Vehicle Defaults,HGV Diesel,km,82a0f698-ac67-4988-bf5d-87275ff65125,HGV Diesel,"Average of < 5,000 and 5,000-7,500 kg class",GHG_CO2_KGCO2_e,0.4673,Unknown
Freight Transport,Heavy Goods Vehicles,Heavy Goods Vehicle Defaults,HGV Diesel,km,82a0f698-ac67-4988-bf5d-87275ff65125,HGV Diesel,"Average of < 5,000 and 5,000-7,500 kg class",GHG_N2O_KGCO2_e,0.00663965,Unknown
Freight Transport,Heavy Goods Vehicles,Heavy Goods Vehicle Defaults,HGV Diesel,km,82a0f698-ac67-4988-bf5d-87275ff65125,HGV Diesel,"Average of < 5,000 and 5,000-7,500 kg class",GHG_TOTAL_KGCO2_e,0.474641,Unknown
Freight Transport,Heavy Goods Vehicles,Heavy Goods Vehicle Defaults,HGV Diesel Hybrid,km,0faa09ef-5190-47bf-a570-b87ce5fbf152,HGV Diesel Hybrid,"Average of < 5,000 and 5,000-7,500 kg class",GHG_CH4_KGCO2_e,0.000565503,Unknown
Freight Transport,Heavy Goods Vehicles,Heavy Goods Vehicle Defaults,HGV Diesel Hybrid,km,0faa09ef-5190-47bf-a570-b87ce5fbf152,HGV Diesel Hybrid,"Average of < 5,000 and 5,000-7,500 kg class",GHG_CO2_KGCO2_e,0.376681,Unknown
Freight Transport,Heavy Goods Vehicles,Heavy Goods Vehicle Defaults,HGV Diesel Hybrid,km,0faa09ef-5190-47bf-a570-b87ce5fbf152,HGV Diesel Hybrid,"Average of < 5,000 and 5,000-7,500 kg class",GHG_N2O_KGCO2_e,0.00535208,Unknown
Freight Transport,Heavy Goods Vehicles,Heavy Goods Vehicle Defaults,HGV Diesel Hybrid,km,0faa09ef-5190-47bf-a570-b87ce5fbf152,HGV Diesel Hybrid,"Average of < 5,000 and 5,000-7,500 kg class",GHG_TOTAL_KGCO2_e,0.382598,Unknown
Freight Transport,Heavy Goods Vehicles,Post 2015 Fleet,"HGV BEV: 10,000 - 12,000 kg",km,3dc92930-63b6-4cd8-8fae-8cdeff897f19:2,"HGV BEV: 10,000 - 12,000 kg",,GHG_CH4_KGCO2_e,0.0021218,
Freight Transport,Heavy Goods Vehicles,Post 2015 Fleet,"HGV BEV: 10,000 - 12,000 kg",km,3dc92930-63b6-4cd8-8fae-8cdeff897f19:2,"HGV BEV: 10,000 - 12,000 kg",,GHG_CO2_KGCO2_e,0.0671065,
Freight Transport,Heavy Goods Vehicles,Post 2015 Fleet,"HGV BEV: 10,000 - 12,000 kg",km,3dc92930-63b6-4cd8-8fae-8cdeff897f19:2,"HGV BEV: 10,000 - 12,000 kg",,GHG_N2O_KGCO2_e,0.000108237,
Freight Transport,Heavy Goods Vehicles,Post 2015 Fleet,"HGV BEV: 10,000 - 12,000 kg",km,3dc92930-63b6-4cd8-8fae-8cdeff897f19:2,"HGV BEV: 10,000 - 12,000 kg",,GHG_TOTAL_KGCO2_e,0.0693365,
Freight Transport,Heavy Goods Vehicles,Post 2015 Fleet,"HGV BEV: 12,000 - 15,000 kg",km,966afaf1-7473-40e0-8839-a3c2aceb1cbd:2,"HGV BEV: 12,000 - 15,000 kg",,GHG_CH4_KGCO2_e,0.00238075,
Freight Transport,Heavy Goods Vehicles,Post 2015 Fleet,"HGV BEV: 12,000 - 15,000 kg",km,966afaf1-7473-40e0-8839-a3c2aceb1cbd:2,"HGV BEV: 12,000 - 15,000 kg",,GHG_CO2_KGCO2_e,0.0752962,
Freight Transport,Heavy Goods Vehicles,Post 2015 Fleet,"HGV BEV: 12,000 - 15,000 kg",km,966afaf1-7473-40e0-8839-a3c2aceb1cbd:2,"HGV BEV: 12,000 - 15,000 kg",,GHG_N2O_KGCO2_e,0.000121446,
Freight Transport,Heavy Goods Vehicles,Post 2015 Fleet,"HGV BEV: 12,000 - 15,000 kg",km,966afaf1-7473-40e0-8839-a3c2aceb1cbd:2,"HGV BEV: 12,000 - 15,000 kg",,GHG_TOTAL_KGCO2_e,0.0777984,
Freight Transport,Heavy Goods Vehicles,Post 2015 Fleet,"HGV BEV: 5,000 - 7,500 kg",km,327000b4-f9dd-4c23-be7e-4ca7e964b303:2,"HGV BEV: 5,000 - 7,500 kg",,GHG_CH4_KGCO2_e,0.001288,
Freight Transport,Heavy Goods Vehicles,Post 2015 Fleet,"HGV BEV: 5,000 - 7,500 kg",km,327000b4-f9dd-4c23-be7e-4ca7e964b303:2,"HGV BEV: 5,000 - 7,500 kg",,GHG_CO2_KGCO2_e,0.0407356,
Freight Transport,Heavy Goods Vehicles,Post 2015 Fleet,"HGV BEV: 5,000 - 7,500 kg",km,327000b4-f9dd-4c23-be7e-4ca7e964b303:2,"HGV BEV: 5,000 - 7,500 kg",,GHG_N2O_KGCO2_e,0.0000657028,
Freight Transport,Heavy Goods Vehicles,Post 2015 Fleet,"HGV BEV: 5,000 - 7,500 kg",km,327000b4-f9dd-4c23-be7e-4ca7e964b303:2,"HGV BEV: 5,000 - 7,500 kg",,GHG_TOTAL_KGCO2_e,0.0420893,
Freight Transport,Heavy Goods Vehicles,Post 2015 Fleet,"HGV BEV: 7,500 - 10,000 kg",km,bc6b63c0-a6f9-4595-aef2-ab52e89fe55b:2,"HGV BEV: 7,500 - 10,000 kg",,GHG_CH4_KGCO2_e,0.00157491,
Freight Transport,Heavy Goods Vehicles,Post 2015 Fleet,"HGV BEV: 7,500 - 10,000 kg",km,bc6b63c0-a6f9-4595-aef2-ab52e89fe55b:2,"HGV BEV: 7,500 - 10,000 kg",,GHG_CO2_KGCO2_e,0.0498098,
Freight Transport,Heavy Goods Vehicles,Post 2015 Fleet,"HGV BEV: 7,500 - 10,000 kg",km,bc6b63c0-a6f9-4595-aef2-ab52e89fe55b:2,"HGV BEV: 7,500 - 10,000 kg",,GHG_N2O_KGCO2_e,0.0000803387,
Freight Transport,Heavy Goods Vehicles,Post 2015 Fleet,"HGV BEV: 7,500 - 10,000 kg",km,bc6b63c0-a6f9-4595-aef2-ab52e89fe55b:2,"HGV BEV: 7,500 - 10,000 kg",,GHG_TOTAL_KGCO2_e,0.051465,
Freight Transport,Heavy Goods Vehicles,Post 2015 Fleet,"HGV BEV: <5,000 kg",km,a1ebef54-75f1-481d-89dc-9636370b2ffb:2,"HGV BEV: <5,000 kg",,GHG_CH4_KGCO2_e,0.00112434,
Freight Transport,Heavy Goods Vehicles,Post 2015 Fleet,"HGV BEV: <5,000 kg",km,a1ebef54-75f1-481d-89dc-9636370b2ffb:2,"HGV BEV: <5,000 kg",,GHG_CO2_KGCO2_e,0.0355597,
Freight Transport,Heavy Goods Vehicles,Post 2015 Fleet,"HGV BEV: <5,000 kg",km,a1ebef54-75f1-481d-89dc-9636370b2ffb:2,"HGV BEV: <5,000 kg",,GHG_N2O_KGCO2_e,0.0000573546,
Freight Transport,Heavy Goods Vehicles,Post 2015 Fleet,"HGV BEV: <5,000 kg",km,a1ebef54-75f1-481d-89dc-9636370b2ffb:2,"HGV BEV: <5,000 kg",,GHG_TOTAL_KGCO2_e,0.0367414,
Freight Transport,Heavy Goods Vehicles,Post 2015 Fleet,"HGV diesel hybrid: 10,000 - 12,000 kg",km,b504f945-7fa1-4763-8913-da02cd3fa900:3,"HGV diesel hybrid: 10,000 - 12,000 kg",,GHG_CH4_KGCO2_e,0.000809554,
Freight Transport,Heavy Goods Vehicles,Post 2015 Fleet,"HGV diesel hybrid: 10,000 - 12,000 kg",km,b504f945-7fa1-4763-8913-da02cd3fa900:3,"HGV diesel hybrid: 10,000 - 12,000 kg",,GHG_CO2_KGCO2_e,0.539242,
Freight Transport,Heavy Goods Vehicles,Post 2015 Fleet,"HGV diesel hybrid: 10,000 - 12,000 kg",km,b504f945-7fa1-4763-8913-da02cd3fa900:3,"HGV diesel hybrid: 10,000 - 12,000 kg",,GHG_N2O_KGCO2_e,0.00766185,
Freight Transport,Heavy Goods Vehicles,Post 2015 Fleet,"HGV diesel hybrid: 10,000 - 12,000 kg",km,b504f945-7fa1-4763-8913-da02cd3fa900:3,"HGV diesel hybrid: 10,000 - 12,000 kg",,GHG_TOTAL_KGCO2_e,0.547714,
Freight Transport,Heavy Goods Vehicles,Post 2015 Fleet,"HGV diesel hybrid: 12,000 - 15,000 kg",km,5784b66e-a93a-41c1-a75d-8af703cc1cd8:3,"HGV diesel hybrid: 12,000 - 15,000 kg",,GHG_CH4_KGCO2_e,0.000920128,
Freight Transport,Heavy Goods Vehicles,Post 2015 Fleet,"HGV diesel hybrid: 12,000 - 15,000 kg",km,5784b66e-a93a-41c1-a75d-8af703cc1cd8:3,"HGV diesel hybrid: 12,000 - 15,000 kg",,GHG_CO2_KGCO2_e,0.612895,
Freight Transport,Heavy Goods Vehicles,Post 2015 Fleet,"HGV diesel hybrid: 12,000 - 15,000 kg",km,5784b66e-a93a-41c1-a75d-8af703cc1cd8:3,"HGV diesel hybrid: 12,000 - 15,000 kg",,GHG_N2O_KGCO2_e,0.00870835,
Freight Transport,Heavy Goods Vehicles,Post 2015 Fleet,"HGV diesel hybrid: 12,000 - 15,000 kg",km,5784b66e-a93a-41c1-a75d-8af703cc1cd8:3,"HGV diesel hybrid: 12,000 - 15,000 kg",,GHG_TOTAL_KGCO2_e,0.622524,
Freight Transport,Heavy Goods Vehicles,Post 2015 Fleet,"HGV diesel hybrid: 15,000 - 20,000 kg",km,a89c94e4-79c8-4d11-9675-7f4f141adf1c:3,"HGV diesel hybrid: 15,000 - 20,000 kg",,GHG_CH4_KGCO2_e,0.00127436,
Freight Transport,Heavy Goods Vehicles,Post 2015 Fleet,"HGV diesel hybrid: 15,000 - 20,000 kg",km,a89c94e4-79c8-4d11-9675-7f4f141adf1c:3,"HGV diesel hybrid: 15,000 - 20,000 kg",,GHG_CO2_KGCO2_e,0.848847,
Freight Transport,Heavy Goods Vehicles,Post 2015 Fleet,"HGV diesel hybrid: 15,000 - 20,000 kg",km,a89c94e4-79c8-4d11-9675-7f4f141adf1c:3,"HGV diesel hybrid: 15,000 - 20,000 kg",,GHG_N2O_KGCO2_e,0.0120609,
Freight Transport,Heavy Goods Vehicles,Post 2015 Fleet,"HGV diesel hybrid: 15,000 - 20,000 kg",km,a89c94e4-79c8-4d11-9675-7f4f141adf1c:3,"HGV diesel hybrid: 15,000 - 20,000 kg",,GHG_TOTAL_KGCO2_e,0.862182,
Freight Transport,Heavy Goods Vehicles,Post 2015 Fleet,"HGV diesel hybrid: 20,000 - 25,000 kg",km,5a127d1e-49b2-446b-9950-53f3c7f13989:3,"HGV diesel hybrid: 20,000 - 25,000 kg",,GHG_CH4_KGCO2_e,0.00169651,
Freight Transport,Heavy Goods Vehicles,Post 2015 Fleet,"HGV diesel hybrid: 20,000 - 25,000 kg",km,5a127d1e-49b2-446b-9950-53f3c7f13989:3,"HGV diesel hybrid: 20,000 - 25,000 kg",,GHG_CO2_KGCO2_e,1.13004,
Freight Transport,Heavy Goods Vehicles,Post 2015 Fleet,"HGV diesel hybrid: 20,000 - 25,000 kg",km,5a127d1e-49b2-446b-9950-53f3c7f13989:3,"HGV diesel hybrid: 20,000 - 25,000 kg",,GHG_N2O_KGCO2_e,0.0160563,
Freight Transport,Heavy Goods Vehicles,Post 2015 Fleet,"HGV diesel hybrid: 20,000 - 25,000 kg",km,5a127d1e-49b2-446b-9950-53f3c7f13989:3,"HGV diesel hybrid: 20,000 - 25,000 kg",,GHG_TOTAL_KGCO2_e,1.14779,
Freight Transport,Heavy Goods Vehicles,Post 2015 Fleet,"HGV diesel hybrid: 25,000 - 30,000 kg",km,debe9c87-fe58-4b37-842b-a17fd1ae8063:3,"HGV diesel hybrid: 25,000 - 30,000 kg",,GHG_CH4_KGCO2_e,0.00195873,
Freight Transport,Heavy Goods Vehicles,Post 2015 Fleet,"HGV diesel hybrid: 25,000 - 30,000 kg",km,debe9c87-fe58-4b37-842b-a17fd1ae8063:3,"HGV diesel hybrid: 25,000 - 30,000 kg",,GHG_CO2_KGCO2_e,1.3047,
Freight Transport,Heavy Goods Vehicles,Post 2015 Fleet,"HGV diesel hybrid: 25,000 - 30,000 kg",km,debe9c87-fe58-4b37-842b-a17fd1ae8063:3,"HGV diesel hybrid: 25,000 - 30,000 kg",,GHG_N2O_KGCO2_e,0.0185379,
Freight Transport,Heavy Goods Vehicles,Post 2015 Fleet,"HGV diesel hybrid: 25,000 - 30,000 kg",km,debe9c87-fe58-4b37-842b-a17fd1ae8063:3,"HGV diesel hybrid: 25,000 - 30,000 kg",,GHG_TOTAL_KGCO2_e,1.3252,
Freight Transport,Heavy Goods Vehicles,Post 2015 Fleet,"HGV diesel hybrid: 5,000 - 7,500 kg",km,c2c959e7-e9c5-4490-afba-76747e00167f:3,"HGV diesel hybrid: 5,000 - 7,500 kg",,GHG_CH4_KGCO2_e,0.000558395,
Freight Transport,Heavy Goods Vehicles,Post 2015 Fleet,"HGV diesel hybrid: 5,000 - 7,500 kg",km,c2c959e7-e9c5-4490-afba-76747e00167f:3,"HGV diesel hybrid: 5,000 - 7,500 kg",,GHG_CO2_KGCO2_e,0.371946,
Freight Transport,Heavy Goods Vehicles,Post 2015 Fleet,"HGV diesel hybrid: 5,000 - 7,500 kg",km,c2c959e7-e9c5-4490-afba-76747e00167f:3,"HGV diesel hybrid: 5,000 - 7,500 kg",,GHG_N2O_KGCO2_e,0.00528481,
Freight Transport,Heavy Goods Vehicles,Post 2015 Fleet,"HGV diesel hybrid: 5,000 - 7,500 kg",km,c2c959e7-e9c5-4490-afba-76747e00167f:3,"HGV diesel hybrid: 5,000 - 7,500 kg",,GHG_TOTAL_KGCO2_e,0.377789,
Freight Transport,Heavy Goods Vehicles,Post 2015 Fleet,"HGV diesel hybrid: 7,500 - 10,000 kg",km,4cdb99d4-36ec-495f-bfef-c99fdf6eb6da:3,"HGV diesel hybrid: 7,500 - 10,000 kg",,GHG_CH4_KGCO2_e,0.00068279,
Freight Transport,Heavy Goods Vehicles,Post 2015 Fleet,"HGV diesel hybrid: 7,500 - 10,000 kg",km,4cdb99d4-36ec-495f-bfef-c99fdf6eb6da:3,"HGV diesel hybrid: 7,500 - 10,000 kg",,GHG_CO2_KGCO2_e,0.454805,
Freight Transport,Heavy Goods Vehicles,Post 2015 Fleet,"HGV diesel hybrid: 7,500 - 10,000 kg",km,4cdb99d4-36ec-495f-bfef-c99fdf6eb6da:3,"HGV diesel hybrid: 7,500 - 10,000 kg",,GHG_N2O_KGCO2_e,0.00646212,
Freight Transport,Heavy Goods Vehicles,Post 2015 Fleet,"HGV diesel hybrid: 7,500 - 10,000 kg",km,4cdb99d4-36ec-495f-bfef-c99fdf6eb6da:3,"HGV diesel hybrid: 7,500 - 10,000 kg",,GHG_TOTAL_KGCO2_e,0.46195,
Freight Transport,Heavy Goods Vehicles,Post 2015 Fleet,"HGV diesel hybrid: <5,000 kg",km,3ff399bd-f6c5-4ab8-abfb-59bb87dcb0c7:3,"HGV diesel hybrid: <5,000 kg",,GHG_CH4_KGCO2_e,0.000487312,
Freight Transport,Heavy Goods Vehicles,Post 2015 Fleet,"HGV diesel hybrid: <5,000 kg",km,3ff399bd-f6c5-4ab8-abfb-59bb87dcb0c7:3,"HGV diesel hybrid: <5,000 kg",,GHG_CO2_KGCO2_e,0.324598,
Freight Transport,Heavy Goods Vehicles,Post 2015 Fleet,"HGV diesel hybrid: <5,000 kg",km,3ff399bd-f6c5-4ab8-abfb-59bb87dcb0c7:3,"HGV diesel hybrid: <5,000 kg",,GHG_N2O_KGCO2_e,0.00461206,
Freight Transport,Heavy Goods Vehicles,Post 2015 Fleet,"HGV diesel hybrid: <5,000 kg",km,3ff399bd-f6c5-4ab8-abfb-59bb87dcb0c7:3,"HGV diesel hybrid: <5,000 kg",,GHG_TOTAL_KGCO2_e,0.329697,
Freight Transport,Heavy Goods Vehicles,Post 2015 Fleet,"HGV diesel hybrid: >=30,000 kg",km,abd3a309-203b-468a-908c-3cd584dcd0c9:3,"HGV diesel hybrid: >=30,000 kg",,GHG_CH4_KGCO2_e,0.00206377,
Freight Transport,Heavy Goods Vehicles,Post 2015 Fleet,"HGV diesel hybrid: >=30,000 kg",km,abd3a309-203b-468a-908c-3cd584dcd0c9:3,"HGV diesel hybrid: >=30,000 kg",,GHG_CO2_KGCO2_e,1.37467,
Freight Transport,Heavy Goods Vehicles,Post 2015 Fleet,"HGV diesel hybrid: >=30,000 kg",km,abd3a309-203b-468a-908c-3cd584dcd0c9:3,"HGV diesel hybrid: >=30,000 kg",,GHG_N2O_KGCO2_e,0.0195321,
Freight Transport,Heavy Goods Vehicles,Post 2015 Fleet,"HGV diesel hybrid: >=30,000 kg",km,abd3a309-203b-468a-908c-3cd584dcd0c9:3,"HGV diesel hybrid: >=30,000 kg",,GHG_TOTAL_KGCO2_e,1.39627,
Freight Transport,Heavy Goods Vehicles,Post 2015 Fleet,"HGV diesel: 10,000 - 12,000 kg",km,b54d662b-cc8a-4a1e-886f-ab5c8b1bb725:3,"HGV diesel: 10,000 - 12,000 kg",,GHG_CH4_KGCO2_e,0.0010153,
Freight Transport,Heavy Goods Vehicles,Post 2015 Fleet,"HGV diesel: 10,000 - 12,000 kg",km,b54d662b-cc8a-4a1e-886f-ab5c8b1bb725:3,"HGV diesel: 10,000 - 12,000 kg",,GHG_CO2_KGCO2_e,0.676289,
Freight Transport,Heavy Goods Vehicles,Post 2015 Fleet,"HGV diesel: 10,000 - 12,000 kg",km,b54d662b-cc8a-4a1e-886f-ab5c8b1bb725:3,"HGV diesel: 10,000 - 12,000 kg",,GHG_N2O_KGCO2_e,0.00960909,
Freight Transport,Heavy Goods Vehicles,Post 2015 Fleet,"HGV diesel: 10,000 - 12,000 kg",km,b54d662b-cc8a-4a1e-886f-ab5c8b1bb725:3,"HGV diesel: 10,000 - 12,000 kg",,GHG_TOTAL_KGCO2_e,0.686913,
Freight Transport,Heavy Goods Vehicles,Post 2015 Fleet,"HGV diesel: 12,000 - 15,000 kg",km,f839b9c4-5a7c-4ab1-9a32-b8efc2f8c3db:3,"HGV diesel: 12,000 - 15,000 kg",,GHG_CH4_KGCO2_e,0.00115391,
Freight Transport,Heavy Goods Vehicles,Post 2015 Fleet,"HGV diesel: 12,000 - 15,000 kg",km,f839b9c4-5a7c-4ab1-9a32-b8efc2f8c3db:3,"HGV diesel: 12,000 - 15,000 kg",,GHG_CO2_KGCO2_e,0.768618,
Freight Transport,Heavy Goods Vehicles,Post 2015 Fleet,"HGV diesel: 12,000 - 15,000 kg",km,f839b9c4-5a7c-4ab1-9a32-b8efc2f8c3db:3,"HGV diesel: 12,000 - 15,000 kg",,GHG_N2O_KGCO2_e,0.0109209,
Freight Transport,Heavy Goods Vehicles,Post 2015 Fleet,"HGV diesel: 12,000 - 15,000 kg",km,f839b9c4-5a7c-4ab1-9a32-b8efc2f8c3db:3,"HGV diesel: 12,000 - 15,000 kg",,GHG_TOTAL_KGCO2_e,0.780693,
Freight Transport,Heavy Goods Vehicles,Post 2015 Fleet,"HGV diesel: 15,000 - 20,000 kg",km,d875f38f-2fa0-4df0-b3f7-9e5b5a139b7f:3,"HGV diesel: 15,000 - 20,000 kg",,GHG_CH4_KGCO2_e,0.00140191,
Freight Transport,Heavy Goods Vehicles,Post 2015 Fleet,"HGV diesel: 15,000 - 20,000 kg",km,d875f38f-2fa0-4df0-b3f7-9e5b5a139b7f:3,"HGV diesel: 15,000 - 20,000 kg",,GHG_CO2_KGCO2_e,0.93381,
Freight Transport,Heavy Goods Vehicles,Post 2015 Fleet,"HGV diesel: 15,000 - 20,000 kg",km,d875f38f-2fa0-4df0-b3f7-9e5b5a139b7f:3,"HGV diesel: 15,000 - 20,000 kg",,GHG_N2O_KGCO2_e,0.0132681,
Freight Transport,Heavy Goods Vehicles,Post 2015 Fleet,"HGV diesel: 15,000 - 20,000 kg",km,d875f38f-2fa0-4df0-b3f7-9e5b5a139b7f:3,"HGV diesel: 15,000 - 20,000 kg",,GHG_TOTAL_KGCO2_e,0.94848,
Freight Transport,Heavy Goods Vehicles,Post 2015 Fleet,"HGV diesel: 20,000 - 25,000 kg",km,f177bc19-9e47-4d14-bc99-af6f9ee72a08:3,"HGV diesel: 20,000 - 25,000 kg",,GHG_CH4_KGCO2_e,0.00186632,
Freight Transport,Heavy Goods Vehicles,Post 2015 Fleet,"HGV diesel: 20,000 - 25,000 kg",km,f177bc19-9e47-4d14-bc99-af6f9ee72a08:3,"HGV diesel: 20,000 - 25,000 kg",,GHG_CO2_KGCO2_e,1.24315,
Freight Transport,Heavy Goods Vehicles,Post 2015 Fleet,"HGV diesel: 20,000 - 25,000 kg",km,f177bc19-9e47-4d14-bc99-af6f9ee72a08:3,"HGV diesel: 20,000 - 25,000 kg",,GHG_N2O_KGCO2_e,0.0176634,
Freight Transport,Heavy Goods Vehicles,Post 2015 Fleet,"HGV diesel: 20,000 - 25,000 kg",km,f177bc19-9e47-4d14-bc99-af6f9ee72a08:3,"HGV diesel: 20,000 - 25,000 kg",,GHG_TOTAL_KGCO2_e,1.26268,
Freight Transport,Heavy Goods Vehicles,Post 2015 Fleet,"HGV diesel: 25,000 - 30,000 kg",km,496cbade-16e2-4295-9b3d-7308f39bf68c:3,"HGV diesel: 25,000 - 30,000 kg",,GHG_CH4_KGCO2_e,0.00208391,
Freight Transport,Heavy Goods Vehicles,Post 2015 Fleet,"HGV diesel: 25,000 - 30,000 kg",km,496cbade-16e2-4295-9b3d-7308f39bf68c:3,"HGV diesel: 25,000 - 30,000 kg",,GHG_CO2_KGCO2_e,1.38809,
Freight Transport,Heavy Goods Vehicles,Post 2015 Fleet,"HGV diesel: 25,000 - 30,000 kg",km,496cbade-16e2-4295-9b3d-7308f39bf68c:3,"HGV diesel: 25,000 - 30,000 kg",,GHG_N2O_KGCO2_e,0.0197227,
Freight Transport,Heavy Goods Vehicles,Post 2015 Fleet,"HGV diesel: 25,000 - 30,000 kg",km,496cbade-16e2-4295-9b3d-7308f39bf68c:3,"HGV diesel: 25,000 - 30,000 kg",,GHG_TOTAL_KGCO2_e,1.4099,
Freight Transport,Heavy Goods Vehicles,Post 2015 Fleet,"HGV diesel: 5,000 - 7,500 kg",km,e4c2a8f6-9dee-4835-83e8-cda3765131a2:3,"HGV diesel: 5,000 - 7,500 kg",,GHG_CH4_KGCO2_e,0.000700166,
Freight Transport,Heavy Goods Vehicles,Post 2015 Fleet,"HGV diesel: 5,000 - 7,500 kg",km,e4c2a8f6-9dee-4835-83e8-cda3765131a2:3,"HGV diesel: 5,000 - 7,500 kg",,GHG_CO2_KGCO2_e,0.466379,
Freight Transport,Heavy Goods Vehicles,Post 2015 Fleet,"HGV diesel: 5,000 - 7,500 kg",km,e4c2a8f6-9dee-4835-83e8-cda3765131a2:3,"HGV diesel: 5,000 - 7,500 kg",,GHG_N2O_KGCO2_e,0.00662657,
Freight Transport,Heavy Goods Vehicles,Post 2015 Fleet,"HGV diesel: 5,000 - 7,500 kg",km,e4c2a8f6-9dee-4835-83e8-cda3765131a2:3,"HGV diesel: 5,000 - 7,500 kg",,GHG_TOTAL_KGCO2_e,0.473706,
Freight Transport,Heavy Goods Vehicles,Post 2015 Fleet,"HGV diesel: 7,500 - 10,000 kg",km,b296ab02-2240-40bf-90d4-5caeadfeb553:3,"HGV diesel: 7,500 - 10,000 kg",,GHG_CH4_KGCO2_e,0.000856153,
Freight Transport,Heavy Goods Vehicles,Post 2015 Fleet,"HGV diesel: 7,500 - 10,000 kg",km,b296ab02-2240-40bf-90d4-5caeadfeb553:3,"HGV diesel: 7,500 - 10,000 kg",,GHG_CO2_KGCO2_e,0.570282,
Freight Transport,Heavy Goods Vehicles,Post 2015 Fleet,"HGV diesel: 7,500 - 10,000 kg",km,b296ab02-2240-40bf-90d4-5caeadfeb553:3,"HGV diesel: 7,500 - 10,000 kg",,GHG_N2O_KGCO2_e,0.00810288,
Freight Transport,Heavy Goods Vehicles,Post 2015 Fleet,"HGV diesel: 7,500 - 10,000 kg",km,b296ab02-2240-40bf-90d4-5caeadfeb553:3,"HGV diesel: 7,500 - 10,000 kg",,GHG_TOTAL_KGCO2_e,0.579241,
Freight Transport,Heavy Goods Vehicles,Post 2015 Fleet,"HGV diesel: <5,000 kg",km,76d006f1-2b34-493a-ba28-b5d2b0c5c4be:3,"HGV diesel: <5,000 kg",,GHG_CH4_KGCO2_e,0.000618421,
Freight Transport,Heavy Goods Vehicles,Post 2015 Fleet,"HGV diesel: <5,000 kg",km,76d006f1-2b34-493a-ba28-b5d2b0c5c4be:3,"HGV diesel: <5,000 kg",,GHG_CO2_KGCO2_e,0.411929,
Freight Transport,Heavy Goods Vehicles,Post 2015 Fleet,"HGV diesel: <5,000 kg",km,76d006f1-2b34-493a-ba28-b5d2b0c5c4be:3,"HGV diesel: <5,000 kg",,GHG_N2O_KGCO2_e,0.00585291,
Freight Transport,Heavy Goods Vehicles,Post 2015 Fleet,"HGV diesel: <5,000 kg",km,76d006f1-2b34-493a-ba28-b5d2b0c5c4be:3,"HGV diesel: <5,000 kg",,GHG_TOTAL_KGCO2_e,0.4184,
Freight Transport,Heavy Goods Vehicles,Post 2015 Fleet,"HGV diesel: >=30,000 kg",km,ba82448b-cc09-4ada-8c66-69dc3613f128:3,"HGV diesel: >=30,000 kg",,GHG_CH4_KGCO2_e,0.00219567,
Freight Transport,Heavy Goods Vehicles,Post 2015 Fleet,"HGV diesel: >=30,000 kg",km,ba82448b-cc09-4ada-8c66-69dc3613f128:3,"HGV diesel: >=30,000 kg",,GHG_CO2_KGCO2_e,1.46253,
Freight Transport,Heavy Goods Vehicles,Post 2015 Fleet,"HGV diesel: >=30,000 kg",km,ba82448b-cc09-4ada-8c66-69dc3613f128:3,"HGV diesel: >=30,000 kg",,GHG_N2O_KGCO2_e,0.0207804,
Freight Transport,Heavy Goods Vehicles,Post 2015 Fleet,"HGV diesel: >=30,000 kg",km,ba82448b-cc09-4ada-8c66-69dc3613f128:3,"HGV diesel: >=30,000 kg",,GHG_TOTAL_KGCO2_e,1.48551,
Freight Transport,Heavy Goods Vehicles,Pre 2010 Fleet,"HGV diesel hybrid: 10,000 - 12,000 kg",km,b504f945-7fa1-4763-8913-da02cd3fa900,"HGV diesel hybrid: 10,000 - 12,000 kg",,GHG_CH4_KGCO2_e,0.000875503,
Freight Transport,Heavy Goods Vehicles,Pre 2010 Fleet,"HGV diesel hybrid: 10,000 - 12,000 kg",km,b504f945-7fa1-4763-8913-da02cd3fa900,"HGV diesel hybrid: 10,000 - 12,000 kg",,GHG_CO2_KGCO2_e,0.583171,
Freight Transport,Heavy Goods Vehicles,Pre 2010 Fleet,"HGV diesel hybrid: 10,000 - 12,000 kg",km,b504f945-7fa1-4763-8913-da02cd3fa900,"HGV diesel hybrid: 10,000 - 12,000 kg",,GHG_N2O_KGCO2_e,0.00828601,
Freight Transport,Heavy Goods Vehicles,Pre 2010 Fleet,"HGV diesel hybrid: 10,000 - 12,000 kg",km,b504f945-7fa1-4763-8913-da02cd3fa900,"HGV diesel hybrid: 10,000 - 12,000 kg",,GHG_TOTAL_KGCO2_e,0.592333,
Freight Transport,Heavy Goods Vehicles,Pre 2010 Fleet,"HGV diesel hybrid: 12,000 - 15,000 kg",km,5784b66e-a93a-41c1-a75d-8af703cc1cd8,"HGV diesel hybrid: 12,000 - 15,000 kg",,GHG_CH4_KGCO2_e,0.000994765,
Freight Transport,Heavy Goods Vehicles,Pre 2010 Fleet,"HGV diesel hybrid: 12,000 - 15,000 kg",km,5784b66e-a93a-41c1-a75d-8af703cc1cd8,"HGV diesel hybrid: 12,000 - 15,000 kg",,GHG_CO2_KGCO2_e,0.662611,
Freight Transport,Heavy Goods Vehicles,Pre 2010 Fleet,"HGV diesel hybrid: 12,000 - 15,000 kg",km,5784b66e-a93a-41c1-a75d-8af703cc1cd8,"HGV diesel hybrid: 12,000 - 15,000 kg",,GHG_N2O_KGCO2_e,0.00941474,
Freight Transport,Heavy Goods Vehicles,Pre 2010 Fleet,"HGV diesel hybrid: 12,000 - 15,000 kg",km,5784b66e-a93a-41c1-a75d-8af703cc1cd8,"HGV diesel hybrid: 12,000 - 15,000 kg",,GHG_TOTAL_KGCO2_e,0.67302,
Freight Transport,Heavy Goods Vehicles,Pre 2010 Fleet,"HGV diesel hybrid: 15,000 - 20,000 kg",km,a89c94e4-79c8-4d11-9675-7f4f141adf1c,"HGV diesel hybrid: 15,000 - 20,000 kg",,GHG_CH4_KGCO2_e,0.00131069,
Freight Transport,Heavy Goods Vehicles,Pre 2010 Fleet,"HGV diesel hybrid: 15,000 - 20,000 kg",km,a89c94e4-79c8-4d11-9675-7f4f141adf1c,"HGV diesel hybrid: 15,000 - 20,000 kg",,GHG_CO2_KGCO2_e,0.873047,
Freight Transport,Heavy Goods Vehicles,Pre 2010 Fleet,"HGV diesel hybrid: 15,000 - 20,000 kg",km,a89c94e4-79c8-4d11-9675-7f4f141adf1c,"HGV diesel hybrid: 15,000 - 20,000 kg",,GHG_N2O_KGCO2_e,0.0124047,
Freight Transport,Heavy Goods Vehicles,Pre 2010 Fleet,"HGV diesel hybrid: 15,000 - 20,000 kg",km,a89c94e4-79c8-4d11-9675-7f4f141adf1c,"HGV diesel hybrid: 15,000 - 20,000 kg",,GHG_TOTAL_KGCO2_e,0.886762,
Freight Transport,Heavy Goods Vehicles,Pre 2010 Fleet,"HGV diesel hybrid: 20,000 - 25,000 kg",km,5a127d1e-49b2-446b-9950-53f3c7f13989,"HGV diesel hybrid: 20,000 - 25,000 kg",,GHG_CH4_KGCO2_e,0.00174469,
Freight Transport,Heavy Goods Vehicles,Pre 2010 Fleet,"HGV diesel hybrid: 20,000 - 25,000 kg",km,5a127d1e-49b2-446b-9950-53f3c7f13989,"HGV diesel hybrid: 20,000 - 25,000 kg",,GHG_CO2_KGCO2_e,1.16213,
Freight Transport,Heavy Goods Vehicles,Pre 2010 Fleet,"HGV diesel hybrid: 20,000 - 25,000 kg",km,5a127d1e-49b2-446b-9950-53f3c7f13989,"HGV diesel hybrid: 20,000 - 25,000 kg",,GHG_N2O_KGCO2_e,0.0165122,
Freight Transport,Heavy Goods Vehicles,Pre 2010 Fleet,"HGV diesel hybrid: 20,000 - 25,000 kg",km,5a127d1e-49b2-446b-9950-53f3c7f13989,"HGV diesel hybrid: 20,000 - 25,000 kg",,GHG_TOTAL_KGCO2_e,1.18039,
Freight Transport,Heavy Goods Vehicles,Pre 2010 Fleet,"HGV diesel hybrid: 25,000 - 30,000 kg",km,debe9c87-fe58-4b37-842b-a17fd1ae8063,"HGV diesel hybrid: 25,000 - 30,000 kg",,GHG_CH4_KGCO2_e,0.0020148,
Freight Transport,Heavy Goods Vehicles,Pre 2010 Fleet,"HGV diesel hybrid: 25,000 - 30,000 kg",km,debe9c87-fe58-4b37-842b-a17fd1ae8063,"HGV diesel hybrid: 25,000 - 30,000 kg",,GHG_CO2_KGCO2_e,1.34206,
Freight Transport,Heavy Goods Vehicles,Pre 2010 Fleet,"HGV diesel hybrid: 25,000 - 30,000 kg",km,debe9c87-fe58-4b37-842b-a17fd1ae8063,"HGV diesel hybrid: 25,000 - 30,000 kg",,GHG_N2O_KGCO2_e,0.0190687,
Freight Transport,Heavy Goods Vehicles,Pre 2010 Fleet,"HGV diesel hybrid: 25,000 - 30,000 kg",km,debe9c87-fe58-4b37-842b-a17fd1ae8063,"HGV diesel hybrid: 25,000 - 30,000 kg",,GHG_TOTAL_KGCO2_e,1.36314,
Freight Transport,Heavy Goods Vehicles,Pre 2010 Fleet,"HGV diesel hybrid: 5,000 - 7,500 kg",km,c2c959e7-e9c5-4490-afba-76747e00167f,"HGV diesel hybrid: 5,000 - 7,500 kg",,GHG_CH4_KGCO2_e,0.000603809,
Freight Transport,Heavy Goods Vehicles,Pre 2010 Fleet,"HGV diesel hybrid: 5,000 - 7,500 kg",km,c2c959e7-e9c5-4490-afba-76747e00167f,"HGV diesel hybrid: 5,000 - 7,500 kg",,GHG_CO2_KGCO2_e,0.402196,
Freight Transport,Heavy Goods Vehicles,Pre 2010 Fleet,"HGV diesel hybrid: 5,000 - 7,500 kg",km,c2c959e7-e9c5-4490-afba-76747e00167f,"HGV diesel hybrid: 5,000 - 7,500 kg",,GHG_N2O_KGCO2_e,0.00571462,
Freight Transport,Heavy Goods Vehicles,Pre 2010 Fleet,"HGV diesel hybrid: 5,000 - 7,500 kg",km,c2c959e7-e9c5-4490-afba-76747e00167f,"HGV diesel hybrid: 5,000 - 7,500 kg",,GHG_TOTAL_KGCO2_e,0.408514,
Freight Transport,Heavy Goods Vehicles,Pre 2010 Fleet,"HGV diesel hybrid: 7,500 - 10,000 kg",km,4cdb99d4-36ec-495f-bfef-c99fdf6eb6da,"HGV diesel hybrid: 7,500 - 10,000 kg",,GHG_CH4_KGCO2_e,0.000738472,
Freight Transport,Heavy Goods Vehicles,Pre 2010 Fleet,"HGV diesel hybrid: 7,500 - 10,000 kg",km,4cdb99d4-36ec-495f-bfef-c99fdf6eb6da,"HGV diesel hybrid: 7,500 - 10,000 kg",,GHG_CO2_KGCO2_e,0.491894,
Freight Transport,Heavy Goods Vehicles,Pre 2010 Fleet,"HGV diesel hybrid: 7,500 - 10,000 kg",km,4cdb99d4-36ec-495f-bfef-c99fdf6eb6da,"HGV diesel hybrid: 7,500 - 10,000 kg",,GHG_N2O_KGCO2_e,0.00698911,
Freight Transport,Heavy Goods Vehicles,Pre 2010 Fleet,"HGV diesel hybrid: 7,500 - 10,000 kg",km,4cdb99d4-36ec-495f-bfef-c99fdf6eb6da,"HGV diesel hybrid: 7,500 - 10,000 kg",,GHG_TOTAL_KGCO2_e,0.499622,
Freight Transport,Heavy Goods Vehicles,Pre 2010 Fleet,"HGV diesel hybrid: <5,000 kg",km,3ff399bd-f6c5-4ab8-abfb-59bb87dcb0c7,"HGV diesel hybrid: <5,000 kg",,GHG_CH4_KGCO2_e,0.000527198,
Freight Transport,Heavy Goods Vehicles,Pre 2010 Fleet,"HGV diesel hybrid: <5,000 kg",km,3ff399bd-f6c5-4ab8-abfb-59bb87dcb0c7,"HGV diesel hybrid: <5,000 kg",,GHG_CO2_KGCO2_e,0.351165,
Freight Transport,Heavy Goods Vehicles,Pre 2010 Fleet,"HGV diesel hybrid: <5,000 kg",km,3ff399bd-f6c5-4ab8-abfb-59bb87dcb0c7,"HGV diesel hybrid: <5,000 kg",,GHG_N2O_KGCO2_e,0.00498955,
Freight Transport,Heavy Goods Vehicles,Pre 2010 Fleet,"HGV diesel hybrid: <5,000 kg",km,3ff399bd-f6c5-4ab8-abfb-59bb87dcb0c7,"HGV diesel hybrid: <5,000 kg",,GHG_TOTAL_KGCO2_e,0.356682,
Freight Transport,Heavy Goods Vehicles,Pre 2010 Fleet,"HGV diesel hybrid: >=30,000 kg",km,abd3a309-203b-468a-908c-3cd584dcd0c9,"HGV diesel hybrid: >=30,000 kg",,GHG_CH4_KGCO2_e,0.00212261,
Freight Transport,Heavy Goods Vehicles,Pre 2010 Fleet,"HGV diesel hybrid: >=30,000 kg",km,abd3a309-203b-468a-908c-3cd584dcd0c9,"HGV diesel hybrid: >=30,000 kg",,GHG_CO2_KGCO2_e,1.41387,
Freight Transport,Heavy Goods Vehicles,Pre 2010 Fleet,"HGV diesel hybrid: >=30,000 kg",km,abd3a309-203b-468a-908c-3cd584dcd0c9,"HGV diesel hybrid: >=30,000 kg",,GHG_N2O_KGCO2_e,0.020089,
Freight Transport,Heavy Goods Vehicles,Pre 2010 Fleet,"HGV diesel hybrid: >=30,000 kg",km,abd3a309-203b-468a-908c-3cd584dcd0c9,"HGV diesel hybrid: >=30,000 kg",,GHG_TOTAL_KGCO2_e,1.43608,
Freight Transport,Heavy Goods Vehicles,Pre 2010 Fleet,"HGV diesel: 10,000 - 12,000 kg",km,b54d662b-cc8a-4a1e-886f-ab5c8b1bb725,"HGV diesel: 10,000 - 12,000 kg",,GHG_CH4_KGCO2_e,0.00108638,
Freight Transport,Heavy Goods Vehicles,Pre 2010 Fleet,"HGV diesel: 10,000 - 12,000 kg",km,b54d662b-cc8a-4a1e-886f-ab5c8b1bb725,"HGV diesel: 10,000 - 12,000 kg",,GHG_CO2_KGCO2_e,0.723637,
Freight Transport,Heavy Goods Vehicles,Pre 2010 Fleet,"HGV diesel: 10,000 - 12,000 kg",km,b54d662b-cc8a-4a1e-886f-ab5c8b1bb725,"HGV diesel: 10,000 - 12,000 kg",,GHG_N2O_KGCO2_e,0.0102818,
Freight Transport,Heavy Goods Vehicles,Pre 2010 Fleet,"HGV diesel: 10,000 - 12,000 kg",km,b54d662b-cc8a-4a1e-886f-ab5c8b1bb725,"HGV diesel: 10,000 - 12,000 kg",,GHG_TOTAL_KGCO2_e,0.735005,
Freight Transport,Heavy Goods Vehicles,Pre 2010 Fleet,"HGV diesel: 12,000 - 15,000 kg",km,f839b9c4-5a7c-4ab1-9a32-b8efc2f8c3db,"HGV diesel: 12,000 - 15,000 kg",,GHG_CH4_KGCO2_e,0.00123447,
Freight Transport,Heavy Goods Vehicles,Pre 2010 Fleet,"HGV diesel: 12,000 - 15,000 kg",km,f839b9c4-5a7c-4ab1-9a32-b8efc2f8c3db,"HGV diesel: 12,000 - 15,000 kg",,GHG_CO2_KGCO2_e,0.822279,
Freight Transport,Heavy Goods Vehicles,Pre 2010 Fleet,"HGV diesel: 12,000 - 15,000 kg",km,f839b9c4-5a7c-4ab1-9a32-b8efc2f8c3db,"HGV diesel: 12,000 - 15,000 kg",,GHG_N2O_KGCO2_e,0.0116834,
Freight Transport,Heavy Goods Vehicles,Pre 2010 Fleet,"HGV diesel: 12,000 - 15,000 kg",km,f839b9c4-5a7c-4ab1-9a32-b8efc2f8c3db,"HGV diesel: 12,000 - 15,000 kg",,GHG_TOTAL_KGCO2_e,0.835197,
Freight Transport,Heavy Goods Vehicles,Pre 2010 Fleet,"HGV diesel: 15,000 - 20,000 kg",km,d875f38f-2fa0-4df0-b3f7-9e5b5a139b7f,"HGV diesel: 15,000 - 20,000 kg",,GHG_CH4_KGCO2_e,0.0014418,
Freight Transport,Heavy Goods Vehicles,Pre 2010 Fleet,"HGV diesel: 15,000 - 20,000 kg",km,d875f38f-2fa0-4df0-b3f7-9e5b5a139b7f,"HGV diesel: 15,000 - 20,000 kg",,GHG_CO2_KGCO2_e,0.960378,
Freight Transport,Heavy Goods Vehicles,Pre 2010 Fleet,"HGV diesel: 15,000 - 20,000 kg",km,d875f38f-2fa0-4df0-b3f7-9e5b5a139b7f,"HGV diesel: 15,000 - 20,000 kg",,GHG_N2O_KGCO2_e,0.0136456,
Freight Transport,Heavy Goods Vehicles,Pre 2010 Fleet,"HGV diesel: 15,000 - 20,000 kg",km,d875f38f-2fa0-4df0-b3f7-9e5b5a139b7f,"HGV diesel: 15,000 - 20,000 kg",,GHG_TOTAL_KGCO2_e,0.975465,
Freight Transport,Heavy Goods Vehicles,Pre 2010 Fleet,"HGV diesel: 20,000 - 25,000 kg",km,f177bc19-9e47-4d14-bc99-af6f9ee72a08,"HGV diesel: 20,000 - 25,000 kg",,GHG_CH4_KGCO2_e,0.00191963,
Freight Transport,Heavy Goods Vehicles,Pre 2010 Fleet,"HGV diesel: 20,000 - 25,000 kg",km,f177bc19-9e47-4d14-bc99-af6f9ee72a08,"HGV diesel: 20,000 - 25,000 kg",,GHG_CO2_KGCO2_e,1.27866,
Freight Transport,Heavy Goods Vehicles,Pre 2010 Fleet,"HGV diesel: 20,000 - 25,000 kg",km,f177bc19-9e47-4d14-bc99-af6f9ee72a08,"HGV diesel: 20,000 - 25,000 kg",,GHG_N2O_KGCO2_e,0.0181679,
Freight Transport,Heavy Goods Vehicles,Pre 2010 Fleet,"HGV diesel: 20,000 - 25,000 kg",km,f177bc19-9e47-4d14-bc99-af6f9ee72a08,"HGV diesel: 20,000 - 25,000 kg",,GHG_TOTAL_KGCO2_e,1.29875,
Freight Transport,Heavy Goods Vehicles,Pre 2010 Fleet,"HGV diesel: 25,000 - 30,000 kg",km,496cbade-16e2-4295-9b3d-7308f39bf68c,"HGV diesel: 25,000 - 30,000 kg",,GHG_CH4_KGCO2_e,0.00226201,
Freight Transport,Heavy Goods Vehicles,Pre 2010 Fleet,"HGV diesel: 25,000 - 30,000 kg",km,496cbade-16e2-4295-9b3d-7308f39bf68c,"HGV diesel: 25,000 - 30,000 kg",,GHG_CO2_KGCO2_e,1.50672,
Freight Transport,Heavy Goods Vehicles,Pre 2010 Fleet,"HGV diesel: 25,000 - 30,000 kg",km,496cbade-16e2-4295-9b3d-7308f39bf68c,"HGV diesel: 25,000 - 30,000 kg",,GHG_N2O_KGCO2_e,0.0214083,
Freight Transport,Heavy Goods Vehicles,Pre 2010 Fleet,"HGV diesel: 25,000 - 30,000 kg",km,496cbade-16e2-4295-9b3d-7308f39bf68c,"HGV diesel: 25,000 - 30,000 kg",,GHG_TOTAL_KGCO2_e,1.53039,
Freight Transport,Heavy Goods Vehicles,Pre 2010 Fleet,"HGV diesel: 5,000 - 7,500 kg",km,e4c2a8f6-9dee-4835-83e8-cda3765131a2,"HGV diesel: 5,000 - 7,500 kg",,GHG_CH4_KGCO2_e,0.000749134,
Freight Transport,Heavy Goods Vehicles,Pre 2010 Fleet,"HGV diesel: 5,000 - 7,500 kg",km,e4c2a8f6-9dee-4835-83e8-cda3765131a2,"HGV diesel: 5,000 - 7,500 kg",,GHG_CO2_KGCO2_e,0.498997,
Freight Transport,Heavy Goods Vehicles,Pre 2010 Fleet,"HGV diesel: 5,000 - 7,500 kg",km,e4c2a8f6-9dee-4835-83e8-cda3765131a2,"HGV diesel: 5,000 - 7,500 kg",,GHG_N2O_KGCO2_e,0.00709002,
Freight Transport,Heavy Goods Vehicles,Pre 2010 Fleet,"HGV diesel: 5,000 - 7,500 kg",km,e4c2a8f6-9dee-4835-83e8-cda3765131a2,"HGV diesel: 5,000 - 7,500 kg",,GHG_TOTAL_KGCO2_e,0.506836,
Freight Transport,Heavy Goods Vehicles,Pre 2010 Fleet,"HGV diesel: 7,500 - 10,000 kg",km,b296ab02-2240-40bf-90d4-5caeadfeb553,"HGV diesel: 7,500 - 10,000 kg",,GHG_CH4_KGCO2_e,0.000916179,
Freight Transport,Heavy Goods Vehicles,Pre 2010 Fleet,"HGV diesel: 7,500 - 10,000 kg",km,b296ab02-2240-40bf-90d4-5caeadfeb553,"HGV diesel: 7,500 - 10,000 kg",,GHG_CO2_KGCO2_e,0.610265,
Freight Transport,Heavy Goods Vehicles,Pre 2010 Fleet,"HGV diesel: 7,500 - 10,000 kg",km,b296ab02-2240-40bf-90d4-5caeadfeb553,"HGV diesel: 7,500 - 10,000 kg",,GHG_N2O_KGCO2_e,0.00867098,
Freight Transport,Heavy Goods Vehicles,Pre 2010 Fleet,"HGV diesel: 7,500 - 10,000 kg",km,b296ab02-2240-40bf-90d4-5caeadfeb553,"HGV diesel: 7,500 - 10,000 kg",,GHG_TOTAL_KGCO2_e,0.619852,
Freight Transport,Heavy Goods Vehicles,Pre 2010 Fleet,"HGV diesel: <5,000 kg",km,76d006f1-2b34-493a-ba28-b5d2b0c5c4be,"HGV diesel: <5,000 kg",,GHG_CH4_KGCO2_e,0.000653962,
Freight Transport,Heavy Goods Vehicles,Pre 2010 Fleet,"HGV diesel: <5,000 kg",km,76d006f1-2b34-493a-ba28-b5d2b0c5c4be,"HGV diesel: <5,000 kg",,GHG_CO2_KGCO2_e,0.435603,
Freight Transport,Heavy Goods Vehicles,Pre 2010 Fleet,"HGV diesel: <5,000 kg",km,76d006f1-2b34-493a-ba28-b5d2b0c5c4be,"HGV diesel: <5,000 kg",,GHG_N2O_KGCO2_e,0.00618928,
Freight Transport,Heavy Goods Vehicles,Pre 2010 Fleet,"HGV diesel: <5,000 kg",km,76d006f1-2b34-493a-ba28-b5d2b0c5c4be,"HGV diesel: <5,000 kg",,GHG_TOTAL_KGCO2_e,0.442446,
Freight Transport,Heavy Goods Vehicles,Pre 2010 Fleet,"HGV diesel: >=30,000 kg",km,ba82448b-cc09-4ada-8c66-69dc3613f128,"HGV diesel: >=30,000 kg",,GHG_CH4_KGCO2_e,0.00226201,
Freight Transport,Heavy Goods Vehicles,Pre 2010 Fleet,"HGV diesel: >=30,000 kg",km,ba82448b-cc09-4ada-8c66-69dc3613f128,"HGV diesel: >=30,000 kg",,GHG_CO2_KGCO2_e,1.50672,
Freight Transport,Heavy Goods Vehicles,Pre 2010 Fleet,"HGV diesel: >=30,000 kg",km,ba82448b-cc09-4ada-8c66-69dc3613f128,"HGV diesel: >=30,000 kg",,GHG_N2O_KGCO2_e,0.0214083,
Freight Transport,Heavy Goods Vehicles,Pre 2010 Fleet,"HGV diesel: >=30,000 kg",km,ba82448b-cc09-4ada-8c66-69dc3613f128,"HGV diesel: >=30,000 kg",,GHG_TOTAL_KGCO2_e,1.53039,
Freight Transport,International Sea Freight,International Sea Freight,Bulk carrier: 0-9999 dwt,tkm,68e3583c-4cc9-406b-a76f-b2c3b48d4807,Bulk carrier: 0-9999 dwt,,GHG_CH4_KGCO2_e,0.00001,Unknown
Freight Transport,International Sea Freight,International Sea Freight,Bulk carrier: 0-9999 dwt,tkm,68e3583c-4cc9-406b-a76f-b2c3b48d4807,Bulk carrier: 0-9999 dwt,,GHG_CO2_KGCO2_e,0.0292,Unknown
Freight Transport,International Sea Freight,International Sea Freight,Bulk carrier: 0-9999 dwt,tkm,68e3583c-4cc9-406b-a76f-b2c3b48d4807,Bulk carrier: 0-9999 dwt,,GHG_N2O_KGCO2_e,0.00035,Unknown
Freight Transport,International Sea Freight,International Sea Freight,Bulk carrier: 0-9999 dwt,tkm,68e3583c-4cc9-406b-a76f-b2c3b48d4807,Bulk carrier: 0-9999 dwt,,GHG_TOTAL_KGCO2_e,0.02956,Unknown
Freight Transport,International Sea Freight,International Sea Freight,"Bulk carrier: 10,000-34,999 dwt",tkm,665a83f4-8998-4e28-8900-9b0df5d998b4,"Bulk carrier: 10,000-34,999 dwt",,GHG_CH4_KGCO2_e,0.00000224,Unknown
Freight Transport,International Sea Freight,International Sea Freight,"Bulk carrier: 10,000-34,999 dwt",tkm,665a83f4-8998-4e28-8900-9b0df5d998b4,"Bulk carrier: 10,000-34,999 dwt",,GHG_CO2_KGCO2_e,0.0079,Unknown
Freight Transport,International Sea Freight,International Sea Freight,"Bulk carrier: 10,000-34,999 dwt",tkm,665a83f4-8998-4e28-8900-9b0df5d998b4,"Bulk carrier: 10,000-34,999 dwt",,GHG_N2O_KGCO2_e,0.0001,Unknown
Freight Transport,International Sea Freight,International Sea Freight,"Bulk carrier: 10,000-34,999 dwt",tkm,665a83f4-8998-4e28-8900-9b0df5d998b4,"Bulk carrier: 10,000-34,999 dwt",,GHG_TOTAL_KGCO2_e,0.008,Unknown
Freight Transport,International Sea Freight,International Sea Freight,"Bulk carrier: 100,000-199,999 dwt",tkm,f61ae305-2bd7-4f52-b9c1-60054d80668d,"Bulk carrier: 100,000-199,999 dwt",,GHG_CH4_KGCO2_e,0.00000112,Unknown
Freight Transport,International Sea Freight,International Sea Freight,"Bulk carrier: 100,000-199,999 dwt",tkm,f61ae305-2bd7-4f52-b9c1-60054d80668d,"Bulk carrier: 100,000-199,999 dwt",,GHG_CO2_KGCO2_e,0.003,Unknown
Freight Transport,International Sea Freight,International Sea Freight,"Bulk carrier: 100,000-199,999 dwt",tkm,f61ae305-2bd7-4f52-b9c1-60054d80668d,"Bulk carrier: 100,000-199,999 dwt",,GHG_N2O_KGCO2_e,0.00004,Unknown
Freight Transport,International Sea Freight,International Sea Freight,"Bulk carrier: 100,000-199,999 dwt",tkm,f61ae305-2bd7-4f52-b9c1-60054d80668d,"Bulk carrier: 100,000-199,999 dwt",,GHG_TOTAL_KGCO2_e,0.00304,Unknown
Freight Transport,International Sea Freight,International Sea Freight,"Bulk carrier: 200,000+ dwt",tkm,d9e4867c-4e99-4d33-beb9-a19e9b29272c,"Bulk carrier: 200,000+ dwt",,GHG_CH4_KGCO2_e,0.00000112,Unknown
Freight Transport,International Sea Freight,International Sea Freight,"Bulk carrier: 200,000+ dwt",tkm,d9e4867c-4e99-4d33-beb9-a19e9b29272c,"Bulk carrier: 200,000+ dwt",,GHG_CO2_KGCO2_e,0.0025,Unknown
Freight Transport,International Sea Freight,International Sea Freight,"Bulk carrier: 200,000+ dwt",tkm,d9e4867c-4e99-4d33-beb9-a19e9b29272c,"Bulk carrier: 200,000+ dwt",,GHG_N2O_KGCO2_e,0.00003,Unknown
Freight Transport,International Sea Freight,International Sea Freight,"Bulk carrier: 200,000+ dwt",tkm,d9e4867c-4e99-4d33-beb9-a19e9b29272c,"Bulk carrier: 200,000+ dwt",,GHG_TOTAL_KGCO2_e,0.00253,Unknown
Freight Transport,International Sea Freight,International Sea Freight,"Bulk carrier: 35,000-59,999 dwt",tkm,4f26c7f5-b254-4fbe-a4f5-8050c3b337a4,"Bulk carrier: 35,000-59,999 dwt",,GHG_CH4_KGCO2_e,0.00000224,Unknown
Freight Transport,International Sea Freight,International Sea Freight,"Bulk carrier: 35,000-59,999 dwt",tkm,4f26c7f5-b254-4fbe-a4f5-8050c3b337a4,"Bulk carrier: 35,000-59,999 dwt",,GHG_CO2_KGCO2_e,0.0057,Unknown
Freight Transport,International Sea Freight,International Sea Freight,"Bulk carrier: 35,000-59,999 dwt",tkm,4f26c7f5-b254-4fbe-a4f5-8050c3b337a4,"Bulk carrier: 35,000-59,999 dwt",,GHG_N2O_KGCO2_e,0.00007,Unknown
Freight Transport,International Sea Freight,International Sea Freight,"Bulk carrier: 35,000-59,999 dwt",tkm,4f26c7f5-b254-4fbe-a4f5-8050c3b337a4,"Bulk carrier: 35,000-59,999 dwt",,GHG_TOTAL_KGCO2_e,0.00577,Unknown
Freight Transport,International Sea Freight,International Sea Freight,"Bulk carrier: 60,000-99,999 dwt",tkm,9a39c568-8f29-4b33-9faa-a4171e26de59,"Bulk carrier: 60,000-99,999 dwt",,GHG_CH4_KGCO2_e,0.00000112,Unknown
Freight Transport,International Sea Freight,International Sea Freight,"Bulk carrier: 60,000-99,999 dwt",tkm,9a39c568-8f29-4b33-9faa-a4171e26de59,"Bulk carrier: 60,000-99,999 dwt",,GHG_CO2_KGCO2_e,0.0041,Unknown
Freight Transport,International Sea Freight,International Sea Freight,"Bulk carrier: 60,000-99,999 dwt",tkm,9a39c568-8f29-4b33-9faa-a4171e26de59,"Bulk carrier: 60,000-99,999 dwt",,GHG_N2O_KGCO2_e,0.00005,Unknown
Freight Transport,International Sea Freight,International Sea Freight,"Bulk carrier: 60,000-99,999 dwt",tkm,9a39c568-8f29-4b33-9faa-a4171e26de59,"Bulk carrier: 60,000-99,999 dwt",,GHG_TOTAL_KGCO2_e,0.00415,Unknown
Freight Transport,International Sea Freight,International Sea Freight,Bulk carrier: Average,tkm,96549ba1-70b6-454b-aabf-0ee8e6b48b3f,Bulk carrier: Average,,GHG_CH4_KGCO2_e,0.00000112,Unknown
Freight Transport,International Sea Freight,International Sea Freight,Bulk carrier: Average,tkm,96549ba1-70b6-454b-aabf-0ee8e6b48b3f,Bulk carrier: Average,,GHG_CO2_KGCO2_e,0.00349,Unknown
Freight Transport,International Sea Freight,International Sea Freight,Bulk carrier: Average,tkm,96549ba1-70b6-454b-aabf-0ee8e6b48b3f,Bulk carrier: Average,,GHG_N2O_KGCO2_e,0.00004,Unknown
Freight Transport,International Sea Freight,International Sea Freight,Bulk carrier: Average,tkm,96549ba1-70b6-454b-aabf-0ee8e6b48b3f,Bulk carrier: Average,,GHG_TOTAL_KGCO2_e,0.00353,Unknown
Freight Transport,International Sea Freight,International Sea Freight,Container ship: 0-999 TEU,tkm,ee5a3099-ae47-4213-ad8c-99c99769a7ac,Container ship: 0-999 TEU,,GHG_CH4_KGCO2_e,0.00001,Unknown
Freight Transport,International Sea Freight,International Sea Freight,Container ship: 0-999 TEU,tkm,ee5a3099-ae47-4213-ad8c-99c99769a7ac,Container ship: 0-999 TEU,,GHG_CO2_KGCO2_e,0.0363,Unknown
Freight Transport,International Sea Freight,International Sea Freight,Container ship: 0-999 TEU,tkm,ee5a3099-ae47-4213-ad8c-99c99769a7ac,Container ship: 0-999 TEU,,GHG_N2O_KGCO2_e,0.00044,Unknown
Freight Transport,International Sea Freight,International Sea Freight,Container ship: 0-999 TEU,tkm,ee5a3099-ae47-4213-ad8c-99c99769a7ac,Container ship: 0-999 TEU,,GHG_TOTAL_KGCO2_e,0.03675,Unknown
Freight Transport,International Sea Freight,International Sea Freight,Container ship: 1000-1999 TEU,tkm,55f4b108-9ff4-49d9-9c21-9ae3bffee7b0,Container ship: 1000-1999 TEU,,GHG_CH4_KGCO2_e,0.00001,Unknown
Freight Transport,International Sea Freight,International Sea Freight,Container ship: 1000-1999 TEU,tkm,55f4b108-9ff4-49d9-9c21-9ae3bffee7b0,Container ship: 1000-1999 TEU,,GHG_CO2_KGCO2_e,0.0321,Unknown
Freight Transport,International Sea Freight,International Sea Freight,Container ship: 1000-1999 TEU,tkm,55f4b108-9ff4-49d9-9c21-9ae3bffee7b0,Container ship: 1000-1999 TEU,,GHG_N2O_KGCO2_e,0.00039,Unknown
Freight Transport,International Sea Freight,International Sea Freight,Container ship: 1000-1999 TEU,tkm,55f4b108-9ff4-49d9-9c21-9ae3bffee7b0,Container ship: 1000-1999 TEU,,GHG_TOTAL_KGCO2_e,0.0325,Unknown
Freight Transport,International Sea Freight,International Sea Freight,Container ship: 2000-2999 TEU,tkm,1a729570-fc74-4a94-b69d-2d6aca42ed06,Container ship: 2000-2999 TEU,,GHG_CH4_KGCO2_e,0.00001,Unknown
Freight Transport,International Sea Freight,International Sea Freight,Container ship: 2000-2999 TEU,tkm,1a729570-fc74-4a94-b69d-2d6aca42ed06,Container ship: 2000-2999 TEU,,GHG_CO2_KGCO2_e,0.02,Unknown
Freight Transport,International Sea Freight,International Sea Freight,Container ship: 2000-2999 TEU,tkm,1a729570-fc74-4a94-b69d-2d6aca42ed06,Container ship: 2000-2999 TEU,,GHG_N2O_KGCO2_e,0.00024,Unknown
Freight Transport,International Sea Freight,International Sea Freight,Container ship: 2000-2999 TEU,tkm,1a729570-fc74-4a94-b69d-2d6aca42ed06,Container ship: 2000-2999 TEU,,GHG_TOTAL_KGCO2_e,0.02025,Unknown
Freight Transport,International Sea Freight,International Sea Freight,Container ship: 3000-4999 TEU,tkm,75f239d2-d826-4c72-b2ea-2b398a5a77fa,Container ship: 3000-4999 TEU,,GHG_CH4_KGCO2_e,0.00001,Unknown
Freight Transport,International Sea Freight,International Sea Freight,Container ship: 3000-4999 TEU,tkm,75f239d2-d826-4c72-b2ea-2b398a5a77fa,Container ship: 3000-4999 TEU,,GHG_CO2_KGCO2_e,0.0166,Unknown
Freight Transport,International Sea Freight,International Sea Freight,Container ship: 3000-4999 TEU,tkm,75f239d2-d826-4c72-b2ea-2b398a5a77fa,Container ship: 3000-4999 TEU,,GHG_N2O_KGCO2_e,0.0002,Unknown
Freight Transport,International Sea Freight,International Sea Freight,Container ship: 3000-4999 TEU,tkm,75f239d2-d826-4c72-b2ea-2b398a5a77fa,Container ship: 3000-4999 TEU,,GHG_TOTAL_KGCO2_e,0.01681,Unknown
Freight Transport,International Sea Freight,International Sea Freight,Container ship: 5000-7999 TEU,tkm,bea83157-12ee-400a-a16a-339e7152558e,Container ship: 5000-7999 TEU,,GHG_CH4_KGCO2_e,0.00001,Unknown
Freight Transport,International Sea Freight,International Sea Freight,Container ship: 5000-7999 TEU,tkm,bea83157-12ee-400a-a16a-339e7152558e,Container ship: 5000-7999 TEU,,GHG_CO2_KGCO2_e,0.0166,Unknown
Freight Transport,International Sea Freight,International Sea Freight,Container ship: 5000-7999 TEU,tkm,bea83157-12ee-400a-a16a-339e7152558e,Container ship: 5000-7999 TEU,,GHG_N2O_KGCO2_e,0.0002,Unknown
Freight Transport,International Sea Freight,International Sea Freight,Container ship: 5000-7999 TEU,tkm,bea83157-12ee-400a-a16a-339e7152558e,Container ship: 5000-7999 TEU,,GHG_TOTAL_KGCO2_e,0.01681,Unknown
Freight Transport,International Sea Freight,International Sea Freight,Container ship: 8000+ TEU,tkm,ab731b53-749e-4c0b-86aa-f6c4802c57be,Container ship: 8000+ TEU,,GHG_CH4_KGCO2_e,0.00000448,Unknown
Freight Transport,International Sea Freight,International Sea Freight,Container ship: 8000+ TEU,tkm,ab731b53-749e-4c0b-86aa-f6c4802c57be,Container ship: 8000+ TEU,,GHG_CO2_KGCO2_e,0.0125,Unknown
Freight Transport,International Sea Freight,International Sea Freight,Container ship: 8000+ TEU,tkm,ab731b53-749e-4c0b-86aa-f6c4802c57be,Container ship: 8000+ TEU,,GHG_N2O_KGCO2_e,0.00015,Unknown
Freight Transport,International Sea Freight,International Sea Freight,Container ship: 8000+ TEU,tkm,ab731b53-749e-4c0b-86aa-f6c4802c57be,Container ship: 8000+ TEU,,GHG_TOTAL_KGCO2_e,0.01266,Unknown
Freight Transport,International Sea Freight,International Sea Freight,Container ship: Average,tkm,98148ad0-e998-4b35-9ab3-72a794623544,Container ship: Average,,GHG_CH4_KGCO2_e,0.00001,Unknown
Freight Transport,International Sea Freight,International Sea Freight,Container ship: Average,tkm,98148ad0-e998-4b35-9ab3-72a794623544,Container ship: Average,,GHG_CO2_KGCO2_e,0.01592,Unknown
Freight Transport,International Sea Freight,International Sea Freight,Container ship: Average,tkm,98148ad0-e998-4b35-9ab3-72a794623544,Container ship: Average,,GHG_N2O_KGCO2_e,0.00019,Unknown
Freight Transport,International Sea Freight,International Sea Freight,Container ship: Average,tkm,98148ad0-e998-4b35-9ab3-72a794623544,Container ship: Average,,GHG_TOTAL_KGCO2_e,0.01612,Unknown
Freight Transport,International Sea Freight,International Sea Freight,General cargo: 0-4999 dwt,tkm,d347e7f7-c426-48cc-aca7-7f3c7612b209,General cargo: 0-4999 dwt,,GHG_CH4_KGCO2_e,0.00000448,Unknown
Freight Transport,International Sea Freight,International Sea Freight,General cargo: 0-4999 dwt,tkm,d347e7f7-c426-48cc-aca7-7f3c7612b209,General cargo: 0-4999 dwt,,GHG_CO2_KGCO2_e,0.0139,Unknown
Freight Transport,International Sea Freight,International Sea Freight,General cargo: 0-4999 dwt,tkm,d347e7f7-c426-48cc-aca7-7f3c7612b209,General cargo: 0-4999 dwt,,GHG_N2O_KGCO2_e,0.00017,Unknown
Freight Transport,International Sea Freight,International Sea Freight,General cargo: 0-4999 dwt,tkm,d347e7f7-c426-48cc-aca7-7f3c7612b209,General cargo: 0-4999 dwt,,GHG_TOTAL_KGCO2_e,0.01407,Unknown
Freight Transport,International Sea Freight,International Sea Freight,General cargo: 0-4999 dwt 100+ TEU,tkm,2a944a1e-f2da-43e1-b19a-ecb47f931b67,General cargo: 0-4999 dwt 100+ TEU,,GHG_CH4_KGCO2_e,0.00001,Unknown
Freight Transport,International Sea Freight,International Sea Freight,General cargo: 0-4999 dwt 100+ TEU,tkm,2a944a1e-f2da-43e1-b19a-ecb47f931b67,General cargo: 0-4999 dwt 100+ TEU,,GHG_CO2_KGCO2_e,0.0198,Unknown
Freight Transport,International Sea Freight,International Sea Freight,General cargo: 0-4999 dwt 100+ TEU,tkm,2a944a1e-f2da-43e1-b19a-ecb47f931b67,General cargo: 0-4999 dwt 100+ TEU,,GHG_N2O_KGCO2_e,0.00024,Unknown
Freight Transport,International Sea Freight,International Sea Freight,General cargo: 0-4999 dwt 100+ TEU,tkm,2a944a1e-f2da-43e1-b19a-ecb47f931b67,General cargo: 0-4999 dwt 100+ TEU,,GHG_TOTAL_KGCO2_e,0.02005,Unknown
Freight Transport,International Sea Freight,International Sea Freight,"General cargo: 10,000+ dwt",tkm,437ca8ef-b773-4269-8c7e-90b50d8a1190,"General cargo: 10,000+ dwt",,GHG_CH4_KGCO2_e,0.00000448,Unknown
Freight Transport,International Sea Freight,International Sea Freight,"General cargo: 10,000+ dwt",tkm,437ca8ef-b773-4269-8c7e-90b50d8a1190,"General cargo: 10,000+ dwt",,GHG_CO2_KGCO2_e,0.0119,Unknown
Freight Transport,International Sea Freight,International Sea Freight,"General cargo: 10,000+ dwt",tkm,437ca8ef-b773-4269-8c7e-90b50d8a1190,"General cargo: 10,000+ dwt",,GHG_N2O_KGCO2_e,0.00014,Unknown
Freight Transport,International Sea Freight,International Sea Freight,"General cargo: 10,000+ dwt",tkm,437ca8ef-b773-4269-8c7e-90b50d8a1190,"General cargo: 10,000+ dwt",,GHG_TOTAL_KGCO2_e,0.01205,Unknown
Freight Transport,International Sea Freight,International Sea Freight,"General cargo: 10,000+ dwt 100+ TEU",tkm,06bdcd03-f9b8-49d9-bcfa-8d143a69a923,"General cargo: 10,000+ dwt 100+ TEU",,GHG_CH4_KGCO2_e,0.00000336,Unknown
Freight Transport,International Sea Freight,International Sea Freight,"General cargo: 10,000+ dwt 100+ TEU",tkm,06bdcd03-f9b8-49d9-bcfa-8d143a69a923,"General cargo: 10,000+ dwt 100+ TEU",,GHG_CO2_KGCO2_e,0.011,Unknown
Freight Transport,International Sea Freight,International Sea Freight,"General cargo: 10,000+ dwt 100+ TEU",tkm,06bdcd03-f9b8-49d9-bcfa-8d143a69a923,"General cargo: 10,000+ dwt 100+ TEU",,GHG_N2O_KGCO2_e,0.00013,Unknown
Freight Transport,International Sea Freight,International Sea Freight,"General cargo: 10,000+ dwt 100+ TEU",tkm,06bdcd03-f9b8-49d9-bcfa-8d143a69a923,"General cargo: 10,000+ dwt 100+ TEU",,GHG_TOTAL_KGCO2_e,0.01114,Unknown
Freight Transport,International Sea Freight,International Sea Freight,General cargo: 5000-9999 dwt,tkm,21dbbc1d-3b62-4eb3-87ab-74ec7b990159,General cargo: 5000-9999 dwt,,GHG_CH4_KGCO2_e,0.00001,Unknown
Freight Transport,International Sea Freight,International Sea Freight,General cargo: 5000-9999 dwt,tkm,21dbbc1d-3b62-4eb3-87ab-74ec7b990159,General cargo: 5000-9999 dwt,,GHG_CO2_KGCO2_e,0.0158,Unknown
Freight Transport,International Sea Freight,International Sea Freight,General cargo: 5000-9999 dwt,tkm,21dbbc1d-3b62-4eb3-87ab-74ec7b990159,General cargo: 5000-9999 dwt,,GHG_N2O_KGCO2_e,0.00019,Unknown
Freight Transport,International Sea Freight,International Sea Freight,General cargo: 5000-9999 dwt,tkm,21dbbc1d-3b62-4eb3-87ab-74ec7b990159,General cargo: 5000-9999 dwt,,GHG_TOTAL_KGCO2_e,0.016,Unknown
Freight Transport,International Sea Freight,International Sea Freight,General cargo: 5000-9999 dwt 100+ TEU,tkm,d547cdd3-7ead-4943-9d06-b0a10a1edf60,General cargo: 5000-9999 dwt 100+ TEU,,GHG_CH4_KGCO2_e,0.00001,Unknown
Freight Transport,International Sea Freight,International Sea Freight,General cargo: 5000-9999 dwt 100+ TEU,tkm,d547cdd3-7ead-4943-9d06-b0a10a1edf60,General cargo: 5000-9999 dwt 100+ TEU,,GHG_CO2_KGCO2_e,0.0175,Unknown
Freight Transport,International Sea Freight,International Sea Freight,General cargo: 5000-9999 dwt 100+ TEU,tkm,d547cdd3-7ead-4943-9d06-b0a10a1edf60,General cargo: 5000-9999 dwt 100+ TEU,,GHG_N2O_KGCO2_e,0.00021,Unknown
Freight Transport,International Sea Freight,International Sea Freight,General cargo: 5000-9999 dwt 100+ TEU,tkm,d547cdd3-7ead-4943-9d06-b0a10a1edf60,General cargo: 5000-9999 dwt 100+ TEU,,GHG_TOTAL_KGCO2_e,0.01772,Unknown
Freight Transport,International Sea Freight,International Sea Freight,General cargo: Average,tkm,e78aced8-b870-4c15-852e-1c2475394629,General cargo: Average,,GHG_CH4_KGCO2_e,0.00000448,Unknown
Freight Transport,International Sea Freight,International Sea Freight,General cargo: Average,tkm,e78aced8-b870-4c15-852e-1c2475394629,General cargo: Average,,GHG_CO2_KGCO2_e,0.01305,Unknown
Freight Transport,International Sea Freight,International Sea Freight,General cargo: Average,tkm,e78aced8-b870-4c15-852e-1c2475394629,General cargo: Average,,GHG_N2O_KGCO2_e,0.00016,Unknown
Freight Transport,International Sea Freight,International Sea Freight,General cargo: Average,tkm,e78aced8-b870-4c15-852e-1c2475394629,General cargo: Average,,GHG_TOTAL_KGCO2_e,0.01321,Unknown
Freight Transport,International Sea Freight,International Sea Freight,Refrigerated cargo: All dwt,tkm,cc1203c0-031c-4944-afd8-bf0a916b7304,Refrigerated cargo: All dwt,,GHG_CH4_KGCO2_e,0.00000448,Unknown
Freight Transport,International Sea Freight,International Sea Freight,Refrigerated cargo: All dwt,tkm,cc1203c0-031c-4944-afd8-bf0a916b7304,Refrigerated cargo: All dwt,,GHG_CO2_KGCO2_e,0.0129,Unknown
Freight Transport,International Sea Freight,International Sea Freight,Refrigerated cargo: All dwt,tkm,cc1203c0-031c-4944-afd8-bf0a916b7304,Refrigerated cargo: All dwt,,GHG_N2O_KGCO2_e,0.00016,Unknown
Freight Transport,International Sea Freight,International Sea Freight,Refrigerated cargo: All dwt,tkm,cc1203c0-031c-4944-afd8-bf0a916b7304,Refrigerated cargo: All dwt,,GHG_TOTAL_KGCO2_e,0.01306,Unknown
Freight Transport,International Sea Freight,International Sea Freight,RoRo-Ferry: 0-1999 LM,tkm,1d82ca28-fe7d-40d9-952a-30d89b1104ee,RoRo-Ferry: 0-1999 LM,,GHG_CH4_KGCO2_e,0.00002,Unknown
Freight Transport,International Sea Freight,International Sea Freight,RoRo-Ferry: 0-1999 LM,tkm,1d82ca28-fe7d-40d9-952a-30d89b1104ee,RoRo-Ferry: 0-1999 LM,,GHG_CO2_KGCO2_e,0.0603,Unknown
Freight Transport,International Sea Freight,International Sea Freight,RoRo-Ferry: 0-1999 LM,tkm,1d82ca28-fe7d-40d9-952a-30d89b1104ee,RoRo-Ferry: 0-1999 LM,,GHG_N2O_KGCO2_e,0.00073,Unknown
Freight Transport,International Sea Freight,International Sea Freight,RoRo-Ferry: 0-1999 LM,tkm,1d82ca28-fe7d-40d9-952a-30d89b1104ee,RoRo-Ferry: 0-1999 LM,,GHG_TOTAL_KGCO2_e,0.06105,Unknown
Freight Transport,International Sea Freight,International Sea Freight,RoRo-Ferry: 2000+ LM,tkm,1d33d5e4-8bf1-427d-b210-7eaaa6e15ee4,RoRo-Ferry: 2000+ LM,,GHG_CH4_KGCO2_e,0.00002,Unknown
Freight Transport,International Sea Freight,International Sea Freight,RoRo-Ferry: 2000+ LM,tkm,1d33d5e4-8bf1-427d-b210-7eaaa6e15ee4,RoRo-Ferry: 2000+ LM,,GHG_CO2_KGCO2_e,0.0495,Unknown
Freight Transport,International Sea Freight,International Sea Freight,RoRo-Ferry: 2000+ LM,tkm,1d33d5e4-8bf1-427d-b210-7eaaa6e15ee4,RoRo-Ferry: 2000+ LM,,GHG_N2O_KGCO2_e,0.0006,Unknown
Freight Transport,International Sea Freight,International Sea Freight,RoRo-Ferry: 2000+ LM,tkm,1d33d5e4-8bf1-427d-b210-7eaaa6e15ee4,RoRo-Ferry: 2000+ LM,,GHG_TOTAL_KGCO2_e,0.05012,Unknown
Freight Transport,International Sea Freight,International Sea Freight,RoRo-Ferry: Average,tkm,40cde2a8-9306-4d79-a895-dd16b5f15785,RoRo-Ferry: Average,,GHG_CH4_KGCO2_e,0.00002,Unknown
Freight Transport,International Sea Freight,International Sea Freight,RoRo-Ferry: Average,tkm,40cde2a8-9306-4d79-a895-dd16b5f15785,RoRo-Ferry: Average,,GHG_CO2_KGCO2_e,0.05095,Unknown
Freight Transport,International Sea Freight,International Sea Freight,RoRo-Ferry: Average,tkm,40cde2a8-9306-4d79-a895-dd16b5f15785,RoRo-Ferry: Average,,GHG_N2O_KGCO2_e,0.00062,Unknown
Freight Transport,International Sea Freight,International Sea Freight,RoRo-Ferry: Average,tkm,40cde2a8-9306-4d79-a895-dd16b5f15785,RoRo-Ferry: Average,,GHG_TOTAL_KGCO2_e,0.05158,Unknown
Freight Transport,International Sea Freight,International Sea Freight,RoRo-Ferry: Large RoPax ferry,tkm,90d403ee-9ee8-42bb-be07-e5325c7deef4,RoRo-Ferry: Large RoPax ferry,,GHG_CH4_KGCO2_e,0.00012,Unknown
Freight Transport,International Sea Freight,International Sea Freight,RoRo-Ferry: Large RoPax ferry,tkm,90d403ee-9ee8-42bb-be07-e5325c7deef4,RoRo-Ferry: Large RoPax ferry,,GHG_CO2_KGCO2_e,0.3715,Unknown
Freight Transport,International Sea Freight,International Sea Freight,RoRo-Ferry: Large RoPax ferry,tkm,90d403ee-9ee8-42bb-be07-e5325c7deef4,RoRo-Ferry: Large RoPax ferry,,GHG_N2O_KGCO2_e,0.0045,Unknown
Freight Transport,International Sea Freight,International Sea Freight,RoRo-Ferry: Large RoPax ferry,tkm,90d403ee-9ee8-42bb-be07-e5325c7deef4,RoRo-Ferry: Large RoPax ferry,,GHG_TOTAL_KGCO2_e,0.37612,Unknown
Freight Transport,International Sea Freight,International Sea Freight,Vehicle transport: 0-3999 CEU,tkm,20b6898b-a59e-4f70-9979-493a68fb80b2,Vehicle transport: 0-3999 CEU,,GHG_CH4_KGCO2_e,0.00002,Unknown
Freight Transport,International Sea Freight,International Sea Freight,Vehicle transport: 0-3999 CEU,tkm,20b6898b-a59e-4f70-9979-493a68fb80b2,Vehicle transport: 0-3999 CEU,,GHG_CO2_KGCO2_e,0.0576,Unknown
Freight Transport,International Sea Freight,International Sea Freight,Vehicle transport: 0-3999 CEU,tkm,20b6898b-a59e-4f70-9979-493a68fb80b2,Vehicle transport: 0-3999 CEU,,GHG_N2O_KGCO2_e,0.0007,Unknown
Freight Transport,International Sea Freight,International Sea Freight,Vehicle transport: 0-3999 CEU,tkm,20b6898b-a59e-4f70-9979-493a68fb80b2,Vehicle transport: 0-3999 CEU,,GHG_TOTAL_KGCO2_e,0.05832,Unknown
Freight Transport,International Sea Freight,International Sea Freight,Vehicle transport: 4000+ CEU,tkm,5fd6d3e4-db2f-41b8-be7a-0bf240eeb10d,Vehicle transport: 4000+ CEU,,GHG_CH4_KGCO2_e,0.00001,Unknown
Freight Transport,International Sea Freight,International Sea Freight,Vehicle transport: 4000+ CEU,tkm,5fd6d3e4-db2f-41b8-be7a-0bf240eeb10d,Vehicle transport: 4000+ CEU,,GHG_CO2_KGCO2_e,0.032,Unknown
Freight Transport,International Sea Freight,International Sea Freight,Vehicle transport: 4000+ CEU,tkm,5fd6d3e4-db2f-41b8-be7a-0bf240eeb10d,Vehicle transport: 4000+ CEU,,GHG_N2O_KGCO2_e,0.00039,Unknown
Freight Transport,International Sea Freight,International Sea Freight,Vehicle transport: 4000+ CEU,tkm,5fd6d3e4-db2f-41b8-be7a-0bf240eeb10d,Vehicle transport: 4000+ CEU,,GHG_TOTAL_KGCO2_e,0.0324,Unknown
Freight Transport,International Sea Freight,International Sea Freight,Vehicle transport: Average,tkm,6511800b-0bea-4508-9ff8-6c73d628ab4d,Vehicle transport: Average,,GHG_CH4_KGCO2_e,0.00001,Unknown
Freight Transport,International Sea Freight,International Sea Freight,Vehicle transport: Average,tkm,6511800b-0bea-4508-9ff8-6c73d628ab4d,Vehicle transport: Average,,GHG_CO2_KGCO2_e,0.03805,Unknown
Freight Transport,International Sea Freight,International Sea Freight,Vehicle transport: Average,tkm,6511800b-0bea-4508-9ff8-6c73d628ab4d,Vehicle transport: Average,,GHG_N2O_KGCO2_e,0.00046,Unknown
Freight Transport,International Sea Freight,International Sea Freight,Vehicle transport: Average,tkm,6511800b-0bea-4508-9ff8-6c73d628ab4d,Vehicle transport: Average,,GHG_TOTAL_KGCO2_e,0.03852,Unknown
Freight Transport,Light Commercial Vehicles,2010-2015 Fleet,Diesel hybrid: 1350 - <1600 cc,km,f30472ee-9cd5-492e-b120-73f186477e92:2,Diesel hybrid: 1350 - <1600 cc,,GHG_CH4_KGCO2_e,0.000250643,
Freight Transport,Light Commercial Vehicles,2010-2015 Fleet,Diesel hybrid: 1350 - <1600 cc,km,f30472ee-9cd5-492e-b120-73f186477e92:2,Diesel hybrid: 1350 - <1600 cc,,GHG_CO2_KGCO2_e,0.166953,
Freight Transport,Light Commercial Vehicles,2010-2015 Fleet,Diesel hybrid: 1350 - <1600 cc,km,f30472ee-9cd5-492e-b120-73f186477e92:2,Diesel hybrid: 1350 - <1600 cc,,GHG_N2O_KGCO2_e,0.00237216,
Freight Transport,Light Commercial Vehicles,2010-2015 Fleet,Diesel hybrid: 1350 - <1600 cc,km,f30472ee-9cd5-492e-b120-73f186477e92:2,Diesel hybrid: 1350 - <1600 cc,,GHG_TOTAL_KGCO2_e,0.169575,
Freight Transport,Light Commercial Vehicles,2010-2015 Fleet,Diesel hybrid: 1600 - <2000 cc,km,cffcd54a-ae3d-4018-82c5-c29a0fff854b:2,Diesel hybrid: 1600 - <2000 cc,,GHG_CH4_KGCO2_e,0.00033366,
Freight Transport,Light Commercial Vehicles,2010-2015 Fleet,Diesel hybrid: 1600 - <2000 cc,km,cffcd54a-ae3d-4018-82c5-c29a0fff854b:2,Diesel hybrid: 1600 - <2000 cc,,GHG_CO2_KGCO2_e,0.222251,
Freight Transport,Light Commercial Vehicles,2010-2015 Fleet,Diesel hybrid: 1600 - <2000 cc,km,cffcd54a-ae3d-4018-82c5-c29a0fff854b:2,Diesel hybrid: 1600 - <2000 cc,,GHG_N2O_KGCO2_e,0.00315786,
Freight Transport,Light Commercial Vehicles,2010-2015 Fleet,Diesel hybrid: 1600 - <2000 cc,km,cffcd54a-ae3d-4018-82c5-c29a0fff854b:2,Diesel hybrid: 1600 - <2000 cc,,GHG_TOTAL_KGCO2_e,0.225742,
Freight Transport,Light Commercial Vehicles,2010-2015 Fleet,Diesel hybrid: 2000 - <3000 cc,km,b12aa399-60b4-4df9-a1e3-2a6db2ef7baa:2,Diesel hybrid: 2000 - <3000 cc,,GHG_CH4_KGCO2_e,0.00035777,
Freight Transport,Light Commercial Vehicles,2010-2015 Fleet,Diesel hybrid: 2000 - <3000 cc,km,b12aa399-60b4-4df9-a1e3-2a6db2ef7baa:2,Diesel hybrid: 2000 - <3000 cc,,GHG_CO2_KGCO2_e,0.23831,
Freight Transport,Light Commercial Vehicles,2010-2015 Fleet,Diesel hybrid: 2000 - <3000 cc,km,b12aa399-60b4-4df9-a1e3-2a6db2ef7baa:2,Diesel hybrid: 2000 - <3000 cc,,GHG_N2O_KGCO2_e,0.00338603,
Freight Transport,Light Commercial Vehicles,2010-2015 Fleet,Diesel hybrid: 2000 - <3000 cc,km,b12aa399-60b4-4df9-a1e3-2a6db2ef7baa:2,Diesel hybrid: 2000 - <3000 cc,,GHG_TOTAL_KGCO2_e,0.242053,
Freight Transport,Light Commercial Vehicles,2010-2015 Fleet,Diesel hybrid: <1350 cc,km,ebc8627b-ad86-44aa-b553-cc87a0055507:2,Diesel hybrid: <1350 cc,,GHG_CH4_KGCO2_e,0.000260458,
Freight Transport,Light Commercial Vehicles,2010-2015 Fleet,Diesel hybrid: <1350 cc,km,ebc8627b-ad86-44aa-b553-cc87a0055507:2,Diesel hybrid: <1350 cc,,GHG_CO2_KGCO2_e,0.173491,
Freight Transport,Light Commercial Vehicles,2010-2015 Fleet,Diesel hybrid: <1350 cc,km,ebc8627b-ad86-44aa-b553-cc87a0055507:2,Diesel hybrid: <1350 cc,,GHG_N2O_KGCO2_e,0.00246505,
Freight Transport,Light Commercial Vehicles,2010-2015 Fleet,Diesel hybrid: <1350 cc,km,ebc8627b-ad86-44aa-b553-cc87a0055507:2,Diesel hybrid: <1350 cc,,GHG_TOTAL_KGCO2_e,0.176216,
Freight Transport,Light Commercial Vehicles,2010-2015 Fleet,Diesel hybrid: >=3000 cc,km,50b6dd15-146e-42be-a97d-0b748104a891:2,Diesel hybrid: >=3000 cc,,GHG_CH4_KGCO2_e,0.000362272,
Freight Transport,Light Commercial Vehicles,2010-2015 Fleet,Diesel hybrid: >=3000 cc,km,50b6dd15-146e-42be-a97d-0b748104a891:2,Diesel hybrid: >=3000 cc,,GHG_CO2_KGCO2_e,0.241309,
Freight Transport,Light Commercial Vehicles,2010-2015 Fleet,Diesel hybrid: >=3000 cc,km,50b6dd15-146e-42be-a97d-0b748104a891:2,Diesel hybrid: >=3000 cc,,GHG_N2O_KGCO2_e,0.00342865,
Freight Transport,Light Commercial Vehicles,2010-2015 Fleet,Diesel hybrid: >=3000 cc,km,50b6dd15-146e-42be-a97d-0b748104a891:2,Diesel hybrid: >=3000 cc,,GHG_TOTAL_KGCO2_e,0.2451,
Freight Transport,Light Commercial Vehicles,2010-2015 Fleet,Diesel: 1350 - <1600 cc,km,67763782-b5cb-43ff-9343-8521aba0ab07:2,Diesel: 1350 - <1600 cc,,GHG_CH4_KGCO2_e,0.000279421,
Freight Transport,Light Commercial Vehicles,2010-2015 Fleet,Diesel: 1350 - <1600 cc,km,67763782-b5cb-43ff-9343-8521aba0ab07:2,Diesel: 1350 - <1600 cc,,GHG_CO2_KGCO2_e,0.186122,
Freight Transport,Light Commercial Vehicles,2010-2015 Fleet,Diesel: 1350 - <1600 cc,km,67763782-b5cb-43ff-9343-8521aba0ab07:2,Diesel: 1350 - <1600 cc,,GHG_N2O_KGCO2_e,0.00264452,
Freight Transport,Light Commercial Vehicles,2010-2015 Fleet,Diesel: 1350 - <1600 cc,km,67763782-b5cb-43ff-9343-8521aba0ab07:2,Diesel: 1350 - <1600 cc,,GHG_TOTAL_KGCO2_e,0.189046,
Freight Transport,Light Commercial Vehicles,2010-2015 Fleet,Diesel: 1600 - <2000 cc,km,92bdf71b-cc5f-4ffc-bd88-ae2b01bcd888:2,Diesel: 1600 - <2000 cc,,GHG_CH4_KGCO2_e,0.000371971,
Freight Transport,Light Commercial Vehicles,2010-2015 Fleet,Diesel: 1600 - <2000 cc,km,92bdf71b-cc5f-4ffc-bd88-ae2b01bcd888:2,Diesel: 1600 - <2000 cc,,GHG_CO2_KGCO2_e,0.247769,
Freight Transport,Light Commercial Vehicles,2010-2015 Fleet,Diesel: 1600 - <2000 cc,km,92bdf71b-cc5f-4ffc-bd88-ae2b01bcd888:2,Diesel: 1600 - <2000 cc,,GHG_N2O_KGCO2_e,0.00352044,
Freight Transport,Light Commercial Vehicles,2010-2015 Fleet,Diesel: 1600 - <2000 cc,km,92bdf71b-cc5f-4ffc-bd88-ae2b01bcd888:2,Diesel: 1600 - <2000 cc,,GHG_TOTAL_KGCO2_e,0.251661,
Freight Transport,Light Commercial Vehicles,2010-2015 Fleet,Diesel: 2000 - <3000 cc,km,a56e64ad-d53e-4c75-a94b-c259eaa5935b:2,Diesel: 2000 - <3000 cc,,GHG_CH4_KGCO2_e,0.000398848,
Freight Transport,Light Commercial Vehicles,2010-2015 Fleet,Diesel: 2000 - <3000 cc,km,a56e64ad-d53e-4c75-a94b-c259eaa5935b:2,Diesel: 2000 - <3000 cc,,GHG_CO2_KGCO2_e,0.265672,
Freight Transport,Light Commercial Vehicles,2010-2015 Fleet,Diesel: 2000 - <3000 cc,km,a56e64ad-d53e-4c75-a94b-c259eaa5935b:2,Diesel: 2000 - <3000 cc,,GHG_N2O_KGCO2_e,0.00377481,
Freight Transport,Light Commercial Vehicles,2010-2015 Fleet,Diesel: 2000 - <3000 cc,km,a56e64ad-d53e-4c75-a94b-c259eaa5935b:2,Diesel: 2000 - <3000 cc,,GHG_TOTAL_KGCO2_e,0.269846,
Freight Transport,Light Commercial Vehicles,2010-2015 Fleet,Diesel: <1350 cc,km,37f7e193-1dc0-433b-a817-f607b1bdbfeb:2,Diesel: <1350 cc,,GHG_CH4_KGCO2_e,0.000290364,
Freight Transport,Light Commercial Vehicles,2010-2015 Fleet,Diesel: <1350 cc,km,37f7e193-1dc0-433b-a817-f607b1bdbfeb:2,Diesel: <1350 cc,,GHG_CO2_KGCO2_e,0.193411,
Freight Transport,Light Commercial Vehicles,2010-2015 Fleet,Diesel: <1350 cc,km,37f7e193-1dc0-433b-a817-f607b1bdbfeb:2,Diesel: <1350 cc,,GHG_N2O_KGCO2_e,0.00274809,
Freight Transport,Light Commercial Vehicles,2010-2015 Fleet,Diesel: <1350 cc,km,37f7e193-1dc0-433b-a817-f607b1bdbfeb:2,Diesel: <1350 cc,,GHG_TOTAL_KGCO2_e,0.196449,
Freight Transport,Light Commercial Vehicles,2010-2015 Fleet,Diesel: >=3000 cc,km,8e536614-3404-476e-9b15-cfd5485ffa3a:2,Diesel: >=3000 cc,,GHG_CH4_KGCO2_e,0.000403868,
Freight Transport,Light Commercial Vehicles,2010-2015 Fleet,Diesel: >=3000 cc,km,8e536614-3404-476e-9b15-cfd5485ffa3a:2,Diesel: >=3000 cc,,GHG_CO2_KGCO2_e,0.269015,
Freight Transport,Light Commercial Vehicles,2010-2015 Fleet,Diesel: >=3000 cc,km,8e536614-3404-476e-9b15-cfd5485ffa3a:2,Diesel: >=3000 cc,,GHG_N2O_KGCO2_e,0.00382232,
Freight Transport,Light Commercial Vehicles,2010-2015 Fleet,Diesel: >=3000 cc,km,8e536614-3404-476e-9b15-cfd5485ffa3a:2,Diesel: >=3000 cc,,GHG_TOTAL_KGCO2_e,0.273242,
Freight Transport,Light Commercial Vehicles,2010-2015 Fleet,Electric vehicle: 1350 - <1600 cc,km,7370a358-ae1d-4710-9a70-f46335010f61,Electric vehicle: 1350 - <1600 cc,,GHG_CH4_KGCO2_e,0.000588334,
Freight Transport,Light Commercial Vehicles,2010-2015 Fleet,Electric vehicle: 1350 - <1600 cc,km,7370a358-ae1d-4710-9a70-f46335010f61,Electric vehicle: 1350 - <1600 cc,,GHG_CO2_KGCO2_e,0.0186073,
Freight Transport,Light Commercial Vehicles,2010-2015 Fleet,Electric vehicle: 1350 - <1600 cc,km,7370a358-ae1d-4710-9a70-f46335010f61,Electric vehicle: 1350 - <1600 cc,,GHG_N2O_KGCO2_e,0.0000300119,
Freight Transport,Light Commercial Vehicles,2010-2015 Fleet,Electric vehicle: 1350 - <1600 cc,km,7370a358-ae1d-4710-9a70-f46335010f61,Electric vehicle: 1350 - <1600 cc,,GHG_TOTAL_KGCO2_e,0.0192257,
Freight Transport,Light Commercial Vehicles,2010-2015 Fleet,Electric vehicle: 1600 - <2000 cc,km,f5075020-12df-47be-a96a-92f2af79c0f7,Electric vehicle: 1600 - <2000 cc,,GHG_CH4_KGCO2_e,0.000665631,
Freight Transport,Light Commercial Vehicles,2010-2015 Fleet,Electric vehicle: 1600 - <2000 cc,km,f5075020-12df-47be-a96a-92f2af79c0f7,Electric vehicle: 1600 - <2000 cc,,GHG_CO2_KGCO2_e,0.021052,
Freight Transport,Light Commercial Vehicles,2010-2015 Fleet,Electric vehicle: 1600 - <2000 cc,km,f5075020-12df-47be-a96a-92f2af79c0f7,Electric vehicle: 1600 - <2000 cc,,GHG_N2O_KGCO2_e,0.0000339549,
Freight Transport,Light Commercial Vehicles,2010-2015 Fleet,Electric vehicle: 1600 - <2000 cc,km,f5075020-12df-47be-a96a-92f2af79c0f7,Electric vehicle: 1600 - <2000 cc,,GHG_TOTAL_KGCO2_e,0.0217516,
Freight Transport,Light Commercial Vehicles,2010-2015 Fleet,Electric vehicle: 2000 - <3000 cc,km,9f46264c-4ca1-4585-a5ea-594d1b1114ed,Electric vehicle: 2000 - <3000 cc,,GHG_CH4_KGCO2_e,0.000819811,
Freight Transport,Light Commercial Vehicles,2010-2015 Fleet,Electric vehicle: 2000 - <3000 cc,km,9f46264c-4ca1-4585-a5ea-594d1b1114ed,Electric vehicle: 2000 - <3000 cc,,GHG_CO2_KGCO2_e,0.0259283,
Freight Transport,Light Commercial Vehicles,2010-2015 Fleet,Electric vehicle: 2000 - <3000 cc,km,9f46264c-4ca1-4585-a5ea-594d1b1114ed,Electric vehicle: 2000 - <3000 cc,,GHG_N2O_KGCO2_e,0.0000418199,
Freight Transport,Light Commercial Vehicles,2010-2015 Fleet,Electric vehicle: 2000 - <3000 cc,km,9f46264c-4ca1-4585-a5ea-594d1b1114ed,Electric vehicle: 2000 - <3000 cc,,GHG_TOTAL_KGCO2_e,0.0267899,
Freight Transport,Light Commercial Vehicles,2010-2015 Fleet,Electric vehicle: <1350 cc,km,1fab9743-7c09-4286-8afd-bdd8b0653118,Electric vehicle: <1350 cc,,GHG_CH4_KGCO2_e,0.000547925,
Freight Transport,Light Commercial Vehicles,2010-2015 Fleet,Electric vehicle: <1350 cc,km,1fab9743-7c09-4286-8afd-bdd8b0653118,Electric vehicle: <1350 cc,,GHG_CO2_KGCO2_e,0.0173293,
Freight Transport,Light Commercial Vehicles,2010-2015 Fleet,Electric vehicle: <1350 cc,km,1fab9743-7c09-4286-8afd-bdd8b0653118,Electric vehicle: <1350 cc,,GHG_N2O_KGCO2_e,0.0000279505,
Freight Transport,Light Commercial Vehicles,2010-2015 Fleet,Electric vehicle: <1350 cc,km,1fab9743-7c09-4286-8afd-bdd8b0653118,Electric vehicle: <1350 cc,,GHG_TOTAL_KGCO2_e,0.0179052,
Freight Transport,Light Commercial Vehicles,2010-2015 Fleet,Electric vehicle: >=3000 cc,km,060032ec-9bf7-4d43-b858-3aa26c114d28,Electric vehicle: >=3000 cc,,GHG_CH4_KGCO2_e,0.000958309,
Freight Transport,Light Commercial Vehicles,2010-2015 Fleet,Electric vehicle: >=3000 cc,km,060032ec-9bf7-4d43-b858-3aa26c114d28,Electric vehicle: >=3000 cc,,GHG_CO2_KGCO2_e,0.0303085,
Freight Transport,Light Commercial Vehicles,2010-2015 Fleet,Electric vehicle: >=3000 cc,km,060032ec-9bf7-4d43-b858-3aa26c114d28,Electric vehicle: >=3000 cc,,GHG_N2O_KGCO2_e,0.0000488849,
Freight Transport,Light Commercial Vehicles,2010-2015 Fleet,Electric vehicle: >=3000 cc,km,060032ec-9bf7-4d43-b858-3aa26c114d28,Electric vehicle: >=3000 cc,,GHG_TOTAL_KGCO2_e,0.0313157,
Freight Transport,Light Commercial Vehicles,2010-2015 Fleet,PHEV (Diesel) - Diesel consumption: 1350 - <1600 cc,km,485b7047-80d9-4d94-bfc4-9efbd91ff063,PHEV (Diesel) - Diesel consumption: 1350 - <1600 cc,,GHG_CH4_KGCO2_e,0.00013117,
Freight Transport,Light Commercial Vehicles,2010-2015 Fleet,PHEV (Diesel) - Diesel consumption: 1350 - <1600 cc,km,485b7047-80d9-4d94-bfc4-9efbd91ff063,PHEV (Diesel) - Diesel consumption: 1350 - <1600 cc,,GHG_CO2_KGCO2_e,0.0873719,
Freight Transport,Light Commercial Vehicles,2010-2015 Fleet,PHEV (Diesel) - Diesel consumption: 1350 - <1600 cc,km,485b7047-80d9-4d94-bfc4-9efbd91ff063,PHEV (Diesel) - Diesel consumption: 1350 - <1600 cc,,GHG_N2O_KGCO2_e,0.00124143,
Freight Transport,Light Commercial Vehicles,2010-2015 Fleet,PHEV (Diesel) - Diesel consumption: 1350 - <1600 cc,km,485b7047-80d9-4d94-bfc4-9efbd91ff063,PHEV (Diesel) - Diesel consumption: 1350 - <1600 cc,,GHG_TOTAL_KGCO2_e,0.0887445,
Freight Transport,Light Commercial Vehicles,2010-2015 Fleet,PHEV (Diesel) - Diesel consumption: 1600 - <2000 cc,km,9af0474c-3132-413f-a93e-05d6f7f90f52,PHEV (Diesel) - Diesel consumption: 1600 - <2000 cc,,GHG_CH4_KGCO2_e,0.000174616,
Freight Transport,Light Commercial Vehicles,2010-2015 Fleet,PHEV (Diesel) - Diesel consumption: 1600 - <2000 cc,km,9af0474c-3132-413f-a93e-05d6f7f90f52,PHEV (Diesel) - Diesel consumption: 1600 - <2000 cc,,GHG_CO2_KGCO2_e,0.116311,
Freight Transport,Light Commercial Vehicles,2010-2015 Fleet,PHEV (Diesel) - Diesel consumption: 1600 - <2000 cc,km,9af0474c-3132-413f-a93e-05d6f7f90f52,PHEV (Diesel) - Diesel consumption: 1600 - <2000 cc,,GHG_N2O_KGCO2_e,0.00165261,
Freight Transport,Light Commercial Vehicles,2010-2015 Fleet,PHEV (Diesel) - Diesel consumption: 1600 - <2000 cc,km,9af0474c-3132-413f-a93e-05d6f7f90f52,PHEV (Diesel) - Diesel consumption: 1600 - <2000 cc,,GHG_TOTAL_KGCO2_e,0.118138,
Freight Transport,Light Commercial Vehicles,2010-2015 Fleet,PHEV (Diesel) - Diesel consumption: 2000 - <3000 cc,km,d78310fa-ad85-4cd7-b892-2c2702b56c2a,PHEV (Diesel) - Diesel consumption: 2000 - <3000 cc,,GHG_CH4_KGCO2_e,0.000187233,
Freight Transport,Light Commercial Vehicles,2010-2015 Fleet,PHEV (Diesel) - Diesel consumption: 2000 - <3000 cc,km,d78310fa-ad85-4cd7-b892-2c2702b56c2a,PHEV (Diesel) - Diesel consumption: 2000 - <3000 cc,,GHG_CO2_KGCO2_e,0.124715,
Freight Transport,Light Commercial Vehicles,2010-2015 Fleet,PHEV (Diesel) - Diesel consumption: 2000 - <3000 cc,km,d78310fa-ad85-4cd7-b892-2c2702b56c2a,PHEV (Diesel) - Diesel consumption: 2000 - <3000 cc,,GHG_N2O_KGCO2_e,0.00177202,
Freight Transport,Light Commercial Vehicles,2010-2015 Fleet,PHEV (Diesel) - Diesel consumption: 2000 - <3000 cc,km,d78310fa-ad85-4cd7-b892-2c2702b56c2a,PHEV (Diesel) - Diesel consumption: 2000 - <3000 cc,,GHG_TOTAL_KGCO2_e,0.126675,
Freight Transport,Light Commercial Vehicles,2010-2015 Fleet,PHEV (Diesel) - Diesel consumption: <1350 cc,km,650dda4a-5332-4237-9d48-537513866c8c,PHEV (Diesel) - Diesel consumption: <1350 cc,,GHG_CH4_KGCO2_e,0.000136307,
Freight Transport,Light Commercial Vehicles,2010-2015 Fleet,PHEV (Diesel) - Diesel consumption: <1350 cc,km,650dda4a-5332-4237-9d48-537513866c8c,PHEV (Diesel) - Diesel consumption: <1350 cc,,GHG_CO2_KGCO2_e,0.0907936,
Freight Transport,Light Commercial Vehicles,2010-2015 Fleet,PHEV (Diesel) - Diesel consumption: <1350 cc,km,650dda4a-5332-4237-9d48-537513866c8c,PHEV (Diesel) - Diesel consumption: <1350 cc,,GHG_N2O_KGCO2_e,0.00129004,
Freight Transport,Light Commercial Vehicles,2010-2015 Fleet,PHEV (Diesel) - Diesel consumption: <1350 cc,km,650dda4a-5332-4237-9d48-537513866c8c,PHEV (Diesel) - Diesel consumption: <1350 cc,,GHG_TOTAL_KGCO2_e,0.0922199,
Freight Transport,Light Commercial Vehicles,2010-2015 Fleet,PHEV (Diesel) - Diesel consumption: >=3000 cc,km,67a1f0d5-1ed5-4e7c-b583-5af4e1d390a8,PHEV (Diesel) - Diesel consumption: >=3000 cc,,GHG_CH4_KGCO2_e,0.000189589,
Freight Transport,Light Commercial Vehicles,2010-2015 Fleet,PHEV (Diesel) - Diesel consumption: >=3000 cc,km,67a1f0d5-1ed5-4e7c-b583-5af4e1d390a8,PHEV (Diesel) - Diesel consumption: >=3000 cc,,GHG_CO2_KGCO2_e,0.126285,
Freight Transport,Light Commercial Vehicles,2010-2015 Fleet,PHEV (Diesel) - Diesel consumption: >=3000 cc,km,67a1f0d5-1ed5-4e7c-b583-5af4e1d390a8,PHEV (Diesel) - Diesel consumption: >=3000 cc,,GHG_N2O_KGCO2_e,0.00179433,
Freight Transport,Light Commercial Vehicles,2010-2015 Fleet,PHEV (Diesel) - Diesel consumption: >=3000 cc,km,67a1f0d5-1ed5-4e7c-b583-5af4e1d390a8,PHEV (Diesel) - Diesel consumption: >=3000 cc,,GHG_TOTAL_KGCO2_e,0.128269,
Freight Transport,Light Commercial Vehicles,2010-2015 Fleet,PHEV (Diesel) - Electricity consumption: 1350 - <1600 cc,km,e9f4d5f1-e277-4a1c-bb26-b2717885b41f,PHEV (Diesel) - Electricity consumption: 1350 - <1600 cc,,GHG_CH4_KGCO2_e,0.000254449,
Freight Transport,Light Commercial Vehicles,2010-2015 Fleet,PHEV (Diesel) - Electricity consumption: 1350 - <1600 cc,km,e9f4d5f1-e277-4a1c-bb26-b2717885b41f,PHEV (Diesel) - Electricity consumption: 1350 - <1600 cc,,GHG_CO2_KGCO2_e,0.00804748,
Freight Transport,Light Commercial Vehicles,2010-2015 Fleet,PHEV (Diesel) - Electricity consumption: 1350 - <1600 cc,km,e9f4d5f1-e277-4a1c-bb26-b2717885b41f,PHEV (Diesel) - Electricity consumption: 1350 - <1600 cc,,GHG_N2O_KGCO2_e,0.0000129799,
Freight Transport,Light Commercial Vehicles,2010-2015 Fleet,PHEV (Diesel) - Electricity consumption: 1350 - <1600 cc,km,e9f4d5f1-e277-4a1c-bb26-b2717885b41f,PHEV (Diesel) - Electricity consumption: 1350 - <1600 cc,,GHG_TOTAL_KGCO2_e,0.00831491,
Freight Transport,Light Commercial Vehicles,2010-2015 Fleet,PHEV (Diesel) - Electricity consumption: 1600 - <2000 cc,km,6e4f4af5-3780-4b75-b4f7-f59fdb50ce54,PHEV (Diesel) - Electricity consumption: 1600 - <2000 cc,,GHG_CH4_KGCO2_e,0.000278797,
Freight Transport,Light Commercial Vehicles,2010-2015 Fleet,PHEV (Diesel) - Electricity consumption: 1600 - <2000 cc,km,6e4f4af5-3780-4b75-b4f7-f59fdb50ce54,PHEV (Diesel) - Electricity consumption: 1600 - <2000 cc,,GHG_CO2_KGCO2_e,0.00881755,
Freight Transport,Light Commercial Vehicles,2010-2015 Fleet,PHEV (Diesel) - Electricity consumption: 1600 - <2000 cc,km,6e4f4af5-3780-4b75-b4f7-f59fdb50ce54,PHEV (Diesel) - Electricity consumption: 1600 - <2000 cc,,GHG_N2O_KGCO2_e,0.0000142219,
Freight Transport,Light Commercial Vehicles,2010-2015 Fleet,PHEV (Diesel) - Electricity consumption: 1600 - <2000 cc,km,6e4f4af5-3780-4b75-b4f7-f59fdb50ce54,PHEV (Diesel) - Electricity consumption: 1600 - <2000 cc,,GHG_TOTAL_KGCO2_e,0.00911057,
Freight Transport,Light Commercial Vehicles,2010-2015 Fleet,PHEV (Diesel) - Electricity consumption: 2000 - <3000 cc,km,72308291-484d-48e1-81d6-edb962462da5,PHEV (Diesel) - Electricity consumption: 2000 - <3000 cc,,GHG_CH4_KGCO2_e,0.000315558,
Freight Transport,Light Commercial Vehicles,2010-2015 Fleet,PHEV (Diesel) - Electricity consumption: 2000 - <3000 cc,km,72308291-484d-48e1-81d6-edb962462da5,PHEV (Diesel) - Electricity consumption: 2000 - <3000 cc,,GHG_CO2_KGCO2_e,0.00998018,
Freight Transport,Light Commercial Vehicles,2010-2015 Fleet,PHEV (Diesel) - Electricity consumption: 2000 - <3000 cc,km,72308291-484d-48e1-81d6-edb962462da5,PHEV (Diesel) - Electricity consumption: 2000 - <3000 cc,,GHG_N2O_KGCO2_e,0.0000160971,
Freight Transport,Light Commercial Vehicles,2010-2015 Fleet,PHEV (Diesel) - Electricity consumption: 2000 - <3000 cc,km,72308291-484d-48e1-81d6-edb962462da5,PHEV (Diesel) - Electricity consumption: 2000 - <3000 cc,,GHG_TOTAL_KGCO2_e,0.0103118,
Freight Transport,Light Commercial Vehicles,2010-2015 Fleet,PHEV (Diesel) - Electricity consumption: <1350 cc,km,4cc75099-5ae8-44ec-bfc4-6b32777de4f6,PHEV (Diesel) - Electricity consumption: <1350 cc,,GHG_CH4_KGCO2_e,0.000264922,
Freight Transport,Light Commercial Vehicles,2010-2015 Fleet,PHEV (Diesel) - Electricity consumption: <1350 cc,km,4cc75099-5ae8-44ec-bfc4-6b32777de4f6,PHEV (Diesel) - Electricity consumption: <1350 cc,,GHG_CO2_KGCO2_e,0.00837872,
Freight Transport,Light Commercial Vehicles,2010-2015 Fleet,PHEV (Diesel) - Electricity consumption: <1350 cc,km,4cc75099-5ae8-44ec-bfc4-6b32777de4f6,PHEV (Diesel) - Electricity consumption: <1350 cc,,GHG_N2O_KGCO2_e,0.0000135141,
Freight Transport,Light Commercial Vehicles,2010-2015 Fleet,PHEV (Diesel) - Electricity consumption: <1350 cc,km,4cc75099-5ae8-44ec-bfc4-6b32777de4f6,PHEV (Diesel) - Electricity consumption: <1350 cc,,GHG_TOTAL_KGCO2_e,0.00865716,
Freight Transport,Light Commercial Vehicles,2010-2015 Fleet,PHEV (Diesel) - Electricity consumption: >=3000 cc,km,e6ab21e1-467f-405b-b133-c46bc99163e4,PHEV (Diesel) - Electricity consumption: >=3000 cc,,GHG_CH4_KGCO2_e,0.000373223,
Freight Transport,Light Commercial Vehicles,2010-2015 Fleet,PHEV (Diesel) - Electricity consumption: >=3000 cc,km,e6ab21e1-467f-405b-b133-c46bc99163e4,PHEV (Diesel) - Electricity consumption: >=3000 cc,,GHG_CO2_KGCO2_e,0.011804,
Freight Transport,Light Commercial Vehicles,2010-2015 Fleet,PHEV (Diesel) - Electricity consumption: >=3000 cc,km,e6ab21e1-467f-405b-b133-c46bc99163e4,PHEV (Diesel) - Electricity consumption: >=3000 cc,,GHG_N2O_KGCO2_e,0.0000190387,
Freight Transport,Light Commercial Vehicles,2010-2015 Fleet,PHEV (Diesel) - Electricity consumption: >=3000 cc,km,e6ab21e1-467f-405b-b133-c46bc99163e4,PHEV (Diesel) - Electricity consumption: >=3000 cc,,GHG_TOTAL_KGCO2_e,0.0121962,
Freight Transport,Light Commercial Vehicles,2010-2015 Fleet,PHEV (Petrol) - Electricity consumption: 1350 - <1600 cc,km,96c79a33-a4d4-4d1b-9331-1c9e33307462,PHEV (Petrol) - Electricity consumption: 1350 - <1600 cc,,GHG_CH4_KGCO2_e,0.000280439,
Freight Transport,Light Commercial Vehicles,2010-2015 Fleet,PHEV (Petrol) - Electricity consumption: 1350 - <1600 cc,km,96c79a33-a4d4-4d1b-9331-1c9e33307462,PHEV (Petrol) - Electricity consumption: 1350 - <1600 cc,,GHG_CO2_KGCO2_e,0.00886949,
Freight Transport,Light Commercial Vehicles,2010-2015 Fleet,PHEV (Petrol) - Electricity consumption: 1350 - <1600 cc,km,96c79a33-a4d4-4d1b-9331-1c9e33307462,PHEV (Petrol) - Electricity consumption: 1350 - <1600 cc,,GHG_N2O_KGCO2_e,0.0000143057,
Freight Transport,Light Commercial Vehicles,2010-2015 Fleet,PHEV (Petrol) - Electricity consumption: 1350 - <1600 cc,km,96c79a33-a4d4-4d1b-9331-1c9e33307462,PHEV (Petrol) - Electricity consumption: 1350 - <1600 cc,,GHG_TOTAL_KGCO2_e,0.00916423,
Freight Transport,Light Commercial Vehicles,2010-2015 Fleet,PHEV (Petrol) - Electricity consumption: 1600 - <2000 cc,km,a1ddaf6b-2780-411f-b822-eeeecb2b63e9,PHEV (Petrol) - Electricity consumption: 1600 - <2000 cc,,GHG_CH4_KGCO2_e,0.000317284,
Freight Transport,Light Commercial Vehicles,2010-2015 Fleet,PHEV (Petrol) - Electricity consumption: 1600 - <2000 cc,km,a1ddaf6b-2780-411f-b822-eeeecb2b63e9,PHEV (Petrol) - Electricity consumption: 1600 - <2000 cc,,GHG_CO2_KGCO2_e,0.0100348,
Freight Transport,Light Commercial Vehicles,2010-2015 Fleet,PHEV (Petrol) - Electricity consumption: 1600 - <2000 cc,km,a1ddaf6b-2780-411f-b822-eeeecb2b63e9,PHEV (Petrol) - Electricity consumption: 1600 - <2000 cc,,GHG_N2O_KGCO2_e,0.0000161852,
Freight Transport,Light Commercial Vehicles,2010-2015 Fleet,PHEV (Petrol) - Electricity consumption: 1600 - <2000 cc,km,a1ddaf6b-2780-411f-b822-eeeecb2b63e9,PHEV (Petrol) - Electricity consumption: 1600 - <2000 cc,,GHG_TOTAL_KGCO2_e,0.0103682,
Freight Transport,Light Commercial Vehicles,2010-2015 Fleet,PHEV (Petrol) - Electricity consumption: 2000 - <3000 cc,km,148d3391-97fe-4a1d-88d7-1018c61e353d,PHEV (Petrol) - Electricity consumption: 2000 - <3000 cc,,GHG_CH4_KGCO2_e,0.000390777,
Freight Transport,Light Commercial Vehicles,2010-2015 Fleet,PHEV (Petrol) - Electricity consumption: 2000 - <3000 cc,km,148d3391-97fe-4a1d-88d7-1018c61e353d,PHEV (Petrol) - Electricity consumption: 2000 - <3000 cc,,GHG_CO2_KGCO2_e,0.0123591,
Freight Transport,Light Commercial Vehicles,2010-2015 Fleet,PHEV (Petrol) - Electricity consumption: 2000 - <3000 cc,km,148d3391-97fe-4a1d-88d7-1018c61e353d,PHEV (Petrol) - Electricity consumption: 2000 - <3000 cc,,GHG_N2O_KGCO2_e,0.0000199342,
Freight Transport,Light Commercial Vehicles,2010-2015 Fleet,PHEV (Petrol) - Electricity consumption: 2000 - <3000 cc,km,148d3391-97fe-4a1d-88d7-1018c61e353d,PHEV (Petrol) - Electricity consumption: 2000 - <3000 cc,,GHG_TOTAL_KGCO2_e,0.0127698,
Freight Transport,Light Commercial Vehicles,2010-2015 Fleet,PHEV (Petrol) - Electricity consumption: <1350 cc,km,8f57f5e7-4a54-4032-bbd1-1982564a37e9,PHEV (Petrol) - Electricity consumption: <1350 cc,,GHG_CH4_KGCO2_e,0.000261178,
Freight Transport,Light Commercial Vehicles,2010-2015 Fleet,PHEV (Petrol) - Electricity consumption: <1350 cc,km,8f57f5e7-4a54-4032-bbd1-1982564a37e9,PHEV (Petrol) - Electricity consumption: <1350 cc,,GHG_CO2_KGCO2_e,0.00826029,
Freight Transport,Light Commercial Vehicles,2010-2015 Fleet,PHEV (Petrol) - Electricity consumption: <1350 cc,km,8f57f5e7-4a54-4032-bbd1-1982564a37e9,PHEV (Petrol) - Electricity consumption: <1350 cc,,GHG_N2O_KGCO2_e,0.0000133231,
Freight Transport,Light Commercial Vehicles,2010-2015 Fleet,PHEV (Petrol) - Electricity consumption: <1350 cc,km,8f57f5e7-4a54-4032-bbd1-1982564a37e9,PHEV (Petrol) - Electricity consumption: <1350 cc,,GHG_TOTAL_KGCO2_e,0.00853479,
Freight Transport,Light Commercial Vehicles,2010-2015 Fleet,PHEV (Petrol) - Electricity consumption: >=3000 cc,km,221cbdae-d00d-4da2-918f-163624fc2444,PHEV (Petrol) - Electricity consumption: >=3000 cc,,GHG_CH4_KGCO2_e,0.000456794,
Freight Transport,Light Commercial Vehicles,2010-2015 Fleet,PHEV (Petrol) - Electricity consumption: >=3000 cc,km,221cbdae-d00d-4da2-918f-163624fc2444,PHEV (Petrol) - Electricity consumption: >=3000 cc,,GHG_CO2_KGCO2_e,0.0144471,
Freight Transport,Light Commercial Vehicles,2010-2015 Fleet,PHEV (Petrol) - Electricity consumption: >=3000 cc,km,221cbdae-d00d-4da2-918f-163624fc2444,PHEV (Petrol) - Electricity consumption: >=3000 cc,,GHG_N2O_KGCO2_e,0.0000233018,
Freight Transport,Light Commercial Vehicles,2010-2015 Fleet,PHEV (Petrol) - Electricity consumption: >=3000 cc,km,221cbdae-d00d-4da2-918f-163624fc2444,PHEV (Petrol) - Electricity consumption: >=3000 cc,,GHG_TOTAL_KGCO2_e,0.0149272,
Freight Transport,Light Commercial Vehicles,2010-2015 Fleet,PHEV (Petrol) - Petrol consumption: 1350 - <1600 cc,km,ed0b69e4-76a3-4c82-b2bd-76b41a5804e9,PHEV (Petrol) - Petrol consumption: 1350 - <1600 cc,,GHG_CH4_KGCO2_e,0.00106473,
Freight Transport,Light Commercial Vehicles,2010-2015 Fleet,PHEV (Petrol) - Petrol consumption: 1350 - <1600 cc,km,ed0b69e4-76a3-4c82-b2bd-76b41a5804e9,PHEV (Petrol) - Petrol consumption: 1350 - <1600 cc,,GHG_CO2_KGCO2_e,0.0797139,
Freight Transport,Light Commercial Vehicles,2010-2015 Fleet,PHEV (Petrol) - Petrol consumption: 1350 - <1600 cc,km,ed0b69e4-76a3-4c82-b2bd-76b41a5804e9,PHEV (Petrol) - Petrol consumption: 1350 - <1600 cc,,GHG_N2O_KGCO2_e,0.00244288,
Freight Transport,Light Commercial Vehicles,2010-2015 Fleet,PHEV (Petrol) - Petrol consumption: 1350 - <1600 cc,km,ed0b69e4-76a3-4c82-b2bd-76b41a5804e9,PHEV (Petrol) - Petrol consumption: 1350 - <1600 cc,,GHG_TOTAL_KGCO2_e,0.0832215,
Freight Transport,Light Commercial Vehicles,2010-2015 Fleet,PHEV (Petrol) - Petrol consumption: 1600 - <2000 cc,km,3c66e387-9e7a-44ad-b6e5-e38a1dd34e9b,PHEV (Petrol) - Petrol consumption: 1600 - <2000 cc,,GHG_CH4_KGCO2_e,0.00143658,
Freight Transport,Light Commercial Vehicles,2010-2015 Fleet,PHEV (Petrol) - Petrol consumption: 1600 - <2000 cc,km,3c66e387-9e7a-44ad-b6e5-e38a1dd34e9b,PHEV (Petrol) - Petrol consumption: 1600 - <2000 cc,,GHG_CO2_KGCO2_e,0.107553,
Freight Transport,Light Commercial Vehicles,2010-2015 Fleet,PHEV (Petrol) - Petrol consumption: 1600 - <2000 cc,km,3c66e387-9e7a-44ad-b6e5-e38a1dd34e9b,PHEV (Petrol) - Petrol consumption: 1600 - <2000 cc,,GHG_N2O_KGCO2_e,0.00329604,
Freight Transport,Light Commercial Vehicles,2010-2015 Fleet,PHEV (Petrol) - Petrol consumption: 1600 - <2000 cc,km,3c66e387-9e7a-44ad-b6e5-e38a1dd34e9b,PHEV (Petrol) - Petrol consumption: 1600 - <2000 cc,,GHG_TOTAL_KGCO2_e,0.112286,
Freight Transport,Light Commercial Vehicles,2010-2015 Fleet,PHEV (Petrol) - Petrol consumption: 2000 - <3000 cc,km,261bd030-fe8e-4fc3-9c08-262c22fd2471,PHEV (Petrol) - Petrol consumption: 2000 - <3000 cc,,GHG_CH4_KGCO2_e,0.00151962,
Freight Transport,Light Commercial Vehicles,2010-2015 Fleet,PHEV (Petrol) - Petrol consumption: 2000 - <3000 cc,km,261bd030-fe8e-4fc3-9c08-262c22fd2471,PHEV (Petrol) - Petrol consumption: 2000 - <3000 cc,,GHG_CO2_KGCO2_e,0.113771,
Freight Transport,Light Commercial Vehicles,2010-2015 Fleet,PHEV (Petrol) - Petrol consumption: 2000 - <3000 cc,km,261bd030-fe8e-4fc3-9c08-262c22fd2471,PHEV (Petrol) - Petrol consumption: 2000 - <3000 cc,,GHG_N2O_KGCO2_e,0.00348658,
Freight Transport,Light Commercial Vehicles,2010-2015 Fleet,PHEV (Petrol) - Petrol consumption: 2000 - <3000 cc,km,261bd030-fe8e-4fc3-9c08-262c22fd2471,PHEV (Petrol) - Petrol consumption: 2000 - <3000 cc,,GHG_TOTAL_KGCO2_e,0.118777,
Freight Transport,Light Commercial Vehicles,2010-2015 Fleet,PHEV (Petrol) - Petrol consumption: <1350 cc,km,5fdf320e-164f-4992-8de7-9cba0c44ac6d,PHEV (Petrol) - Petrol consumption: <1350 cc,,GHG_CH4_KGCO2_e,0.000991597,
Freight Transport,Light Commercial Vehicles,2010-2015 Fleet,PHEV (Petrol) - Petrol consumption: <1350 cc,km,5fdf320e-164f-4992-8de7-9cba0c44ac6d,PHEV (Petrol) - Petrol consumption: <1350 cc,,GHG_CO2_KGCO2_e,0.0742388,
Freight Transport,Light Commercial Vehicles,2010-2015 Fleet,PHEV (Petrol) - Petrol consumption: <1350 cc,km,5fdf320e-164f-4992-8de7-9cba0c44ac6d,PHEV (Petrol) - Petrol consumption: <1350 cc,,GHG_N2O_KGCO2_e,0.00227509,
Freight Transport,Light Commercial Vehicles,2010-2015 Fleet,PHEV (Petrol) - Petrol consumption: <1350 cc,km,5fdf320e-164f-4992-8de7-9cba0c44ac6d,PHEV (Petrol) - Petrol consumption: <1350 cc,,GHG_TOTAL_KGCO2_e,0.0775055,
Freight Transport,Light Commercial Vehicles,2010-2015 Fleet,PHEV (Petrol) - Petrol consumption: >=3000 cc,km,4a1a4401-c323-4e47-ba46-f883386a517a,PHEV (Petrol) - Petrol consumption: >=3000 cc,,GHG_CH4_KGCO2_e,0.00173529,
Freight Transport,Light Commercial Vehicles,2010-2015 Fleet,PHEV (Petrol) - Petrol consumption: >=3000 cc,km,4a1a4401-c323-4e47-ba46-f883386a517a,PHEV (Petrol) - Petrol consumption: >=3000 cc,,GHG_CO2_KGCO2_e,0.129918,
Freight Transport,Light Commercial Vehicles,2010-2015 Fleet,PHEV (Petrol) - Petrol consumption: >=3000 cc,km,4a1a4401-c323-4e47-ba46-f883386a517a,PHEV (Petrol) - Petrol consumption: >=3000 cc,,GHG_N2O_KGCO2_e,0.00398141,
Freight Transport,Light Commercial Vehicles,2010-2015 Fleet,PHEV (Petrol) - Petrol consumption: >=3000 cc,km,4a1a4401-c323-4e47-ba46-f883386a517a,PHEV (Petrol) - Petrol consumption: >=3000 cc,,GHG_TOTAL_KGCO2_e,0.135635,
Freight Transport,Light Commercial Vehicles,2010-2015 Fleet,Petrol hybrid: 1350 - <1600 cc,km,56b02d99-fdbf-4419-89e8-87fc5556a0c0:2,Petrol hybrid: 1350 - <1600 cc,,GHG_CH4_KGCO2_e,0.00203451,
Freight Transport,Light Commercial Vehicles,2010-2015 Fleet,Petrol hybrid: 1350 - <1600 cc,km,56b02d99-fdbf-4419-89e8-87fc5556a0c0:2,Petrol hybrid: 1350 - <1600 cc,,GHG_CO2_KGCO2_e,0.15232,
Freight Transport,Light Commercial Vehicles,2010-2015 Fleet,Petrol hybrid: 1350 - <1600 cc,km,56b02d99-fdbf-4419-89e8-87fc5556a0c0:2,Petrol hybrid: 1350 - <1600 cc,,GHG_N2O_KGCO2_e,0.00466792,
Freight Transport,Light Commercial Vehicles,2010-2015 Fleet,Petrol hybrid: 1350 - <1600 cc,km,56b02d99-fdbf-4419-89e8-87fc5556a0c0:2,Petrol hybrid: 1350 - <1600 cc,,GHG_TOTAL_KGCO2_e,0.159022,
Freight Transport,Light Commercial Vehicles,2010-2015 Fleet,Petrol hybrid: 1600 - <2000 cc,km,5e314718-e549-4a56-8d5f-ef26818a5d9c:2,Petrol hybrid: 1600 - <2000 cc,,GHG_CH4_KGCO2_e,0.00274505,
Freight Transport,Light Commercial Vehicles,2010-2015 Fleet,Petrol hybrid: 1600 - <2000 cc,km,5e314718-e549-4a56-8d5f-ef26818a5d9c:2,Petrol hybrid: 1600 - <2000 cc,,GHG_CO2_KGCO2_e,0.205516,
Freight Transport,Light Commercial Vehicles,2010-2015 Fleet,Petrol hybrid: 1600 - <2000 cc,km,5e314718-e549-4a56-8d5f-ef26818a5d9c:2,Petrol hybrid: 1600 - <2000 cc,,GHG_N2O_KGCO2_e,0.00629817,
Freight Transport,Light Commercial Vehicles,2010-2015 Fleet,Petrol hybrid: 1600 - <2000 cc,km,5e314718-e549-4a56-8d5f-ef26818a5d9c:2,Petrol hybrid: 1600 - <2000 cc,,GHG_TOTAL_KGCO2_e,0.214559,
Freight Transport,Light Commercial Vehicles,2010-2015 Fleet,Petrol hybrid: 2000 - <3000 cc,km,ff9987db-9d4c-4f5c-9bb0-da1685d5becb:2,Petrol hybrid: 2000 - <3000 cc,,GHG_CH4_KGCO2_e,0.00290374,
Freight Transport,Light Commercial Vehicles,2010-2015 Fleet,Petrol hybrid: 2000 - <3000 cc,km,ff9987db-9d4c-4f5c-9bb0-da1685d5becb:2,Petrol hybrid: 2000 - <3000 cc,,GHG_CO2_KGCO2_e,0.217397,
Freight Transport,Light Commercial Vehicles,2010-2015 Fleet,Petrol hybrid: 2000 - <3000 cc,km,ff9987db-9d4c-4f5c-9bb0-da1685d5becb:2,Petrol hybrid: 2000 - <3000 cc,,GHG_N2O_KGCO2_e,0.00666225,
Freight Transport,Light Commercial Vehicles,2010-2015 Fleet,Petrol hybrid: 2000 - <3000 cc,km,ff9987db-9d4c-4f5c-9bb0-da1685d5becb:2,Petrol hybrid: 2000 - <3000 cc,,GHG_TOTAL_KGCO2_e,0.226963,
Freight Transport,Light Commercial Vehicles,2010-2015 Fleet,Petrol hybrid: <1350 cc,km,b9bf4481-aaa4-4f03-8d75-ded07b7baa48:2,Petrol hybrid: <1350 cc,,GHG_CH4_KGCO2_e,0.00189477,
Freight Transport,Light Commercial Vehicles,2010-2015 Fleet,Petrol hybrid: <1350 cc,km,b9bf4481-aaa4-4f03-8d75-ded07b7baa48:2,Petrol hybrid: <1350 cc,,GHG_CO2_KGCO2_e,0.141858,
Freight Transport,Light Commercial Vehicles,2010-2015 Fleet,Petrol hybrid: <1350 cc,km,b9bf4481-aaa4-4f03-8d75-ded07b7baa48:2,Petrol hybrid: <1350 cc,,GHG_N2O_KGCO2_e,0.00434731,
Freight Transport,Light Commercial Vehicles,2010-2015 Fleet,Petrol hybrid: <1350 cc,km,b9bf4481-aaa4-4f03-8d75-ded07b7baa48:2,Petrol hybrid: <1350 cc,,GHG_TOTAL_KGCO2_e,0.1481,
Freight Transport,Light Commercial Vehicles,2010-2015 Fleet,Petrol hybrid: >=3000 cc,km,9cd96dd1-ce36-4923-8838-61a1bae04210:2,Petrol hybrid: >=3000 cc,,GHG_CH4_KGCO2_e,0.00331585,
Freight Transport,Light Commercial Vehicles,2010-2015 Fleet,Petrol hybrid: >=3000 cc,km,9cd96dd1-ce36-4923-8838-61a1bae04210:2,Petrol hybrid: >=3000 cc,,GHG_CO2_KGCO2_e,0.248251,
Freight Transport,Light Commercial Vehicles,2010-2015 Fleet,Petrol hybrid: >=3000 cc,km,9cd96dd1-ce36-4923-8838-61a1bae04210:2,Petrol hybrid: >=3000 cc,,GHG_N2O_KGCO2_e,0.00760779,
Freight Transport,Light Commercial Vehicles,2010-2015 Fleet,Petrol hybrid: >=3000 cc,km,9cd96dd1-ce36-4923-8838-61a1bae04210:2,Petrol hybrid: >=3000 cc,,GHG_TOTAL_KGCO2_e,0.259174,
Freight Transport,Light Commercial Vehicles,2010-2015 Fleet,Petrol: 1350 - <1600 cc,km,f426be98-85c3-4aa7-95f8-4b960af381cc:2,Petrol: 1350 - <1600 cc,,GHG_CH4_KGCO2_e,0.00257705,
Freight Transport,Light Commercial Vehicles,2010-2015 Fleet,Petrol: 1350 - <1600 cc,km,f426be98-85c3-4aa7-95f8-4b960af381cc:2,Petrol: 1350 - <1600 cc,,GHG_CO2_KGCO2_e,0.192938,
Freight Transport,Light Commercial Vehicles,2010-2015 Fleet,Petrol: 1350 - <1600 cc,km,f426be98-85c3-4aa7-95f8-4b960af381cc:2,Petrol: 1350 - <1600 cc,,GHG_N2O_KGCO2_e,0.0059127,
Freight Transport,Light Commercial Vehicles,2010-2015 Fleet,Petrol: 1350 - <1600 cc,km,f426be98-85c3-4aa7-95f8-4b960af381cc:2,Petrol: 1350 - <1600 cc,,GHG_TOTAL_KGCO2_e,0.201428,
Freight Transport,Light Commercial Vehicles,2010-2015 Fleet,Petrol: 1600 - <2000 cc,km,ed40b516-f568-4398-bb64-2ea087527591:2,Petrol: 1600 - <2000 cc,,GHG_CH4_KGCO2_e,0.00347706,
Freight Transport,Light Commercial Vehicles,2010-2015 Fleet,Petrol: 1600 - <2000 cc,km,ed40b516-f568-4398-bb64-2ea087527591:2,Petrol: 1600 - <2000 cc,,GHG_CO2_KGCO2_e,0.26032,
Freight Transport,Light Commercial Vehicles,2010-2015 Fleet,Petrol: 1600 - <2000 cc,km,ed40b516-f568-4398-bb64-2ea087527591:2,Petrol: 1600 - <2000 cc,,GHG_N2O_KGCO2_e,0.00797768,
Freight Transport,Light Commercial Vehicles,2010-2015 Fleet,Petrol: 1600 - <2000 cc,km,ed40b516-f568-4398-bb64-2ea087527591:2,Petrol: 1600 - <2000 cc,,GHG_TOTAL_KGCO2_e,0.271775,
Freight Transport,Light Commercial Vehicles,2010-2015 Fleet,Petrol: 2000 - <3000 cc,km,07008468-f18a-4ec4-9558-84344fc5a704:2,Petrol: 2000 - <3000 cc,,GHG_CH4_KGCO2_e,0.00367807,
Freight Transport,Light Commercial Vehicles,2010-2015 Fleet,Petrol: 2000 - <3000 cc,km,07008468-f18a-4ec4-9558-84344fc5a704:2,Petrol: 2000 - <3000 cc,,GHG_CO2_KGCO2_e,0.275369,
Freight Transport,Light Commercial Vehicles,2010-2015 Fleet,Petrol: 2000 - <3000 cc,km,07008468-f18a-4ec4-9558-84344fc5a704:2,Petrol: 2000 - <3000 cc,,GHG_N2O_KGCO2_e,0.00843885,
Freight Transport,Light Commercial Vehicles,2010-2015 Fleet,Petrol: 2000 - <3000 cc,km,07008468-f18a-4ec4-9558-84344fc5a704:2,Petrol: 2000 - <3000 cc,,GHG_TOTAL_KGCO2_e,0.287486,
Freight Transport,Light Commercial Vehicles,2010-2015 Fleet,Petrol: <1350 cc,km,b35f4a58-f4bc-4318-8102-ae800bf67d79:2,Petrol: <1350 cc,,GHG_CH4_KGCO2_e,0.00240004,
Freight Transport,Light Commercial Vehicles,2010-2015 Fleet,Petrol: <1350 cc,km,b35f4a58-f4bc-4318-8102-ae800bf67d79:2,Petrol: <1350 cc,,GHG_CO2_KGCO2_e,0.179686,
Freight Transport,Light Commercial Vehicles,2010-2015 Fleet,Petrol: <1350 cc,km,b35f4a58-f4bc-4318-8102-ae800bf67d79:2,Petrol: <1350 cc,,GHG_N2O_KGCO2_e,0.00550659,
Freight Transport,Light Commercial Vehicles,2010-2015 Fleet,Petrol: <1350 cc,km,b35f4a58-f4bc-4318-8102-ae800bf67d79:2,Petrol: <1350 cc,,GHG_TOTAL_KGCO2_e,0.187593,
Freight Transport,Light Commercial Vehicles,2010-2015 Fleet,Petrol: >=3000 cc,km,d6593ed8-0c1b-4954-86a9-2b167bb354f1:2,Petrol: >=3000 cc,,GHG_CH4_KGCO2_e,0.00420008,
Freight Transport,Light Commercial Vehicles,2010-2015 Fleet,Petrol: >=3000 cc,km,d6593ed8-0c1b-4954-86a9-2b167bb354f1:2,Petrol: >=3000 cc,,GHG_CO2_KGCO2_e,0.314451,
Freight Transport,Light Commercial Vehicles,2010-2015 Fleet,Petrol: >=3000 cc,km,d6593ed8-0c1b-4954-86a9-2b167bb354f1:2,Petrol: >=3000 cc,,GHG_N2O_KGCO2_e,0.00963654,
Freight Transport,Light Commercial Vehicles,2010-2015 Fleet,Petrol: >=3000 cc,km,d6593ed8-0c1b-4954-86a9-2b167bb354f1:2,Petrol: >=3000 cc,,GHG_TOTAL_KGCO2_e,0.328288,
Freight Transport,Light Commercial Vehicles,2015-2020 Fleet,Diesel hybrid: 1350 - <1600 cc,km,f30472ee-9cd5-492e-b120-73f186477e92:3,Diesel hybrid: 1350 - <1600 cc,,GHG_CH4_KGCO2_e,0.000238057,
Freight Transport,Light Commercial Vehicles,2015-2020 Fleet,Diesel hybrid: 1350 - <1600 cc,km,f30472ee-9cd5-492e-b120-73f186477e92:3,Diesel hybrid: 1350 - <1600 cc,,GHG_CO2_KGCO2_e,0.158569,
Freight Transport,Light Commercial Vehicles,2015-2020 Fleet,Diesel hybrid: 1350 - <1600 cc,km,f30472ee-9cd5-492e-b120-73f186477e92:3,Diesel hybrid: 1350 - <1600 cc,,GHG_N2O_KGCO2_e,0.00225304,
Freight Transport,Light Commercial Vehicles,2015-2020 Fleet,Diesel hybrid: 1350 - <1600 cc,km,f30472ee-9cd5-492e-b120-73f186477e92:3,Diesel hybrid: 1350 - <1600 cc,,GHG_TOTAL_KGCO2_e,0.16106,
Freight Transport,Light Commercial Vehicles,2015-2020 Fleet,Diesel hybrid: 1600 - <2000 cc,km,cffcd54a-ae3d-4018-82c5-c29a0fff854b:3,Diesel hybrid: 1600 - <2000 cc,,GHG_CH4_KGCO2_e,0.000316906,
Freight Transport,Light Commercial Vehicles,2015-2020 Fleet,Diesel hybrid: 1600 - <2000 cc,km,cffcd54a-ae3d-4018-82c5-c29a0fff854b:3,Diesel hybrid: 1600 - <2000 cc,,GHG_CO2_KGCO2_e,0.21109,
Freight Transport,Light Commercial Vehicles,2015-2020 Fleet,Diesel hybrid: 1600 - <2000 cc,km,cffcd54a-ae3d-4018-82c5-c29a0fff854b:3,Diesel hybrid: 1600 - <2000 cc,,GHG_N2O_KGCO2_e,0.00299929,
Freight Transport,Light Commercial Vehicles,2015-2020 Fleet,Diesel hybrid: 1600 - <2000 cc,km,cffcd54a-ae3d-4018-82c5-c29a0fff854b:3,Diesel hybrid: 1600 - <2000 cc,,GHG_TOTAL_KGCO2_e,0.214406,
Freight Transport,Light Commercial Vehicles,2015-2020 Fleet,Diesel hybrid: 2000 - <3000 cc,km,b12aa399-60b4-4df9-a1e3-2a6db2ef7baa:3,Diesel hybrid: 2000 - <3000 cc,,GHG_CH4_KGCO2_e,0.000339804,
Freight Transport,Light Commercial Vehicles,2015-2020 Fleet,Diesel hybrid: 2000 - <3000 cc,km,b12aa399-60b4-4df9-a1e3-2a6db2ef7baa:3,Diesel hybrid: 2000 - <3000 cc,,GHG_CO2_KGCO2_e,0.226343,
Freight Transport,Light Commercial Vehicles,2015-2020 Fleet,Diesel hybrid: 2000 - <3000 cc,km,b12aa399-60b4-4df9-a1e3-2a6db2ef7baa:3,Diesel hybrid: 2000 - <3000 cc,,GHG_N2O_KGCO2_e,0.00321601,
Freight Transport,Light Commercial Vehicles,2015-2020 Fleet,Diesel hybrid: 2000 - <3000 cc,km,b12aa399-60b4-4df9-a1e3-2a6db2ef7baa:3,Diesel hybrid: 2000 - <3000 cc,,GHG_TOTAL_KGCO2_e,0.229899,
Freight Transport,Light Commercial Vehicles,2015-2020 Fleet,Diesel hybrid: <1350 cc,km,ebc8627b-ad86-44aa-b553-cc87a0055507:3,Diesel hybrid: <1350 cc,,GHG_CH4_KGCO2_e,0.00024738,
Freight Transport,Light Commercial Vehicles,2015-2020 Fleet,Diesel hybrid: <1350 cc,km,ebc8627b-ad86-44aa-b553-cc87a0055507:3,Diesel hybrid: <1350 cc,,GHG_CO2_KGCO2_e,0.164779,
Freight Transport,Light Commercial Vehicles,2015-2020 Fleet,Diesel hybrid: <1350 cc,km,ebc8627b-ad86-44aa-b553-cc87a0055507:3,Diesel hybrid: <1350 cc,,GHG_N2O_KGCO2_e,0.00234127,
Freight Transport,Light Commercial Vehicles,2015-2020 Fleet,Diesel hybrid: <1350 cc,km,ebc8627b-ad86-44aa-b553-cc87a0055507:3,Diesel hybrid: <1350 cc,,GHG_TOTAL_KGCO2_e,0.167368,
Freight Transport,Light Commercial Vehicles,2015-2020 Fleet,Diesel hybrid: >=3000 cc,km,50b6dd15-146e-42be-a97d-0b748104a891:3,Diesel hybrid: >=3000 cc,,GHG_CH4_KGCO2_e,0.000344081,
Freight Transport,Light Commercial Vehicles,2015-2020 Fleet,Diesel hybrid: >=3000 cc,km,50b6dd15-146e-42be-a97d-0b748104a891:3,Diesel hybrid: >=3000 cc,,GHG_CO2_KGCO2_e,0.229191,
Freight Transport,Light Commercial Vehicles,2015-2020 Fleet,Diesel hybrid: >=3000 cc,km,50b6dd15-146e-42be-a97d-0b748104a891:3,Diesel hybrid: >=3000 cc,,GHG_N2O_KGCO2_e,0.00325648,
Freight Transport,Light Commercial Vehicles,2015-2020 Fleet,Diesel hybrid: >=3000 cc,km,50b6dd15-146e-42be-a97d-0b748104a891:3,Diesel hybrid: >=3000 cc,,GHG_TOTAL_KGCO2_e,0.232792,
Freight Transport,Light Commercial Vehicles,2015-2020 Fleet,Diesel: 1350 - <1600 cc,km,67763782-b5cb-43ff-9343-8521aba0ab07:3,Diesel: 1350 - <1600 cc,,GHG_CH4_KGCO2_e,0.000264609,
Freight Transport,Light Commercial Vehicles,2015-2020 Fleet,Diesel: 1350 - <1600 cc,km,67763782-b5cb-43ff-9343-8521aba0ab07:3,Diesel: 1350 - <1600 cc,,GHG_CO2_KGCO2_e,0.176255,
Freight Transport,Light Commercial Vehicles,2015-2020 Fleet,Diesel: 1350 - <1600 cc,km,67763782-b5cb-43ff-9343-8521aba0ab07:3,Diesel: 1350 - <1600 cc,,GHG_N2O_KGCO2_e,0.00250433,
Freight Transport,Light Commercial Vehicles,2015-2020 Fleet,Diesel: 1350 - <1600 cc,km,67763782-b5cb-43ff-9343-8521aba0ab07:3,Diesel: 1350 - <1600 cc,,GHG_TOTAL_KGCO2_e,0.179024,
Freight Transport,Light Commercial Vehicles,2015-2020 Fleet,Diesel: 1600 - <2000 cc,km,92bdf71b-cc5f-4ffc-bd88-ae2b01bcd888:3,Diesel: 1600 - <2000 cc,,GHG_CH4_KGCO2_e,0.000352252,
Freight Transport,Light Commercial Vehicles,2015-2020 Fleet,Diesel: 1600 - <2000 cc,km,92bdf71b-cc5f-4ffc-bd88-ae2b01bcd888:3,Diesel: 1600 - <2000 cc,,GHG_CO2_KGCO2_e,0.234635,
Freight Transport,Light Commercial Vehicles,2015-2020 Fleet,Diesel: 1600 - <2000 cc,km,92bdf71b-cc5f-4ffc-bd88-ae2b01bcd888:3,Diesel: 1600 - <2000 cc,,GHG_N2O_KGCO2_e,0.00333382,
Freight Transport,Light Commercial Vehicles,2015-2020 Fleet,Diesel: 1600 - <2000 cc,km,92bdf71b-cc5f-4ffc-bd88-ae2b01bcd888:3,Diesel: 1600 - <2000 cc,,GHG_TOTAL_KGCO2_e,0.238321,
Freight Transport,Light Commercial Vehicles,2015-2020 Fleet,Diesel: 2000 - <3000 cc,km,a56e64ad-d53e-4c75-a94b-c259eaa5935b:3,Diesel: 2000 - <3000 cc,,GHG_CH4_KGCO2_e,0.000377705,
Freight Transport,Light Commercial Vehicles,2015-2020 Fleet,Diesel: 2000 - <3000 cc,km,a56e64ad-d53e-4c75-a94b-c259eaa5935b:3,Diesel: 2000 - <3000 cc,,GHG_CO2_KGCO2_e,0.251589,
Freight Transport,Light Commercial Vehicles,2015-2020 Fleet,Diesel: 2000 - <3000 cc,km,a56e64ad-d53e-4c75-a94b-c259eaa5935b:3,Diesel: 2000 - <3000 cc,,GHG_N2O_KGCO2_e,0.00357471,
Freight Transport,Light Commercial Vehicles,2015-2020 Fleet,Diesel: 2000 - <3000 cc,km,a56e64ad-d53e-4c75-a94b-c259eaa5935b:3,Diesel: 2000 - <3000 cc,,GHG_TOTAL_KGCO2_e,0.255541,
Freight Transport,Light Commercial Vehicles,2015-2020 Fleet,Diesel: <1350 cc,km,37f7e193-1dc0-433b-a817-f607b1bdbfeb:3,Diesel: <1350 cc,,GHG_CH4_KGCO2_e,0.000274972,
Freight Transport,Light Commercial Vehicles,2015-2020 Fleet,Diesel: <1350 cc,km,37f7e193-1dc0-433b-a817-f607b1bdbfeb:3,Diesel: <1350 cc,,GHG_CO2_KGCO2_e,0.183158,
Freight Transport,Light Commercial Vehicles,2015-2020 Fleet,Diesel: <1350 cc,km,37f7e193-1dc0-433b-a817-f607b1bdbfeb:3,Diesel: <1350 cc,,GHG_N2O_KGCO2_e,0.00260241,
Freight Transport,Light Commercial Vehicles,2015-2020 Fleet,Diesel: <1350 cc,km,37f7e193-1dc0-433b-a817-f607b1bdbfeb:3,Diesel: <1350 cc,,GHG_TOTAL_KGCO2_e,0.186035,
Freight Transport,Light Commercial Vehicles,2015-2020 Fleet,Diesel: >=3000 cc,km,8e536614-3404-476e-9b15-cfd5485ffa3a:3,Diesel: >=3000 cc,,GHG_CH4_KGCO2_e,0.000382458,
Freight Transport,Light Commercial Vehicles,2015-2020 Fleet,Diesel: >=3000 cc,km,8e536614-3404-476e-9b15-cfd5485ffa3a:3,Diesel: >=3000 cc,,GHG_CO2_KGCO2_e,0.254755,
Freight Transport,Light Commercial Vehicles,2015-2020 Fleet,Diesel: >=3000 cc,km,8e536614-3404-476e-9b15-cfd5485ffa3a:3,Diesel: >=3000 cc,,GHG_N2O_KGCO2_e,0.00361969,
Freight Transport,Light Commercial Vehicles,2015-2020 Fleet,Diesel: >=3000 cc,km,8e536614-3404-476e-9b15-cfd5485ffa3a:3,Diesel: >=3000 cc,,GHG_TOTAL_KGCO2_e,0.258757,
Freight Transport,Light Commercial Vehicles,2015-2020 Fleet,Electric vehicle: 1350 - <1600 cc,km,7370a358-ae1d-4710-9a70-f46335010f61:2,Electric vehicle: 1350 - <1600 cc,,GHG_CH4_KGCO2_e,0.000567464,
Freight Transport,Light Commercial Vehicles,2015-2020 Fleet,Electric vehicle: 1350 - <1600 cc,km,7370a358-ae1d-4710-9a70-f46335010f61:2,Electric vehicle: 1350 - <1600 cc,,GHG_CO2_KGCO2_e,0.0179472,
Freight Transport,Light Commercial Vehicles,2015-2020 Fleet,Electric vehicle: 1350 - <1600 cc,km,7370a358-ae1d-4710-9a70-f46335010f61:2,Electric vehicle: 1350 - <1600 cc,,GHG_N2O_KGCO2_e,0.0000289473,
Freight Transport,Light Commercial Vehicles,2015-2020 Fleet,Electric vehicle: 1350 - <1600 cc,km,7370a358-ae1d-4710-9a70-f46335010f61:2,Electric vehicle: 1350 - <1600 cc,,GHG_TOTAL_KGCO2_e,0.0185437,
Freight Transport,Light Commercial Vehicles,2015-2020 Fleet,Electric vehicle: 1600 - <2000 cc,km,f5075020-12df-47be-a96a-92f2af79c0f7:2,Electric vehicle: 1600 - <2000 cc,,GHG_CH4_KGCO2_e,0.000642019,
Freight Transport,Light Commercial Vehicles,2015-2020 Fleet,Electric vehicle: 1600 - <2000 cc,km,f5075020-12df-47be-a96a-92f2af79c0f7:2,Electric vehicle: 1600 - <2000 cc,,GHG_CO2_KGCO2_e,0.0203052,
Freight Transport,Light Commercial Vehicles,2015-2020 Fleet,Electric vehicle: 1600 - <2000 cc,km,f5075020-12df-47be-a96a-92f2af79c0f7:2,Electric vehicle: 1600 - <2000 cc,,GHG_N2O_KGCO2_e,0.0000327504,
Freight Transport,Light Commercial Vehicles,2015-2020 Fleet,Electric vehicle: 1600 - <2000 cc,km,f5075020-12df-47be-a96a-92f2af79c0f7:2,Electric vehicle: 1600 - <2000 cc,,GHG_TOTAL_KGCO2_e,0.02098,
Freight Transport,Light Commercial Vehicles,2015-2020 Fleet,Electric vehicle: 2000 - <3000 cc,km,9f46264c-4ca1-4585-a5ea-594d1b1114ed:2,Electric vehicle: 2000 - <3000 cc,,GHG_CH4_KGCO2_e,0.00079073,
Freight Transport,Light Commercial Vehicles,2015-2020 Fleet,Electric vehicle: 2000 - <3000 cc,km,9f46264c-4ca1-4585-a5ea-594d1b1114ed:2,Electric vehicle: 2000 - <3000 cc,,GHG_CO2_KGCO2_e,0.0250085,
Freight Transport,Light Commercial Vehicles,2015-2020 Fleet,Electric vehicle: 2000 - <3000 cc,km,9f46264c-4ca1-4585-a5ea-594d1b1114ed:2,Electric vehicle: 2000 - <3000 cc,,GHG_N2O_KGCO2_e,0.0000403364,
Freight Transport,Light Commercial Vehicles,2015-2020 Fleet,Electric vehicle: 2000 - <3000 cc,km,9f46264c-4ca1-4585-a5ea-594d1b1114ed:2,Electric vehicle: 2000 - <3000 cc,,GHG_TOTAL_KGCO2_e,0.0258396,
Freight Transport,Light Commercial Vehicles,2015-2020 Fleet,Electric vehicle: <1350 cc,km,1fab9743-7c09-4286-8afd-bdd8b0653118:2,Electric vehicle: <1350 cc,,GHG_CH4_KGCO2_e,0.000528488,
Freight Transport,Light Commercial Vehicles,2015-2020 Fleet,Electric vehicle: <1350 cc,km,1fab9743-7c09-4286-8afd-bdd8b0653118:2,Electric vehicle: <1350 cc,,GHG_CO2_KGCO2_e,0.0167145,
Freight Transport,Light Commercial Vehicles,2015-2020 Fleet,Electric vehicle: <1350 cc,km,1fab9743-7c09-4286-8afd-bdd8b0653118:2,Electric vehicle: <1350 cc,,GHG_N2O_KGCO2_e,0.000026959,
Freight Transport,Light Commercial Vehicles,2015-2020 Fleet,Electric vehicle: <1350 cc,km,1fab9743-7c09-4286-8afd-bdd8b0653118:2,Electric vehicle: <1350 cc,,GHG_TOTAL_KGCO2_e,0.01727,
Freight Transport,Light Commercial Vehicles,2015-2020 Fleet,Electric vehicle: >=3000 cc,km,060032ec-9bf7-4d43-b858-3aa26c114d28:2,Electric vehicle: >=3000 cc,,GHG_CH4_KGCO2_e,0.000924315,
Freight Transport,Light Commercial Vehicles,2015-2020 Fleet,Electric vehicle: >=3000 cc,km,060032ec-9bf7-4d43-b858-3aa26c114d28:2,Electric vehicle: >=3000 cc,,GHG_CO2_KGCO2_e,0.0292334,
Freight Transport,Light Commercial Vehicles,2015-2020 Fleet,Electric vehicle: >=3000 cc,km,060032ec-9bf7-4d43-b858-3aa26c114d28:2,Electric vehicle: >=3000 cc,,GHG_N2O_KGCO2_e,0.0000471508,
Freight Transport,Light Commercial Vehicles,2015-2020 Fleet,Electric vehicle: >=3000 cc,km,060032ec-9bf7-4d43-b858-3aa26c114d28:2,Electric vehicle: >=3000 cc,,GHG_TOTAL_KGCO2_e,0.0302049,
Freight Transport,Light Commercial Vehicles,2015-2020 Fleet,PHEV (Diesel) - Diesel consumption: 1350 - <1600 cc,km,485b7047-80d9-4d94-bfc4-9efbd91ff063:2,PHEV (Diesel) - Diesel consumption: 1350 - <1600 cc,,GHG_CH4_KGCO2_e,0.000124583,
Freight Transport,Light Commercial Vehicles,2015-2020 Fleet,PHEV (Diesel) - Diesel consumption: 1350 - <1600 cc,km,485b7047-80d9-4d94-bfc4-9efbd91ff063:2,PHEV (Diesel) - Diesel consumption: 1350 - <1600 cc,,GHG_CO2_KGCO2_e,0.0829845,
Freight Transport,Light Commercial Vehicles,2015-2020 Fleet,PHEV (Diesel) - Diesel consumption: 1350 - <1600 cc,km,485b7047-80d9-4d94-bfc4-9efbd91ff063:2,PHEV (Diesel) - Diesel consumption: 1350 - <1600 cc,,GHG_N2O_KGCO2_e,0.00117909,
Freight Transport,Light Commercial Vehicles,2015-2020 Fleet,PHEV (Diesel) - Diesel consumption: 1350 - <1600 cc,km,485b7047-80d9-4d94-bfc4-9efbd91ff063:2,PHEV (Diesel) - Diesel consumption: 1350 - <1600 cc,,GHG_TOTAL_KGCO2_e,0.0842882,
Freight Transport,Light Commercial Vehicles,2015-2020 Fleet,PHEV (Diesel) - Diesel consumption: 1600 - <2000 cc,km,9af0474c-3132-413f-a93e-05d6f7f90f52:2,PHEV (Diesel) - Diesel consumption: 1600 - <2000 cc,,GHG_CH4_KGCO2_e,0.000165847,
Freight Transport,Light Commercial Vehicles,2015-2020 Fleet,PHEV (Diesel) - Diesel consumption: 1600 - <2000 cc,km,9af0474c-3132-413f-a93e-05d6f7f90f52:2,PHEV (Diesel) - Diesel consumption: 1600 - <2000 cc,,GHG_CO2_KGCO2_e,0.110471,
Freight Transport,Light Commercial Vehicles,2015-2020 Fleet,PHEV (Diesel) - Diesel consumption: 1600 - <2000 cc,km,9af0474c-3132-413f-a93e-05d6f7f90f52:2,PHEV (Diesel) - Diesel consumption: 1600 - <2000 cc,,GHG_N2O_KGCO2_e,0.00156963,
Freight Transport,Light Commercial Vehicles,2015-2020 Fleet,PHEV (Diesel) - Diesel consumption: 1600 - <2000 cc,km,9af0474c-3132-413f-a93e-05d6f7f90f52:2,PHEV (Diesel) - Diesel consumption: 1600 - <2000 cc,,GHG_TOTAL_KGCO2_e,0.112206,
Freight Transport,Light Commercial Vehicles,2015-2020 Fleet,PHEV (Diesel) - Diesel consumption: 2000 - <3000 cc,km,d78310fa-ad85-4cd7-b892-2c2702b56c2a:2,PHEV (Diesel) - Diesel consumption: 2000 - <3000 cc,,GHG_CH4_KGCO2_e,0.000177831,
Freight Transport,Light Commercial Vehicles,2015-2020 Fleet,PHEV (Diesel) - Diesel consumption: 2000 - <3000 cc,km,d78310fa-ad85-4cd7-b892-2c2702b56c2a:2,PHEV (Diesel) - Diesel consumption: 2000 - <3000 cc,,GHG_CO2_KGCO2_e,0.118453,
Freight Transport,Light Commercial Vehicles,2015-2020 Fleet,PHEV (Diesel) - Diesel consumption: 2000 - <3000 cc,km,d78310fa-ad85-4cd7-b892-2c2702b56c2a:2,PHEV (Diesel) - Diesel consumption: 2000 - <3000 cc,,GHG_N2O_KGCO2_e,0.00168304,
Freight Transport,Light Commercial Vehicles,2015-2020 Fleet,PHEV (Diesel) - Diesel consumption: 2000 - <3000 cc,km,d78310fa-ad85-4cd7-b892-2c2702b56c2a:2,PHEV (Diesel) - Diesel consumption: 2000 - <3000 cc,,GHG_TOTAL_KGCO2_e,0.120314,
Freight Transport,Light Commercial Vehicles,2015-2020 Fleet,PHEV (Diesel) - Diesel consumption: <1350 cc,km,650dda4a-5332-4237-9d48-537513866c8c:2,PHEV (Diesel) - Diesel consumption: <1350 cc,,GHG_CH4_KGCO2_e,0.000129462,
Freight Transport,Light Commercial Vehicles,2015-2020 Fleet,PHEV (Diesel) - Diesel consumption: <1350 cc,km,650dda4a-5332-4237-9d48-537513866c8c:2,PHEV (Diesel) - Diesel consumption: <1350 cc,,GHG_CO2_KGCO2_e,0.0862344,
Freight Transport,Light Commercial Vehicles,2015-2020 Fleet,PHEV (Diesel) - Diesel consumption: <1350 cc,km,650dda4a-5332-4237-9d48-537513866c8c:2,PHEV (Diesel) - Diesel consumption: <1350 cc,,GHG_N2O_KGCO2_e,0.00122527,
Freight Transport,Light Commercial Vehicles,2015-2020 Fleet,PHEV (Diesel) - Diesel consumption: <1350 cc,km,650dda4a-5332-4237-9d48-537513866c8c:2,PHEV (Diesel) - Diesel consumption: <1350 cc,,GHG_TOTAL_KGCO2_e,0.0875891,
Freight Transport,Light Commercial Vehicles,2015-2020 Fleet,PHEV (Diesel) - Diesel consumption: >=3000 cc,km,67a1f0d5-1ed5-4e7c-b583-5af4e1d390a8:2,PHEV (Diesel) - Diesel consumption: >=3000 cc,,GHG_CH4_KGCO2_e,0.000180069,
Freight Transport,Light Commercial Vehicles,2015-2020 Fleet,PHEV (Diesel) - Diesel consumption: >=3000 cc,km,67a1f0d5-1ed5-4e7c-b583-5af4e1d390a8:2,PHEV (Diesel) - Diesel consumption: >=3000 cc,,GHG_CO2_KGCO2_e,0.119944,
Freight Transport,Light Commercial Vehicles,2015-2020 Fleet,PHEV (Diesel) - Diesel consumption: >=3000 cc,km,67a1f0d5-1ed5-4e7c-b583-5af4e1d390a8:2,PHEV (Diesel) - Diesel consumption: >=3000 cc,,GHG_N2O_KGCO2_e,0.00170422,
Freight Transport,Light Commercial Vehicles,2015-2020 Fleet,PHEV (Diesel) - Diesel consumption: >=3000 cc,km,67a1f0d5-1ed5-4e7c-b583-5af4e1d390a8:2,PHEV (Diesel) - Diesel consumption: >=3000 cc,,GHG_TOTAL_KGCO2_e,0.121828,
Freight Transport,Light Commercial Vehicles,2015-2020 Fleet,PHEV (Diesel) - Electricity consumption: 1350 - <1600 cc,km,e9f4d5f1-e277-4a1c-bb26-b2717885b41f:2,PHEV (Diesel) - Electricity consumption: 1350 - <1600 cc,,GHG_CH4_KGCO2_e,0.000245423,
Freight Transport,Light Commercial Vehicles,2015-2020 Fleet,PHEV (Diesel) - Electricity consumption: 1350 - <1600 cc,km,e9f4d5f1-e277-4a1c-bb26-b2717885b41f:2,PHEV (Diesel) - Electricity consumption: 1350 - <1600 cc,,GHG_CO2_KGCO2_e,0.00776201,
Freight Transport,Light Commercial Vehicles,2015-2020 Fleet,PHEV (Diesel) - Electricity consumption: 1350 - <1600 cc,km,e9f4d5f1-e277-4a1c-bb26-b2717885b41f:2,PHEV (Diesel) - Electricity consumption: 1350 - <1600 cc,,GHG_N2O_KGCO2_e,0.0000125194,
Freight Transport,Light Commercial Vehicles,2015-2020 Fleet,PHEV (Diesel) - Electricity consumption: 1350 - <1600 cc,km,e9f4d5f1-e277-4a1c-bb26-b2717885b41f:2,PHEV (Diesel) - Electricity consumption: 1350 - <1600 cc,,GHG_TOTAL_KGCO2_e,0.00801995,
Freight Transport,Light Commercial Vehicles,2015-2020 Fleet,PHEV (Diesel) - Electricity consumption: 1600 - <2000 cc,km,6e4f4af5-3780-4b75-b4f7-f59fdb50ce54:2,PHEV (Diesel) - Electricity consumption: 1600 - <2000 cc,,GHG_CH4_KGCO2_e,0.000268907,
Freight Transport,Light Commercial Vehicles,2015-2020 Fleet,PHEV (Diesel) - Electricity consumption: 1600 - <2000 cc,km,6e4f4af5-3780-4b75-b4f7-f59fdb50ce54:2,PHEV (Diesel) - Electricity consumption: 1600 - <2000 cc,,GHG_CO2_KGCO2_e,0.00850476,
Freight Transport,Light Commercial Vehicles,2015-2020 Fleet,PHEV (Diesel) - Electricity consumption: 1600 - <2000 cc,km,6e4f4af5-3780-4b75-b4f7-f59fdb50ce54:2,PHEV (Diesel) - Electricity consumption: 1600 - <2000 cc,,GHG_N2O_KGCO2_e,0.0000137174,
Freight Transport,Light Commercial Vehicles,2015-2020 Fleet,PHEV (Diesel) - Electricity consumption: 1600 - <2000 cc,km,6e4f4af5-3780-4b75-b4f7-f59fdb50ce54:2,PHEV (Diesel) - Electricity consumption: 1600 - <2000 cc,,GHG_TOTAL_KGCO2_e,0.00878739,
Freight Transport,Light Commercial Vehicles,2015-2020 Fleet,PHEV (Diesel) - Electricity consumption: 2000 - <3000 cc,km,72308291-484d-48e1-81d6-edb962462da5:2,PHEV (Diesel) - Electricity consumption: 2000 - <3000 cc,,GHG_CH4_KGCO2_e,0.000304364,
Freight Transport,Light Commercial Vehicles,2015-2020 Fleet,PHEV (Diesel) - Electricity consumption: 2000 - <3000 cc,km,72308291-484d-48e1-81d6-edb962462da5:2,PHEV (Diesel) - Electricity consumption: 2000 - <3000 cc,,GHG_CO2_KGCO2_e,0.00962615,
Freight Transport,Light Commercial Vehicles,2015-2020 Fleet,PHEV (Diesel) - Electricity consumption: 2000 - <3000 cc,km,72308291-484d-48e1-81d6-edb962462da5:2,PHEV (Diesel) - Electricity consumption: 2000 - <3000 cc,,GHG_N2O_KGCO2_e,0.0000155261,
Freight Transport,Light Commercial Vehicles,2015-2020 Fleet,PHEV (Diesel) - Electricity consumption: 2000 - <3000 cc,km,72308291-484d-48e1-81d6-edb962462da5:2,PHEV (Diesel) - Electricity consumption: 2000 - <3000 cc,,GHG_TOTAL_KGCO2_e,0.00994604,
Freight Transport,Light Commercial Vehicles,2015-2020 Fleet,PHEV (Diesel) - Electricity consumption: <1350 cc,km,4cc75099-5ae8-44ec-bfc4-6b32777de4f6:2,PHEV (Diesel) - Electricity consumption: <1350 cc,,GHG_CH4_KGCO2_e,0.000255525,
Freight Transport,Light Commercial Vehicles,2015-2020 Fleet,PHEV (Diesel) - Electricity consumption: <1350 cc,km,4cc75099-5ae8-44ec-bfc4-6b32777de4f6:2,PHEV (Diesel) - Electricity consumption: <1350 cc,,GHG_CO2_KGCO2_e,0.0080815,
Freight Transport,Light Commercial Vehicles,2015-2020 Fleet,PHEV (Diesel) - Electricity consumption: <1350 cc,km,4cc75099-5ae8-44ec-bfc4-6b32777de4f6:2,PHEV (Diesel) - Electricity consumption: <1350 cc,,GHG_N2O_KGCO2_e,0.0000130347,
Freight Transport,Light Commercial Vehicles,2015-2020 Fleet,PHEV (Diesel) - Electricity consumption: <1350 cc,km,4cc75099-5ae8-44ec-bfc4-6b32777de4f6:2,PHEV (Diesel) - Electricity consumption: <1350 cc,,GHG_TOTAL_KGCO2_e,0.00835006,
Freight Transport,Light Commercial Vehicles,2015-2020 Fleet,PHEV (Diesel) - Electricity consumption: >=3000 cc,km,e6ab21e1-467f-405b-b133-c46bc99163e4:2,PHEV (Diesel) - Electricity consumption: >=3000 cc,,GHG_CH4_KGCO2_e,0.000359983,
Freight Transport,Light Commercial Vehicles,2015-2020 Fleet,PHEV (Diesel) - Electricity consumption: >=3000 cc,km,e6ab21e1-467f-405b-b133-c46bc99163e4:2,PHEV (Diesel) - Electricity consumption: >=3000 cc,,GHG_CO2_KGCO2_e,0.0113852,
Freight Transport,Light Commercial Vehicles,2015-2020 Fleet,PHEV (Diesel) - Electricity consumption: >=3000 cc,km,e6ab21e1-467f-405b-b133-c46bc99163e4:2,PHEV (Diesel) - Electricity consumption: >=3000 cc,,GHG_N2O_KGCO2_e,0.0000183633,
Freight Transport,Light Commercial Vehicles,2015-2020 Fleet,PHEV (Diesel) - Electricity consumption: >=3000 cc,km,e6ab21e1-467f-405b-b133-c46bc99163e4:2,PHEV (Diesel) - Electricity consumption: >=3000 cc,,GHG_TOTAL_KGCO2_e,0.0117636,
Freight Transport,Light Commercial Vehicles,2015-2020 Fleet,PHEV (Petrol) - Electricity consumption: 1350 - <1600 cc,km,96c79a33-a4d4-4d1b-9331-1c9e33307462:2,PHEV (Petrol) - Electricity consumption: 1350 - <1600 cc,,GHG_CH4_KGCO2_e,0.000270491,
Freight Transport,Light Commercial Vehicles,2015-2020 Fleet,PHEV (Petrol) - Electricity consumption: 1350 - <1600 cc,km,96c79a33-a4d4-4d1b-9331-1c9e33307462:2,PHEV (Petrol) - Electricity consumption: 1350 - <1600 cc,,GHG_CO2_KGCO2_e,0.00855485,
Freight Transport,Light Commercial Vehicles,2015-2020 Fleet,PHEV (Petrol) - Electricity consumption: 1350 - <1600 cc,km,96c79a33-a4d4-4d1b-9331-1c9e33307462:2,PHEV (Petrol) - Electricity consumption: 1350 - <1600 cc,,GHG_N2O_KGCO2_e,0.0000137982,
Freight Transport,Light Commercial Vehicles,2015-2020 Fleet,PHEV (Petrol) - Electricity consumption: 1350 - <1600 cc,km,96c79a33-a4d4-4d1b-9331-1c9e33307462:2,PHEV (Petrol) - Electricity consumption: 1350 - <1600 cc,,GHG_TOTAL_KGCO2_e,0.00883914,
Freight Transport,Light Commercial Vehicles,2015-2020 Fleet,PHEV (Petrol) - Electricity consumption: 1600 - <2000 cc,km,a1ddaf6b-2780-411f-b822-eeeecb2b63e9:2,PHEV (Petrol) - Electricity consumption: 1600 - <2000 cc,,GHG_CH4_KGCO2_e,0.000306029,
Freight Transport,Light Commercial Vehicles,2015-2020 Fleet,PHEV (Petrol) - Electricity consumption: 1600 - <2000 cc,km,a1ddaf6b-2780-411f-b822-eeeecb2b63e9:2,PHEV (Petrol) - Electricity consumption: 1600 - <2000 cc,,GHG_CO2_KGCO2_e,0.00967881,
Freight Transport,Light Commercial Vehicles,2015-2020 Fleet,PHEV (Petrol) - Electricity consumption: 1600 - <2000 cc,km,a1ddaf6b-2780-411f-b822-eeeecb2b63e9:2,PHEV (Petrol) - Electricity consumption: 1600 - <2000 cc,,GHG_N2O_KGCO2_e,0.000015611,
Freight Transport,Light Commercial Vehicles,2015-2020 Fleet,PHEV (Petrol) - Electricity consumption: 1600 - <2000 cc,km,a1ddaf6b-2780-411f-b822-eeeecb2b63e9:2,PHEV (Petrol) - Electricity consumption: 1600 - <2000 cc,,GHG_TOTAL_KGCO2_e,0.0100005,
Freight Transport,Light Commercial Vehicles,2015-2020 Fleet,PHEV (Petrol) - Electricity consumption: 2000 - <3000 cc,km,148d3391-97fe-4a1d-88d7-1018c61e353d:2,PHEV (Petrol) - Electricity consumption: 2000 - <3000 cc,,GHG_CH4_KGCO2_e,0.000376915,
Freight Transport,Light Commercial Vehicles,2015-2020 Fleet,PHEV (Petrol) - Electricity consumption: 2000 - <3000 cc,km,148d3391-97fe-4a1d-88d7-1018c61e353d:2,PHEV (Petrol) - Electricity consumption: 2000 - <3000 cc,,GHG_CO2_KGCO2_e,0.0119207,
Freight Transport,Light Commercial Vehicles,2015-2020 Fleet,PHEV (Petrol) - Electricity consumption: 2000 - <3000 cc,km,148d3391-97fe-4a1d-88d7-1018c61e353d:2,PHEV (Petrol) - Electricity consumption: 2000 - <3000 cc,,GHG_N2O_KGCO2_e,0.000019227,
Freight Transport,Light Commercial Vehicles,2015-2020 Fleet,PHEV (Petrol) - Electricity consumption: 2000 - <3000 cc,km,148d3391-97fe-4a1d-88d7-1018c61e353d:2,PHEV (Petrol) - Electricity consumption: 2000 - <3000 cc,,GHG_TOTAL_KGCO2_e,0.0123169,
Freight Transport,Light Commercial Vehicles,2015-2020 Fleet,PHEV (Petrol) - Electricity consumption: <1350 cc,km,8f57f5e7-4a54-4032-bbd1-1982564a37e9:2,PHEV (Petrol) - Electricity consumption: <1350 cc,,GHG_CH4_KGCO2_e,0.000251913,
Freight Transport,Light Commercial Vehicles,2015-2020 Fleet,PHEV (Petrol) - Electricity consumption: <1350 cc,km,8f57f5e7-4a54-4032-bbd1-1982564a37e9:2,PHEV (Petrol) - Electricity consumption: <1350 cc,,GHG_CO2_KGCO2_e,0.00796727,
Freight Transport,Light Commercial Vehicles,2015-2020 Fleet,PHEV (Petrol) - Electricity consumption: <1350 cc,km,8f57f5e7-4a54-4032-bbd1-1982564a37e9:2,PHEV (Petrol) - Electricity consumption: <1350 cc,,GHG_N2O_KGCO2_e,0.0000128505,
Freight Transport,Light Commercial Vehicles,2015-2020 Fleet,PHEV (Petrol) - Electricity consumption: <1350 cc,km,8f57f5e7-4a54-4032-bbd1-1982564a37e9:2,PHEV (Petrol) - Electricity consumption: <1350 cc,,GHG_TOTAL_KGCO2_e,0.00823203,
Freight Transport,Light Commercial Vehicles,2015-2020 Fleet,PHEV (Petrol) - Electricity consumption: >=3000 cc,km,221cbdae-d00d-4da2-918f-163624fc2444:2,PHEV (Petrol) - Electricity consumption: >=3000 cc,,GHG_CH4_KGCO2_e,0.00044059,
Freight Transport,Light Commercial Vehicles,2015-2020 Fleet,PHEV (Petrol) - Electricity consumption: >=3000 cc,km,221cbdae-d00d-4da2-918f-163624fc2444:2,PHEV (Petrol) - Electricity consumption: >=3000 cc,,GHG_CO2_KGCO2_e,0.0139346,
Freight Transport,Light Commercial Vehicles,2015-2020 Fleet,PHEV (Petrol) - Electricity consumption: >=3000 cc,km,221cbdae-d00d-4da2-918f-163624fc2444:2,PHEV (Petrol) - Electricity consumption: >=3000 cc,,GHG_N2O_KGCO2_e,0.0000224752,
Freight Transport,Light Commercial Vehicles,2015-2020 Fleet,PHEV (Petrol) - Electricity consumption: >=3000 cc,km,221cbdae-d00d-4da2-918f-163624fc2444:2,PHEV (Petrol) - Electricity consumption: >=3000 cc,,GHG_TOTAL_KGCO2_e,0.0143976,
Freight Transport,Light Commercial Vehicles,2015-2020 Fleet,PHEV (Petrol) - Petrol consumption: 1350 - <1600 cc,km,ed0b69e4-76a3-4c82-b2bd-76b41a5804e9:2,PHEV (Petrol) - Petrol consumption: 1350 - <1600 cc,,GHG_CH4_KGCO2_e,0.00100829,
Freight Transport,Light Commercial Vehicles,2015-2020 Fleet,PHEV (Petrol) - Petrol consumption: 1350 - <1600 cc,km,ed0b69e4-76a3-4c82-b2bd-76b41a5804e9:2,PHEV (Petrol) - Petrol consumption: 1350 - <1600 cc,,GHG_CO2_KGCO2_e,0.0754882,
Freight Transport,Light Commercial Vehicles,2015-2020 Fleet,PHEV (Petrol) - Petrol consumption: 1350 - <1600 cc,km,ed0b69e4-76a3-4c82-b2bd-76b41a5804e9:2,PHEV (Petrol) - Petrol consumption: 1350 - <1600 cc,,GHG_N2O_KGCO2_e,0.00231338,
Freight Transport,Light Commercial Vehicles,2015-2020 Fleet,PHEV (Petrol) - Petrol consumption: 1350 - <1600 cc,km,ed0b69e4-76a3-4c82-b2bd-76b41a5804e9:2,PHEV (Petrol) - Petrol consumption: 1350 - <1600 cc,,GHG_TOTAL_KGCO2_e,0.0788099,
Freight Transport,Light Commercial Vehicles,2015-2020 Fleet,PHEV (Petrol) - Petrol consumption: 1600 - <2000 cc,km,3c66e387-9e7a-44ad-b6e5-e38a1dd34e9b:2,PHEV (Petrol) - Petrol consumption: 1600 - <2000 cc,,GHG_CH4_KGCO2_e,0.00136042,
Freight Transport,Light Commercial Vehicles,2015-2020 Fleet,PHEV (Petrol) - Petrol consumption: 1600 - <2000 cc,km,3c66e387-9e7a-44ad-b6e5-e38a1dd34e9b:2,PHEV (Petrol) - Petrol consumption: 1600 - <2000 cc,,GHG_CO2_KGCO2_e,0.101852,
Freight Transport,Light Commercial Vehicles,2015-2020 Fleet,PHEV (Petrol) - Petrol consumption: 1600 - <2000 cc,km,3c66e387-9e7a-44ad-b6e5-e38a1dd34e9b:2,PHEV (Petrol) - Petrol consumption: 1600 - <2000 cc,,GHG_N2O_KGCO2_e,0.00312131,
Freight Transport,Light Commercial Vehicles,2015-2020 Fleet,PHEV (Petrol) - Petrol consumption: 1600 - <2000 cc,km,3c66e387-9e7a-44ad-b6e5-e38a1dd34e9b:2,PHEV (Petrol) - Petrol consumption: 1600 - <2000 cc,,GHG_TOTAL_KGCO2_e,0.106334,
Freight Transport,Light Commercial Vehicles,2015-2020 Fleet,PHEV (Petrol) - Petrol consumption: 2000 - <3000 cc,km,261bd030-fe8e-4fc3-9c08-262c22fd2471:2,PHEV (Petrol) - Petrol consumption: 2000 - <3000 cc,,GHG_CH4_KGCO2_e,0.00143907,
Freight Transport,Light Commercial Vehicles,2015-2020 Fleet,PHEV (Petrol) - Petrol consumption: 2000 - <3000 cc,km,261bd030-fe8e-4fc3-9c08-262c22fd2471:2,PHEV (Petrol) - Petrol consumption: 2000 - <3000 cc,,GHG_CO2_KGCO2_e,0.10774,
Freight Transport,Light Commercial Vehicles,2015-2020 Fleet,PHEV (Petrol) - Petrol consumption: 2000 - <3000 cc,km,261bd030-fe8e-4fc3-9c08-262c22fd2471:2,PHEV (Petrol) - Petrol consumption: 2000 - <3000 cc,,GHG_N2O_KGCO2_e,0.00330175,
Freight Transport,Light Commercial Vehicles,2015-2020 Fleet,PHEV (Petrol) - Petrol consumption: 2000 - <3000 cc,km,261bd030-fe8e-4fc3-9c08-262c22fd2471:2,PHEV (Petrol) - Petrol consumption: 2000 - <3000 cc,,GHG_TOTAL_KGCO2_e,0.112481,
Freight Transport,Light Commercial Vehicles,2015-2020 Fleet,PHEV (Petrol) - Petrol consumption: <1350 cc,km,5fdf320e-164f-4992-8de7-9cba0c44ac6d:2,PHEV (Petrol) - Petrol consumption: <1350 cc,,GHG_CH4_KGCO2_e,0.000939031,
Freight Transport,Light Commercial Vehicles,2015-2020 Fleet,PHEV (Petrol) - Petrol consumption: <1350 cc,km,5fdf320e-164f-4992-8de7-9cba0c44ac6d:2,PHEV (Petrol) - Petrol consumption: <1350 cc,,GHG_CO2_KGCO2_e,0.0703033,
Freight Transport,Light Commercial Vehicles,2015-2020 Fleet,PHEV (Petrol) - Petrol consumption: <1350 cc,km,5fdf320e-164f-4992-8de7-9cba0c44ac6d:2,PHEV (Petrol) - Petrol consumption: <1350 cc,,GHG_N2O_KGCO2_e,0.00215449,
Freight Transport,Light Commercial Vehicles,2015-2020 Fleet,PHEV (Petrol) - Petrol consumption: <1350 cc,km,5fdf320e-164f-4992-8de7-9cba0c44ac6d:2,PHEV (Petrol) - Petrol consumption: <1350 cc,,GHG_TOTAL_KGCO2_e,0.0733969,
Freight Transport,Light Commercial Vehicles,2015-2020 Fleet,PHEV (Petrol) - Petrol consumption: >=3000 cc,km,4a1a4401-c323-4e47-ba46-f883386a517a:2,PHEV (Petrol) - Petrol consumption: >=3000 cc,,GHG_CH4_KGCO2_e,0.00164331,
Freight Transport,Light Commercial Vehicles,2015-2020 Fleet,PHEV (Petrol) - Petrol consumption: >=3000 cc,km,4a1a4401-c323-4e47-ba46-f883386a517a:2,PHEV (Petrol) - Petrol consumption: >=3000 cc,,GHG_CO2_KGCO2_e,0.123031,
Freight Transport,Light Commercial Vehicles,2015-2020 Fleet,PHEV (Petrol) - Petrol consumption: >=3000 cc,km,4a1a4401-c323-4e47-ba46-f883386a517a:2,PHEV (Petrol) - Petrol consumption: >=3000 cc,,GHG_N2O_KGCO2_e,0.00377035,
Freight Transport,Light Commercial Vehicles,2015-2020 Fleet,PHEV (Petrol) - Petrol consumption: >=3000 cc,km,4a1a4401-c323-4e47-ba46-f883386a517a:2,PHEV (Petrol) - Petrol consumption: >=3000 cc,,GHG_TOTAL_KGCO2_e,0.128444,
Freight Transport,Light Commercial Vehicles,2015-2020 Fleet,Petrol hybrid: 1350 - <1600 cc,km,56b02d99-fdbf-4419-89e8-87fc5556a0c0:3,Petrol hybrid: 1350 - <1600 cc,,GHG_CH4_KGCO2_e,0.00192666,
Freight Transport,Light Commercial Vehicles,2015-2020 Fleet,Petrol hybrid: 1350 - <1600 cc,km,56b02d99-fdbf-4419-89e8-87fc5556a0c0:3,Petrol hybrid: 1350 - <1600 cc,,GHG_CO2_KGCO2_e,0.144245,
Freight Transport,Light Commercial Vehicles,2015-2020 Fleet,Petrol hybrid: 1350 - <1600 cc,km,56b02d99-fdbf-4419-89e8-87fc5556a0c0:3,Petrol hybrid: 1350 - <1600 cc,,GHG_N2O_KGCO2_e,0.00442047,
Freight Transport,Light Commercial Vehicles,2015-2020 Fleet,Petrol hybrid: 1350 - <1600 cc,km,56b02d99-fdbf-4419-89e8-87fc5556a0c0:3,Petrol hybrid: 1350 - <1600 cc,,GHG_TOTAL_KGCO2_e,0.150592,
Freight Transport,Light Commercial Vehicles,2015-2020 Fleet,Petrol hybrid: 1600 - <2000 cc,km,5e314718-e549-4a56-8d5f-ef26818a5d9c:3,Petrol hybrid: 1600 - <2000 cc,,GHG_CH4_KGCO2_e,0.00259953,
Freight Transport,Light Commercial Vehicles,2015-2020 Fleet,Petrol hybrid: 1600 - <2000 cc,km,5e314718-e549-4a56-8d5f-ef26818a5d9c:3,Petrol hybrid: 1600 - <2000 cc,,GHG_CO2_KGCO2_e,0.194622,
Freight Transport,Light Commercial Vehicles,2015-2020 Fleet,Petrol hybrid: 1600 - <2000 cc,km,5e314718-e549-4a56-8d5f-ef26818a5d9c:3,Petrol hybrid: 1600 - <2000 cc,,GHG_N2O_KGCO2_e,0.00596429,
Freight Transport,Light Commercial Vehicles,2015-2020 Fleet,Petrol hybrid: 1600 - <2000 cc,km,5e314718-e549-4a56-8d5f-ef26818a5d9c:3,Petrol hybrid: 1600 - <2000 cc,,GHG_TOTAL_KGCO2_e,0.203185,
Freight Transport,Light Commercial Vehicles,2015-2020 Fleet,Petrol hybrid: 2000 - <3000 cc,km,ff9987db-9d4c-4f5c-9bb0-da1685d5becb:3,Petrol hybrid: 2000 - <3000 cc,,GHG_CH4_KGCO2_e,0.00274981,
Freight Transport,Light Commercial Vehicles,2015-2020 Fleet,Petrol hybrid: 2000 - <3000 cc,km,ff9987db-9d4c-4f5c-9bb0-da1685d5becb:3,Petrol hybrid: 2000 - <3000 cc,,GHG_CO2_KGCO2_e,0.205872,
Freight Transport,Light Commercial Vehicles,2015-2020 Fleet,Petrol hybrid: 2000 - <3000 cc,km,ff9987db-9d4c-4f5c-9bb0-da1685d5becb:3,Petrol hybrid: 2000 - <3000 cc,,GHG_N2O_KGCO2_e,0.00630908,
Freight Transport,Light Commercial Vehicles,2015-2020 Fleet,Petrol hybrid: 2000 - <3000 cc,km,ff9987db-9d4c-4f5c-9bb0-da1685d5becb:3,Petrol hybrid: 2000 - <3000 cc,,GHG_TOTAL_KGCO2_e,0.214931,
Freight Transport,Light Commercial Vehicles,2015-2020 Fleet,Petrol hybrid: <1350 cc,km,b9bf4481-aaa4-4f03-8d75-ded07b7baa48:3,Petrol hybrid: <1350 cc,,GHG_CH4_KGCO2_e,0.00179433,
Freight Transport,Light Commercial Vehicles,2015-2020 Fleet,Petrol hybrid: <1350 cc,km,b9bf4481-aaa4-4f03-8d75-ded07b7baa48:3,Petrol hybrid: <1350 cc,,GHG_CO2_KGCO2_e,0.134338,
Freight Transport,Light Commercial Vehicles,2015-2020 Fleet,Petrol hybrid: <1350 cc,km,b9bf4481-aaa4-4f03-8d75-ded07b7baa48:3,Petrol hybrid: <1350 cc,,GHG_N2O_KGCO2_e,0.00411686,
Freight Transport,Light Commercial Vehicles,2015-2020 Fleet,Petrol hybrid: <1350 cc,km,b9bf4481-aaa4-4f03-8d75-ded07b7baa48:3,Petrol hybrid: <1350 cc,,GHG_TOTAL_KGCO2_e,0.140249,
Freight Transport,Light Commercial Vehicles,2015-2020 Fleet,Petrol hybrid: >=3000 cc,km,9cd96dd1-ce36-4923-8838-61a1bae04210:3,Petrol hybrid: >=3000 cc,,GHG_CH4_KGCO2_e,0.00314007,
Freight Transport,Light Commercial Vehicles,2015-2020 Fleet,Petrol hybrid: >=3000 cc,km,9cd96dd1-ce36-4923-8838-61a1bae04210:3,Petrol hybrid: >=3000 cc,,GHG_CO2_KGCO2_e,0.235091,
Freight Transport,Light Commercial Vehicles,2015-2020 Fleet,Petrol hybrid: >=3000 cc,km,9cd96dd1-ce36-4923-8838-61a1bae04210:3,Petrol hybrid: >=3000 cc,,GHG_N2O_KGCO2_e,0.0072045,
Freight Transport,Light Commercial Vehicles,2015-2020 Fleet,Petrol hybrid: >=3000 cc,km,9cd96dd1-ce36-4923-8838-61a1bae04210:3,Petrol hybrid: >=3000 cc,,GHG_TOTAL_KGCO2_e,0.245435,
Freight Transport,Light Commercial Vehicles,2015-2020 Fleet,Petrol: 1350 - <1600 cc,km,f426be98-85c3-4aa7-95f8-4b960af381cc:3,Petrol: 1350 - <1600 cc,,GHG_CH4_KGCO2_e,0.00244044,
Freight Transport,Light Commercial Vehicles,2015-2020 Fleet,Petrol: 1350 - <1600 cc,km,f426be98-85c3-4aa7-95f8-4b960af381cc:3,Petrol: 1350 - <1600 cc,,GHG_CO2_KGCO2_e,0.18271,
Freight Transport,Light Commercial Vehicles,2015-2020 Fleet,Petrol: 1350 - <1600 cc,km,f426be98-85c3-4aa7-95f8-4b960af381cc:3,Petrol: 1350 - <1600 cc,,GHG_N2O_KGCO2_e,0.00559927,
Freight Transport,Light Commercial Vehicles,2015-2020 Fleet,Petrol: 1350 - <1600 cc,km,f426be98-85c3-4aa7-95f8-4b960af381cc:3,Petrol: 1350 - <1600 cc,,GHG_TOTAL_KGCO2_e,0.19075,
Freight Transport,Light Commercial Vehicles,2015-2020 Fleet,Petrol: 1600 - <2000 cc,km,ed40b516-f568-4398-bb64-2ea087527591:3,Petrol: 1600 - <2000 cc,,GHG_CH4_KGCO2_e,0.00329274,
Freight Transport,Light Commercial Vehicles,2015-2020 Fleet,Petrol: 1600 - <2000 cc,km,ed40b516-f568-4398-bb64-2ea087527591:3,Petrol: 1600 - <2000 cc,,GHG_CO2_KGCO2_e,0.246521,
Freight Transport,Light Commercial Vehicles,2015-2020 Fleet,Petrol: 1600 - <2000 cc,km,ed40b516-f568-4398-bb64-2ea087527591:3,Petrol: 1600 - <2000 cc,,GHG_N2O_KGCO2_e,0.00755477,
Freight Transport,Light Commercial Vehicles,2015-2020 Fleet,Petrol: 1600 - <2000 cc,km,ed40b516-f568-4398-bb64-2ea087527591:3,Petrol: 1600 - <2000 cc,,GHG_TOTAL_KGCO2_e,0.257368,
Freight Transport,Light Commercial Vehicles,2015-2020 Fleet,Petrol: 2000 - <3000 cc,km,07008468-f18a-4ec4-9558-84344fc5a704:3,Petrol: 2000 - <3000 cc,,GHG_CH4_KGCO2_e,0.00348309,
Freight Transport,Light Commercial Vehicles,2015-2020 Fleet,Petrol: 2000 - <3000 cc,km,07008468-f18a-4ec4-9558-84344fc5a704:3,Petrol: 2000 - <3000 cc,,GHG_CO2_KGCO2_e,0.260772,
Freight Transport,Light Commercial Vehicles,2015-2020 Fleet,Petrol: 2000 - <3000 cc,km,07008468-f18a-4ec4-9558-84344fc5a704:3,Petrol: 2000 - <3000 cc,,GHG_N2O_KGCO2_e,0.0079915,
Freight Transport,Light Commercial Vehicles,2015-2020 Fleet,Petrol: 2000 - <3000 cc,km,07008468-f18a-4ec4-9558-84344fc5a704:3,Petrol: 2000 - <3000 cc,,GHG_TOTAL_KGCO2_e,0.272246,
Freight Transport,Light Commercial Vehicles,2015-2020 Fleet,Petrol: <1350 cc,km,b35f4a58-f4bc-4318-8102-ae800bf67d79:3,Petrol: <1350 cc,,GHG_CH4_KGCO2_e,0.00227282,
Freight Transport,Light Commercial Vehicles,2015-2020 Fleet,Petrol: <1350 cc,km,b35f4a58-f4bc-4318-8102-ae800bf67d79:3,Petrol: <1350 cc,,GHG_CO2_KGCO2_e,0.170161,
Freight Transport,Light Commercial Vehicles,2015-2020 Fleet,Petrol: <1350 cc,km,b35f4a58-f4bc-4318-8102-ae800bf67d79:3,Petrol: <1350 cc,,GHG_N2O_KGCO2_e,0.00521468,
Freight Transport,Light Commercial Vehicles,2015-2020 Fleet,Petrol: <1350 cc,km,b35f4a58-f4bc-4318-8102-ae800bf67d79:3,Petrol: <1350 cc,,GHG_TOTAL_KGCO2_e,0.177648,
Freight Transport,Light Commercial Vehicles,2015-2020 Fleet,Petrol: >=3000 cc,km,d6593ed8-0c1b-4954-86a9-2b167bb354f1:3,Petrol: >=3000 cc,,GHG_CH4_KGCO2_e,0.00397743,
Freight Transport,Light Commercial Vehicles,2015-2020 Fleet,Petrol: >=3000 cc,km,d6593ed8-0c1b-4954-86a9-2b167bb354f1:3,Petrol: >=3000 cc,,GHG_CO2_KGCO2_e,0.297782,
Freight Transport,Light Commercial Vehicles,2015-2020 Fleet,Petrol: >=3000 cc,km,d6593ed8-0c1b-4954-86a9-2b167bb354f1:3,Petrol: >=3000 cc,,GHG_N2O_KGCO2_e,0.0091257,
Freight Transport,Light Commercial Vehicles,2015-2020 Fleet,Petrol: >=3000 cc,km,d6593ed8-0c1b-4954-86a9-2b167bb354f1:3,Petrol: >=3000 cc,,GHG_TOTAL_KGCO2_e,0.310885,
Freight Transport,Light Commercial Vehicles,Light Commercial Vehicle Default,Diesel,km,b5a48204-f108-46ce-940a-e20f04c47ff0,Diesel,Pre-2010 vehicle (2000 - 3000cc),GHG_CH4_KGCO2_e,0.000450198,Unknown
Freight Transport,Light Commercial Vehicles,Light Commercial Vehicle Default,Diesel,km,b5a48204-f108-46ce-940a-e20f04c47ff0,Diesel,Pre-2010 vehicle (2000 - 3000cc),GHG_CO2_KGCO2_e,0.299876,Unknown
Freight Transport,Light Commercial Vehicles,Light Commercial Vehicle Default,Diesel,km,b5a48204-f108-46ce-940a-e20f04c47ff0,Diesel,Pre-2010 vehicle (2000 - 3000cc),GHG_N2O_KGCO2_e,0.00426081,Unknown
Freight Transport,Light Commercial Vehicles,Light Commercial Vehicle Default,Diesel,km,b5a48204-f108-46ce-940a-e20f04c47ff0,Diesel,Pre-2010 vehicle (2000 - 3000cc),GHG_TOTAL_KGCO2_e,0.304587,Unknown
Freight Transport,Light Commercial Vehicles,Light Commercial Vehicle Default,Diesel Hybrid,km,b9de173e-13b3-4447-b5ea-38d3ccfe1609,Diesel Hybrid,Pre-2010 vehicle (2000 - 3000cc),GHG_CH4_KGCO2_e,0.000403571,Unknown
Freight Transport,Light Commercial Vehicles,Light Commercial Vehicle Default,Diesel Hybrid,km,b9de173e-13b3-4447-b5ea-38d3ccfe1609,Diesel Hybrid,Pre-2010 vehicle (2000 - 3000cc),GHG_CO2_KGCO2_e,0.268818,Unknown
Freight Transport,Light Commercial Vehicles,Light Commercial Vehicle Default,Diesel Hybrid,km,b9de173e-13b3-4447-b5ea-38d3ccfe1609,Diesel Hybrid,Pre-2010 vehicle (2000 - 3000cc),GHG_N2O_KGCO2_e,0.00381951,Unknown
Freight Transport,Light Commercial Vehicles,Light Commercial Vehicle Default,Diesel Hybrid,km,b9de173e-13b3-4447-b5ea-38d3ccfe1609,Diesel Hybrid,Pre-2010 vehicle (2000 - 3000cc),GHG_TOTAL_KGCO2_e,0.273041,Unknown
Freight Transport,Light Commercial Vehicles,Light Commercial Vehicle Default,Petrol,km,d97615a4-6d90-4ae0-ba4e-87120de9e719,Petrol,Pre-2010 vehicle (2000 - 3000cc),GHG_CH4_KGCO2_e,0.0041516,Unknown
Freight Transport,Light Commercial Vehicles,Light Commercial Vehicle Default,Petrol,km,d97615a4-6d90-4ae0-ba4e-87120de9e719,Petrol,Pre-2010 vehicle (2000 - 3000cc),GHG_CO2_KGCO2_e,0.310822,Unknown
Freight Transport,Light Commercial Vehicles,Light Commercial Vehicle Default,Petrol,km,d97615a4-6d90-4ae0-ba4e-87120de9e719,Petrol,Pre-2010 vehicle (2000 - 3000cc),GHG_N2O_KGCO2_e,0.00952532,Unknown
Freight Transport,Light Commercial Vehicles,Light Commercial Vehicle Default,Petrol,km,d97615a4-6d90-4ae0-ba4e-87120de9e719,Petrol,Pre-2010 vehicle (2000 - 3000cc),GHG_TOTAL_KGCO2_e,0.324499,Unknown
Freight Transport,Light Commercial Vehicles,Light Commercial Vehicle Default,Petrol Hybrid,km,0cbcea5d-fe21-45df-a6b7-1f10e2cbfcd0,Petrol Hybrid,Pre-2010 vehicle (2000 - 3000cc),GHG_CH4_KGCO2_e,0.00327758,Unknown
Freight Transport,Light Commercial Vehicles,Light Commercial Vehicle Default,Petrol Hybrid,km,0cbcea5d-fe21-45df-a6b7-1f10e2cbfcd0,Petrol Hybrid,Pre-2010 vehicle (2000 - 3000cc),GHG_CO2_KGCO2_e,0.245386,Unknown
Freight Transport,Light Commercial Vehicles,Light Commercial Vehicle Default,Petrol Hybrid,km,0cbcea5d-fe21-45df-a6b7-1f10e2cbfcd0,Petrol Hybrid,Pre-2010 vehicle (2000 - 3000cc),GHG_N2O_KGCO2_e,0.00751999,Unknown
Freight Transport,Light Commercial Vehicles,Light Commercial Vehicle Default,Petrol Hybrid,km,0cbcea5d-fe21-45df-a6b7-1f10e2cbfcd0,Petrol Hybrid,Pre-2010 vehicle (2000 - 3000cc),GHG_TOTAL_KGCO2_e,0.256183,Unknown
Freight Transport,Light Commercial Vehicles,Post 2020 Fleet,Diesel hybrid: 1350 - <1600 cc,km,f30472ee-9cd5-492e-b120-73f186477e92:4,Diesel hybrid: 1350 - <1600 cc,,GHG_CH4_KGCO2_e,0.00022863,
Freight Transport,Light Commercial Vehicles,Post 2020 Fleet,Diesel hybrid: 1350 - <1600 cc,km,f30472ee-9cd5-492e-b120-73f186477e92:4,Diesel hybrid: 1350 - <1600 cc,,GHG_CO2_KGCO2_e,0.15229,
Freight Transport,Light Commercial Vehicles,Post 2020 Fleet,Diesel hybrid: 1350 - <1600 cc,km,f30472ee-9cd5-492e-b120-73f186477e92:4,Diesel hybrid: 1350 - <1600 cc,,GHG_N2O_KGCO2_e,0.00216382,
Freight Transport,Light Commercial Vehicles,Post 2020 Fleet,Diesel hybrid: 1350 - <1600 cc,km,f30472ee-9cd5-492e-b120-73f186477e92:4,Diesel hybrid: 1350 - <1600 cc,,GHG_TOTAL_KGCO2_e,0.154682,
Freight Transport,Light Commercial Vehicles,Post 2020 Fleet,Diesel hybrid: 1600 - <2000 cc,km,cffcd54a-ae3d-4018-82c5-c29a0fff854b:4,Diesel hybrid: 1600 - <2000 cc,,GHG_CH4_KGCO2_e,0.000304357,
Freight Transport,Light Commercial Vehicles,Post 2020 Fleet,Diesel hybrid: 1600 - <2000 cc,km,cffcd54a-ae3d-4018-82c5-c29a0fff854b:4,Diesel hybrid: 1600 - <2000 cc,,GHG_CO2_KGCO2_e,0.202731,
Freight Transport,Light Commercial Vehicles,Post 2020 Fleet,Diesel hybrid: 1600 - <2000 cc,km,cffcd54a-ae3d-4018-82c5-c29a0fff854b:4,Diesel hybrid: 1600 - <2000 cc,,GHG_N2O_KGCO2_e,0.00288052,
Freight Transport,Light Commercial Vehicles,Post 2020 Fleet,Diesel hybrid: 1600 - <2000 cc,km,cffcd54a-ae3d-4018-82c5-c29a0fff854b:4,Diesel hybrid: 1600 - <2000 cc,,GHG_TOTAL_KGCO2_e,0.205916,
Freight Transport,Light Commercial Vehicles,Post 2020 Fleet,Diesel hybrid: 2000 - <3000 cc,km,b12aa399-60b4-4df9-a1e3-2a6db2ef7baa:4,Diesel hybrid: 2000 - <3000 cc,,GHG_CH4_KGCO2_e,0.000326348,
Freight Transport,Light Commercial Vehicles,Post 2020 Fleet,Diesel hybrid: 2000 - <3000 cc,km,b12aa399-60b4-4df9-a1e3-2a6db2ef7baa:4,Diesel hybrid: 2000 - <3000 cc,,GHG_CO2_KGCO2_e,0.21738,
Freight Transport,Light Commercial Vehicles,Post 2020 Fleet,Diesel hybrid: 2000 - <3000 cc,km,b12aa399-60b4-4df9-a1e3-2a6db2ef7baa:4,Diesel hybrid: 2000 - <3000 cc,,GHG_N2O_KGCO2_e,0.00308865,
Freight Transport,Light Commercial Vehicles,Post 2020 Fleet,Diesel hybrid: 2000 - <3000 cc,km,b12aa399-60b4-4df9-a1e3-2a6db2ef7baa:4,Diesel hybrid: 2000 - <3000 cc,,GHG_TOTAL_KGCO2_e,0.220795,
Freight Transport,Light Commercial Vehicles,Post 2020 Fleet,Diesel hybrid: <1350 cc,km,ebc8627b-ad86-44aa-b553-cc87a0055507:4,Diesel hybrid: <1350 cc,,GHG_CH4_KGCO2_e,0.000237584,
Freight Transport,Light Commercial Vehicles,Post 2020 Fleet,Diesel hybrid: <1350 cc,km,ebc8627b-ad86-44aa-b553-cc87a0055507:4,Diesel hybrid: <1350 cc,,GHG_CO2_KGCO2_e,0.158254,
Freight Transport,Light Commercial Vehicles,Post 2020 Fleet,Diesel hybrid: <1350 cc,km,ebc8627b-ad86-44aa-b553-cc87a0055507:4,Diesel hybrid: <1350 cc,,GHG_N2O_KGCO2_e,0.00224856,
Freight Transport,Light Commercial Vehicles,Post 2020 Fleet,Diesel hybrid: <1350 cc,km,ebc8627b-ad86-44aa-b553-cc87a0055507:4,Diesel hybrid: <1350 cc,,GHG_TOTAL_KGCO2_e,0.16074,
Freight Transport,Light Commercial Vehicles,Post 2020 Fleet,Diesel hybrid: >=3000 cc,km,50b6dd15-146e-42be-a97d-0b748104a891:4,Diesel hybrid: >=3000 cc,,GHG_CH4_KGCO2_e,0.000330455,
Freight Transport,Light Commercial Vehicles,Post 2020 Fleet,Diesel hybrid: >=3000 cc,km,50b6dd15-146e-42be-a97d-0b748104a891:4,Diesel hybrid: >=3000 cc,,GHG_CO2_KGCO2_e,0.220116,
Freight Transport,Light Commercial Vehicles,Post 2020 Fleet,Diesel hybrid: >=3000 cc,km,50b6dd15-146e-42be-a97d-0b748104a891:4,Diesel hybrid: >=3000 cc,,GHG_N2O_KGCO2_e,0.00312752,
Freight Transport,Light Commercial Vehicles,Post 2020 Fleet,Diesel hybrid: >=3000 cc,km,50b6dd15-146e-42be-a97d-0b748104a891:4,Diesel hybrid: >=3000 cc,,GHG_TOTAL_KGCO2_e,0.223574,
Freight Transport,Light Commercial Vehicles,Post 2020 Fleet,Diesel: 1350 - <1600 cc,km,67763782-b5cb-43ff-9343-8521aba0ab07:4,Diesel: 1350 - <1600 cc,,GHG_CH4_KGCO2_e,0.000252942,
Freight Transport,Light Commercial Vehicles,Post 2020 Fleet,Diesel: 1350 - <1600 cc,km,67763782-b5cb-43ff-9343-8521aba0ab07:4,Diesel: 1350 - <1600 cc,,GHG_CO2_KGCO2_e,0.168484,
Freight Transport,Light Commercial Vehicles,Post 2020 Fleet,Diesel: 1350 - <1600 cc,km,67763782-b5cb-43ff-9343-8521aba0ab07:4,Diesel: 1350 - <1600 cc,,GHG_N2O_KGCO2_e,0.00239391,
Freight Transport,Light Commercial Vehicles,Post 2020 Fleet,Diesel: 1350 - <1600 cc,km,67763782-b5cb-43ff-9343-8521aba0ab07:4,Diesel: 1350 - <1600 cc,,GHG_TOTAL_KGCO2_e,0.171131,
Freight Transport,Light Commercial Vehicles,Post 2020 Fleet,Diesel: 1600 - <2000 cc,km,92bdf71b-cc5f-4ffc-bd88-ae2b01bcd888:4,Diesel: 1600 - <2000 cc,,GHG_CH4_KGCO2_e,0.000336721,
Freight Transport,Light Commercial Vehicles,Post 2020 Fleet,Diesel: 1600 - <2000 cc,km,92bdf71b-cc5f-4ffc-bd88-ae2b01bcd888:4,Diesel: 1600 - <2000 cc,,GHG_CO2_KGCO2_e,0.224289,
Freight Transport,Light Commercial Vehicles,Post 2020 Fleet,Diesel: 1600 - <2000 cc,km,92bdf71b-cc5f-4ffc-bd88-ae2b01bcd888:4,Diesel: 1600 - <2000 cc,,GHG_N2O_KGCO2_e,0.00318682,
Freight Transport,Light Commercial Vehicles,Post 2020 Fleet,Diesel: 1600 - <2000 cc,km,92bdf71b-cc5f-4ffc-bd88-ae2b01bcd888:4,Diesel: 1600 - <2000 cc,,GHG_TOTAL_KGCO2_e,0.227813,
Freight Transport,Light Commercial Vehicles,Post 2020 Fleet,Diesel: 2000 - <3000 cc,km,a56e64ad-d53e-4c75-a94b-c259eaa5935b:4,Diesel: 2000 - <3000 cc,,GHG_CH4_KGCO2_e,0.000361051,
Freight Transport,Light Commercial Vehicles,Post 2020 Fleet,Diesel: 2000 - <3000 cc,km,a56e64ad-d53e-4c75-a94b-c259eaa5935b:4,Diesel: 2000 - <3000 cc,,GHG_CO2_KGCO2_e,0.240495,
Freight Transport,Light Commercial Vehicles,Post 2020 Fleet,Diesel: 2000 - <3000 cc,km,a56e64ad-d53e-4c75-a94b-c259eaa5935b:4,Diesel: 2000 - <3000 cc,,GHG_N2O_KGCO2_e,0.00341709,
Freight Transport,Light Commercial Vehicles,Post 2020 Fleet,Diesel: 2000 - <3000 cc,km,a56e64ad-d53e-4c75-a94b-c259eaa5935b:4,Diesel: 2000 - <3000 cc,,GHG_TOTAL_KGCO2_e,0.244274,
Freight Transport,Light Commercial Vehicles,Post 2020 Fleet,Diesel: <1350 cc,km,37f7e193-1dc0-433b-a817-f607b1bdbfeb:4,Diesel: <1350 cc,,GHG_CH4_KGCO2_e,0.000262847,
Freight Transport,Light Commercial Vehicles,Post 2020 Fleet,Diesel: <1350 cc,km,37f7e193-1dc0-433b-a817-f607b1bdbfeb:4,Diesel: <1350 cc,,GHG_CO2_KGCO2_e,0.175082,
Freight Transport,Light Commercial Vehicles,Post 2020 Fleet,Diesel: <1350 cc,km,37f7e193-1dc0-433b-a817-f607b1bdbfeb:4,Diesel: <1350 cc,,GHG_N2O_KGCO2_e,0.00248766,
Freight Transport,Light Commercial Vehicles,Post 2020 Fleet,Diesel: <1350 cc,km,37f7e193-1dc0-433b-a817-f607b1bdbfeb:4,Diesel: <1350 cc,,GHG_TOTAL_KGCO2_e,0.177833,
Freight Transport,Light Commercial Vehicles,Post 2020 Fleet,Diesel: >=3000 cc,km,8e536614-3404-476e-9b15-cfd5485ffa3a:4,Diesel: >=3000 cc,,GHG_CH4_KGCO2_e,0.000365595,
Freight Transport,Light Commercial Vehicles,Post 2020 Fleet,Diesel: >=3000 cc,km,8e536614-3404-476e-9b15-cfd5485ffa3a:4,Diesel: >=3000 cc,,GHG_CO2_KGCO2_e,0.243522,
Freight Transport,Light Commercial Vehicles,Post 2020 Fleet,Diesel: >=3000 cc,km,8e536614-3404-476e-9b15-cfd5485ffa3a:4,Diesel: >=3000 cc,,GHG_N2O_KGCO2_e,0.00346009,
Freight Transport,Light Commercial Vehicles,Post 2020 Fleet,Diesel: >=3000 cc,km,8e536614-3404-476e-9b15-cfd5485ffa3a:4,Diesel: >=3000 cc,,GHG_TOTAL_KGCO2_e,0.247348,
Freight Transport,Light Commercial Vehicles,Post 2020 Fleet,Electric vehicle: 1350 - <1600 cc,km,7370a358-ae1d-4710-9a70-f46335010f61:3,Electric vehicle: 1350 - <1600 cc,,GHG_CH4_KGCO2_e,0.000552231,
Freight Transport,Light Commercial Vehicles,Post 2020 Fleet,Electric vehicle: 1350 - <1600 cc,km,7370a358-ae1d-4710-9a70-f46335010f61:3,Electric vehicle: 1350 - <1600 cc,,GHG_CO2_KGCO2_e,0.0174655,
Freight Transport,Light Commercial Vehicles,Post 2020 Fleet,Electric vehicle: 1350 - <1600 cc,km,7370a358-ae1d-4710-9a70-f46335010f61:3,Electric vehicle: 1350 - <1600 cc,,GHG_N2O_KGCO2_e,0.0000281702,
Freight Transport,Light Commercial Vehicles,Post 2020 Fleet,Electric vehicle: 1350 - <1600 cc,km,7370a358-ae1d-4710-9a70-f46335010f61:3,Electric vehicle: 1350 - <1600 cc,,GHG_TOTAL_KGCO2_e,0.0180459,
Freight Transport,Light Commercial Vehicles,Post 2020 Fleet,Electric vehicle: 1600 - <2000 cc,km,f5075020-12df-47be-a96a-92f2af79c0f7:3,Electric vehicle: 1600 - <2000 cc,,GHG_CH4_KGCO2_e,0.000624784,
Freight Transport,Light Commercial Vehicles,Post 2020 Fleet,Electric vehicle: 1600 - <2000 cc,km,f5075020-12df-47be-a96a-92f2af79c0f7:3,Electric vehicle: 1600 - <2000 cc,,GHG_CO2_KGCO2_e,0.0197601,
Freight Transport,Light Commercial Vehicles,Post 2020 Fleet,Electric vehicle: 1600 - <2000 cc,km,f5075020-12df-47be-a96a-92f2af79c0f7:3,Electric vehicle: 1600 - <2000 cc,,GHG_N2O_KGCO2_e,0.0000318713,
Freight Transport,Light Commercial Vehicles,Post 2020 Fleet,Electric vehicle: 1600 - <2000 cc,km,f5075020-12df-47be-a96a-92f2af79c0f7:3,Electric vehicle: 1600 - <2000 cc,,GHG_TOTAL_KGCO2_e,0.0204168,
Freight Transport,Light Commercial Vehicles,Post 2020 Fleet,Electric vehicle: 2000 - <3000 cc,km,9f46264c-4ca1-4585-a5ea-594d1b1114ed:3,Electric vehicle: 2000 - <3000 cc,,GHG_CH4_KGCO2_e,0.000769503,
Freight Transport,Light Commercial Vehicles,Post 2020 Fleet,Electric vehicle: 2000 - <3000 cc,km,9f46264c-4ca1-4585-a5ea-594d1b1114ed:3,Electric vehicle: 2000 - <3000 cc,,GHG_CO2_KGCO2_e,0.0243371,
Freight Transport,Light Commercial Vehicles,Post 2020 Fleet,Electric vehicle: 2000 - <3000 cc,km,9f46264c-4ca1-4585-a5ea-594d1b1114ed:3,Electric vehicle: 2000 - <3000 cc,,GHG_N2O_KGCO2_e,0.0000392536,
Freight Transport,Light Commercial Vehicles,Post 2020 Fleet,Electric vehicle: 2000 - <3000 cc,km,9f46264c-4ca1-4585-a5ea-594d1b1114ed:3,Electric vehicle: 2000 - <3000 cc,,GHG_TOTAL_KGCO2_e,0.0251459,
Freight Transport,Light Commercial Vehicles,Post 2020 Fleet,Electric vehicle: <1350 cc,km,1fab9743-7c09-4286-8afd-bdd8b0653118:3,Electric vehicle: <1350 cc,,GHG_CH4_KGCO2_e,0.000514301,
Freight Transport,Light Commercial Vehicles,Post 2020 Fleet,Electric vehicle: <1350 cc,km,1fab9743-7c09-4286-8afd-bdd8b0653118:3,Electric vehicle: <1350 cc,,GHG_CO2_KGCO2_e,0.0162659,
Freight Transport,Light Commercial Vehicles,Post 2020 Fleet,Electric vehicle: <1350 cc,km,1fab9743-7c09-4286-8afd-bdd8b0653118:3,Electric vehicle: <1350 cc,,GHG_N2O_KGCO2_e,0.0000262353,
Freight Transport,Light Commercial Vehicles,Post 2020 Fleet,Electric vehicle: <1350 cc,km,1fab9743-7c09-4286-8afd-bdd8b0653118:3,Electric vehicle: <1350 cc,,GHG_TOTAL_KGCO2_e,0.0168064,
Freight Transport,Light Commercial Vehicles,Post 2020 Fleet,Electric vehicle: >=3000 cc,km,060032ec-9bf7-4d43-b858-3aa26c114d28:3,Electric vehicle: >=3000 cc,,GHG_CH4_KGCO2_e,0.000899502,
Freight Transport,Light Commercial Vehicles,Post 2020 Fleet,Electric vehicle: >=3000 cc,km,060032ec-9bf7-4d43-b858-3aa26c114d28:3,Electric vehicle: >=3000 cc,,GHG_CO2_KGCO2_e,0.0284486,
Freight Transport,Light Commercial Vehicles,Post 2020 Fleet,Electric vehicle: >=3000 cc,km,060032ec-9bf7-4d43-b858-3aa26c114d28:3,Electric vehicle: >=3000 cc,,GHG_N2O_KGCO2_e,0.0000458851,
Freight Transport,Light Commercial Vehicles,Post 2020 Fleet,Electric vehicle: >=3000 cc,km,060032ec-9bf7-4d43-b858-3aa26c114d28:3,Electric vehicle: >=3000 cc,,GHG_TOTAL_KGCO2_e,0.029394,
Freight Transport,Light Commercial Vehicles,Post 2020 Fleet,PHEV (Diesel) - Diesel consumption: 1350 - <1600 cc,km,485b7047-80d9-4d94-bfc4-9efbd91ff063:3,PHEV (Diesel) - Diesel consumption: 1350 - <1600 cc,,GHG_CH4_KGCO2_e,0.00011965,
Freight Transport,Light Commercial Vehicles,Post 2020 Fleet,PHEV (Diesel) - Diesel consumption: 1350 - <1600 cc,km,485b7047-80d9-4d94-bfc4-9efbd91ff063:3,PHEV (Diesel) - Diesel consumption: 1350 - <1600 cc,,GHG_CO2_KGCO2_e,0.0796984,
Freight Transport,Light Commercial Vehicles,Post 2020 Fleet,PHEV (Diesel) - Diesel consumption: 1350 - <1600 cc,km,485b7047-80d9-4d94-bfc4-9efbd91ff063:3,PHEV (Diesel) - Diesel consumption: 1350 - <1600 cc,,GHG_N2O_KGCO2_e,0.0011324,
Freight Transport,Light Commercial Vehicles,Post 2020 Fleet,PHEV (Diesel) - Diesel consumption: 1350 - <1600 cc,km,485b7047-80d9-4d94-bfc4-9efbd91ff063:3,PHEV (Diesel) - Diesel consumption: 1350 - <1600 cc,,GHG_TOTAL_KGCO2_e,0.0809505,
Freight Transport,Light Commercial Vehicles,Post 2020 Fleet,PHEV (Diesel) - Diesel consumption: 1600 - <2000 cc,km,9af0474c-3132-413f-a93e-05d6f7f90f52:3,PHEV (Diesel) - Diesel consumption: 1600 - <2000 cc,,GHG_CH4_KGCO2_e,0.00015928,
Freight Transport,Light Commercial Vehicles,Post 2020 Fleet,PHEV (Diesel) - Diesel consumption: 1600 - <2000 cc,km,9af0474c-3132-413f-a93e-05d6f7f90f52:3,PHEV (Diesel) - Diesel consumption: 1600 - <2000 cc,,GHG_CO2_KGCO2_e,0.106096,
Freight Transport,Light Commercial Vehicles,Post 2020 Fleet,PHEV (Diesel) - Diesel consumption: 1600 - <2000 cc,km,9af0474c-3132-413f-a93e-05d6f7f90f52:3,PHEV (Diesel) - Diesel consumption: 1600 - <2000 cc,,GHG_N2O_KGCO2_e,0.00150747,
Freight Transport,Light Commercial Vehicles,Post 2020 Fleet,PHEV (Diesel) - Diesel consumption: 1600 - <2000 cc,km,9af0474c-3132-413f-a93e-05d6f7f90f52:3,PHEV (Diesel) - Diesel consumption: 1600 - <2000 cc,,GHG_TOTAL_KGCO2_e,0.107763,
Freight Transport,Light Commercial Vehicles,Post 2020 Fleet,PHEV (Diesel) - Diesel consumption: 2000 - <3000 cc,km,d78310fa-ad85-4cd7-b892-2c2702b56c2a:3,PHEV (Diesel) - Diesel consumption: 2000 - <3000 cc,,GHG_CH4_KGCO2_e,0.000170789,
Freight Transport,Light Commercial Vehicles,Post 2020 Fleet,PHEV (Diesel) - Diesel consumption: 2000 - <3000 cc,km,d78310fa-ad85-4cd7-b892-2c2702b56c2a:3,PHEV (Diesel) - Diesel consumption: 2000 - <3000 cc,,GHG_CO2_KGCO2_e,0.113762,
Freight Transport,Light Commercial Vehicles,Post 2020 Fleet,PHEV (Diesel) - Diesel consumption: 2000 - <3000 cc,km,d78310fa-ad85-4cd7-b892-2c2702b56c2a:3,PHEV (Diesel) - Diesel consumption: 2000 - <3000 cc,,GHG_N2O_KGCO2_e,0.0016164,
Freight Transport,Light Commercial Vehicles,Post 2020 Fleet,PHEV (Diesel) - Diesel consumption: 2000 - <3000 cc,km,d78310fa-ad85-4cd7-b892-2c2702b56c2a:3,PHEV (Diesel) - Diesel consumption: 2000 - <3000 cc,,GHG_TOTAL_KGCO2_e,0.115549,
Freight Transport,Light Commercial Vehicles,Post 2020 Fleet,PHEV (Diesel) - Diesel consumption: <1350 cc,km,650dda4a-5332-4237-9d48-537513866c8c:3,PHEV (Diesel) - Diesel consumption: <1350 cc,,GHG_CH4_KGCO2_e,0.000124335,
Freight Transport,Light Commercial Vehicles,Post 2020 Fleet,PHEV (Diesel) - Diesel consumption: <1350 cc,km,650dda4a-5332-4237-9d48-537513866c8c:3,PHEV (Diesel) - Diesel consumption: <1350 cc,,GHG_CO2_KGCO2_e,0.0828196,
Freight Transport,Light Commercial Vehicles,Post 2020 Fleet,PHEV (Diesel) - Diesel consumption: <1350 cc,km,650dda4a-5332-4237-9d48-537513866c8c:3,PHEV (Diesel) - Diesel consumption: <1350 cc,,GHG_N2O_KGCO2_e,0.00117675,
Freight Transport,Light Commercial Vehicles,Post 2020 Fleet,PHEV (Diesel) - Diesel consumption: <1350 cc,km,650dda4a-5332-4237-9d48-537513866c8c:3,PHEV (Diesel) - Diesel consumption: <1350 cc,,GHG_TOTAL_KGCO2_e,0.0841207,
Freight Transport,Light Commercial Vehicles,Post 2020 Fleet,PHEV (Diesel) - Diesel consumption: >=3000 cc,km,67a1f0d5-1ed5-4e7c-b583-5af4e1d390a8:3,PHEV (Diesel) - Diesel consumption: >=3000 cc,,GHG_CH4_KGCO2_e,0.000172938,
Freight Transport,Light Commercial Vehicles,Post 2020 Fleet,PHEV (Diesel) - Diesel consumption: >=3000 cc,km,67a1f0d5-1ed5-4e7c-b583-5af4e1d390a8:3,PHEV (Diesel) - Diesel consumption: >=3000 cc,,GHG_CO2_KGCO2_e,0.115194,
Freight Transport,Light Commercial Vehicles,Post 2020 Fleet,PHEV (Diesel) - Diesel consumption: >=3000 cc,km,67a1f0d5-1ed5-4e7c-b583-5af4e1d390a8:3,PHEV (Diesel) - Diesel consumption: >=3000 cc,,GHG_N2O_KGCO2_e,0.00163674,
Freight Transport,Light Commercial Vehicles,Post 2020 Fleet,PHEV (Diesel) - Diesel consumption: >=3000 cc,km,67a1f0d5-1ed5-4e7c-b583-5af4e1d390a8:3,PHEV (Diesel) - Diesel consumption: >=3000 cc,,GHG_TOTAL_KGCO2_e,0.117004,
Freight Transport,Light Commercial Vehicles,Post 2020 Fleet,PHEV (Diesel) - Electricity consumption: 1350 - <1600 cc,km,e9f4d5f1-e277-4a1c-bb26-b2717885b41f:3,PHEV (Diesel) - Electricity consumption: 1350 - <1600 cc,,GHG_CH4_KGCO2_e,0.000238835,
Freight Transport,Light Commercial Vehicles,Post 2020 Fleet,PHEV (Diesel) - Electricity consumption: 1350 - <1600 cc,km,e9f4d5f1-e277-4a1c-bb26-b2717885b41f:3,PHEV (Diesel) - Electricity consumption: 1350 - <1600 cc,,GHG_CO2_KGCO2_e,0.00755364,
Freight Transport,Light Commercial Vehicles,Post 2020 Fleet,PHEV (Diesel) - Electricity consumption: 1350 - <1600 cc,km,e9f4d5f1-e277-4a1c-bb26-b2717885b41f:3,PHEV (Diesel) - Electricity consumption: 1350 - <1600 cc,,GHG_N2O_KGCO2_e,0.0000121833,
Freight Transport,Light Commercial Vehicles,Post 2020 Fleet,PHEV (Diesel) - Electricity consumption: 1350 - <1600 cc,km,e9f4d5f1-e277-4a1c-bb26-b2717885b41f:3,PHEV (Diesel) - Electricity consumption: 1350 - <1600 cc,,GHG_TOTAL_KGCO2_e,0.00780466,
Freight Transport,Light Commercial Vehicles,Post 2020 Fleet,PHEV (Diesel) - Electricity consumption: 1600 - <2000 cc,km,6e4f4af5-3780-4b75-b4f7-f59fdb50ce54:3,PHEV (Diesel) - Electricity consumption: 1600 - <2000 cc,,GHG_CH4_KGCO2_e,0.000261689,
Freight Transport,Light Commercial Vehicles,Post 2020 Fleet,PHEV (Diesel) - Electricity consumption: 1600 - <2000 cc,km,6e4f4af5-3780-4b75-b4f7-f59fdb50ce54:3,PHEV (Diesel) - Electricity consumption: 1600 - <2000 cc,,GHG_CO2_KGCO2_e,0.00827645,
Freight Transport,Light Commercial Vehicles,Post 2020 Fleet,PHEV (Diesel) - Electricity consumption: 1600 - <2000 cc,km,6e4f4af5-3780-4b75-b4f7-f59fdb50ce54:3,PHEV (Diesel) - Electricity consumption: 1600 - <2000 cc,,GHG_N2O_KGCO2_e,0.0000133492,
Freight Transport,Light Commercial Vehicles,Post 2020 Fleet,PHEV (Diesel) - Electricity consumption: 1600 - <2000 cc,km,6e4f4af5-3780-4b75-b4f7-f59fdb50ce54:3,PHEV (Diesel) - Electricity consumption: 1600 - <2000 cc,,GHG_TOTAL_KGCO2_e,0.00855149,
Freight Transport,Light Commercial Vehicles,Post 2020 Fleet,PHEV (Diesel) - Electricity consumption: 2000 - <3000 cc,km,72308291-484d-48e1-81d6-edb962462da5:3,PHEV (Diesel) - Electricity consumption: 2000 - <3000 cc,,GHG_CH4_KGCO2_e,0.000296194,
Freight Transport,Light Commercial Vehicles,Post 2020 Fleet,PHEV (Diesel) - Electricity consumption: 2000 - <3000 cc,km,72308291-484d-48e1-81d6-edb962462da5:3,PHEV (Diesel) - Electricity consumption: 2000 - <3000 cc,,GHG_CO2_KGCO2_e,0.00936774,
Freight Transport,Light Commercial Vehicles,Post 2020 Fleet,PHEV (Diesel) - Electricity consumption: 2000 - <3000 cc,km,72308291-484d-48e1-81d6-edb962462da5:3,PHEV (Diesel) - Electricity consumption: 2000 - <3000 cc,,GHG_N2O_KGCO2_e,0.0000151093,
Freight Transport,Light Commercial Vehicles,Post 2020 Fleet,PHEV (Diesel) - Electricity consumption: 2000 - <3000 cc,km,72308291-484d-48e1-81d6-edb962462da5:3,PHEV (Diesel) - Electricity consumption: 2000 - <3000 cc,,GHG_TOTAL_KGCO2_e,0.00967905,
Freight Transport,Light Commercial Vehicles,Post 2020 Fleet,PHEV (Diesel) - Electricity consumption: <1350 cc,km,4cc75099-5ae8-44ec-bfc4-6b32777de4f6:3,PHEV (Diesel) - Electricity consumption: <1350 cc,,GHG_CH4_KGCO2_e,0.000248665,
Freight Transport,Light Commercial Vehicles,Post 2020 Fleet,PHEV (Diesel) - Electricity consumption: <1350 cc,km,4cc75099-5ae8-44ec-bfc4-6b32777de4f6:3,PHEV (Diesel) - Electricity consumption: <1350 cc,,GHG_CO2_KGCO2_e,0.00786456,
Freight Transport,Light Commercial Vehicles,Post 2020 Fleet,PHEV (Diesel) - Electricity consumption: <1350 cc,km,4cc75099-5ae8-44ec-bfc4-6b32777de4f6:3,PHEV (Diesel) - Electricity consumption: <1350 cc,,GHG_N2O_KGCO2_e,0.0000126848,
Freight Transport,Light Commercial Vehicles,Post 2020 Fleet,PHEV (Diesel) - Electricity consumption: <1350 cc,km,4cc75099-5ae8-44ec-bfc4-6b32777de4f6:3,PHEV (Diesel) - Electricity consumption: <1350 cc,,GHG_TOTAL_KGCO2_e,0.0081259,
Freight Transport,Light Commercial Vehicles,Post 2020 Fleet,PHEV (Diesel) - Electricity consumption: >=3000 cc,km,e6ab21e1-467f-405b-b133-c46bc99163e4:3,PHEV (Diesel) - Electricity consumption: >=3000 cc,,GHG_CH4_KGCO2_e,0.00035032,
Freight Transport,Light Commercial Vehicles,Post 2020 Fleet,PHEV (Diesel) - Electricity consumption: >=3000 cc,km,e6ab21e1-467f-405b-b133-c46bc99163e4:3,PHEV (Diesel) - Electricity consumption: >=3000 cc,,GHG_CO2_KGCO2_e,0.0110796,
Freight Transport,Light Commercial Vehicles,Post 2020 Fleet,PHEV (Diesel) - Electricity consumption: >=3000 cc,km,e6ab21e1-467f-405b-b133-c46bc99163e4:3,PHEV (Diesel) - Electricity consumption: >=3000 cc,,GHG_N2O_KGCO2_e,0.0000178704,
Freight Transport,Light Commercial Vehicles,Post 2020 Fleet,PHEV (Diesel) - Electricity consumption: >=3000 cc,km,e6ab21e1-467f-405b-b133-c46bc99163e4:3,PHEV (Diesel) - Electricity consumption: >=3000 cc,,GHG_TOTAL_KGCO2_e,0.0114478,
Freight Transport,Light Commercial Vehicles,Post 2020 Fleet,PHEV (Petrol) - Electricity consumption: 1350 - <1600 cc,km,96c79a33-a4d4-4d1b-9331-1c9e33307462:3,PHEV (Petrol) - Electricity consumption: 1350 - <1600 cc,,GHG_CH4_KGCO2_e,0.00026323,
Freight Transport,Light Commercial Vehicles,Post 2020 Fleet,PHEV (Petrol) - Electricity consumption: 1350 - <1600 cc,km,96c79a33-a4d4-4d1b-9331-1c9e33307462:3,PHEV (Petrol) - Electricity consumption: 1350 - <1600 cc,,GHG_CO2_KGCO2_e,0.0083252,
Freight Transport,Light Commercial Vehicles,Post 2020 Fleet,PHEV (Petrol) - Electricity consumption: 1350 - <1600 cc,km,96c79a33-a4d4-4d1b-9331-1c9e33307462:3,PHEV (Petrol) - Electricity consumption: 1350 - <1600 cc,,GHG_N2O_KGCO2_e,0.0000134278,
Freight Transport,Light Commercial Vehicles,Post 2020 Fleet,PHEV (Petrol) - Electricity consumption: 1350 - <1600 cc,km,96c79a33-a4d4-4d1b-9331-1c9e33307462:3,PHEV (Petrol) - Electricity consumption: 1350 - <1600 cc,,GHG_TOTAL_KGCO2_e,0.00860186,
Freight Transport,Light Commercial Vehicles,Post 2020 Fleet,PHEV (Petrol) - Electricity consumption: 1600 - <2000 cc,km,a1ddaf6b-2780-411f-b822-eeeecb2b63e9:3,PHEV (Petrol) - Electricity consumption: 1600 - <2000 cc,,GHG_CH4_KGCO2_e,0.000297814,
Freight Transport,Light Commercial Vehicles,Post 2020 Fleet,PHEV (Petrol) - Electricity consumption: 1600 - <2000 cc,km,a1ddaf6b-2780-411f-b822-eeeecb2b63e9:3,PHEV (Petrol) - Electricity consumption: 1600 - <2000 cc,,GHG_CO2_KGCO2_e,0.00941899,
Freight Transport,Light Commercial Vehicles,Post 2020 Fleet,PHEV (Petrol) - Electricity consumption: 1600 - <2000 cc,km,a1ddaf6b-2780-411f-b822-eeeecb2b63e9:3,PHEV (Petrol) - Electricity consumption: 1600 - <2000 cc,,GHG_N2O_KGCO2_e,0.000015192,
Freight Transport,Light Commercial Vehicles,Post 2020 Fleet,PHEV (Petrol) - Electricity consumption: 1600 - <2000 cc,km,a1ddaf6b-2780-411f-b822-eeeecb2b63e9:3,PHEV (Petrol) - Electricity consumption: 1600 - <2000 cc,,GHG_TOTAL_KGCO2_e,0.00973199,
Freight Transport,Light Commercial Vehicles,Post 2020 Fleet,PHEV (Petrol) - Electricity consumption: 2000 - <3000 cc,km,148d3391-97fe-4a1d-88d7-1018c61e353d:3,PHEV (Petrol) - Electricity consumption: 2000 - <3000 cc,,GHG_CH4_KGCO2_e,0.000366796,
Freight Transport,Light Commercial Vehicles,Post 2020 Fleet,PHEV (Petrol) - Electricity consumption: 2000 - <3000 cc,km,148d3391-97fe-4a1d-88d7-1018c61e353d:3,PHEV (Petrol) - Electricity consumption: 2000 - <3000 cc,,GHG_CO2_KGCO2_e,0.0116007,
Freight Transport,Light Commercial Vehicles,Post 2020 Fleet,PHEV (Petrol) - Electricity consumption: 2000 - <3000 cc,km,148d3391-97fe-4a1d-88d7-1018c61e353d:3,PHEV (Petrol) - Electricity consumption: 2000 - <3000 cc,,GHG_N2O_KGCO2_e,0.0000187109,
Freight Transport,Light Commercial Vehicles,Post 2020 Fleet,PHEV (Petrol) - Electricity consumption: 2000 - <3000 cc,km,148d3391-97fe-4a1d-88d7-1018c61e353d:3,PHEV (Petrol) - Electricity consumption: 2000 - <3000 cc,,GHG_TOTAL_KGCO2_e,0.0119862,
Freight Transport,Light Commercial Vehicles,Post 2020 Fleet,PHEV (Petrol) - Electricity consumption: <1350 cc,km,8f57f5e7-4a54-4032-bbd1-1982564a37e9:3,PHEV (Petrol) - Electricity consumption: <1350 cc,,GHG_CH4_KGCO2_e,0.00024515,
Freight Transport,Light Commercial Vehicles,Post 2020 Fleet,PHEV (Petrol) - Electricity consumption: <1350 cc,km,8f57f5e7-4a54-4032-bbd1-1982564a37e9:3,PHEV (Petrol) - Electricity consumption: <1350 cc,,GHG_CO2_KGCO2_e,0.00775339,
Freight Transport,Light Commercial Vehicles,Post 2020 Fleet,PHEV (Petrol) - Electricity consumption: <1350 cc,km,8f57f5e7-4a54-4032-bbd1-1982564a37e9:3,PHEV (Petrol) - Electricity consumption: <1350 cc,,GHG_N2O_KGCO2_e,0.0000125055,
Freight Transport,Light Commercial Vehicles,Post 2020 Fleet,PHEV (Petrol) - Electricity consumption: <1350 cc,km,8f57f5e7-4a54-4032-bbd1-1982564a37e9:3,PHEV (Petrol) - Electricity consumption: <1350 cc,,GHG_TOTAL_KGCO2_e,0.00801105,
Freight Transport,Light Commercial Vehicles,Post 2020 Fleet,PHEV (Petrol) - Electricity consumption: >=3000 cc,km,221cbdae-d00d-4da2-918f-163624fc2444:3,PHEV (Petrol) - Electricity consumption: >=3000 cc,,GHG_CH4_KGCO2_e,0.000428762,
Freight Transport,Light Commercial Vehicles,Post 2020 Fleet,PHEV (Petrol) - Electricity consumption: >=3000 cc,km,221cbdae-d00d-4da2-918f-163624fc2444:3,PHEV (Petrol) - Electricity consumption: >=3000 cc,,GHG_CO2_KGCO2_e,0.0135605,
Freight Transport,Light Commercial Vehicles,Post 2020 Fleet,PHEV (Petrol) - Electricity consumption: >=3000 cc,km,221cbdae-d00d-4da2-918f-163624fc2444:3,PHEV (Petrol) - Electricity consumption: >=3000 cc,,GHG_N2O_KGCO2_e,0.0000218719,
Freight Transport,Light Commercial Vehicles,Post 2020 Fleet,PHEV (Petrol) - Electricity consumption: >=3000 cc,km,221cbdae-d00d-4da2-918f-163624fc2444:3,PHEV (Petrol) - Electricity consumption: >=3000 cc,,GHG_TOTAL_KGCO2_e,0.0140111,
Freight Transport,Light Commercial Vehicles,Post 2020 Fleet,PHEV (Petrol) - Petrol consumption: 1350 - <1600 cc,km,ed0b69e4-76a3-4c82-b2bd-76b41a5804e9:3,PHEV (Petrol) - Petrol consumption: 1350 - <1600 cc,,GHG_CH4_KGCO2_e,0.00096704,
Freight Transport,Light Commercial Vehicles,Post 2020 Fleet,PHEV (Petrol) - Petrol consumption: 1350 - <1600 cc,km,ed0b69e4-76a3-4c82-b2bd-76b41a5804e9:3,PHEV (Petrol) - Petrol consumption: 1350 - <1600 cc,,GHG_CO2_KGCO2_e,0.0724003,
Freight Transport,Light Commercial Vehicles,Post 2020 Fleet,PHEV (Petrol) - Petrol consumption: 1350 - <1600 cc,km,ed0b69e4-76a3-4c82-b2bd-76b41a5804e9:3,PHEV (Petrol) - Petrol consumption: 1350 - <1600 cc,,GHG_N2O_KGCO2_e,0.00221875,
Freight Transport,Light Commercial Vehicles,Post 2020 Fleet,PHEV (Petrol) - Petrol consumption: 1350 - <1600 cc,km,ed0b69e4-76a3-4c82-b2bd-76b41a5804e9:3,PHEV (Petrol) - Petrol consumption: 1350 - <1600 cc,,GHG_TOTAL_KGCO2_e,0.0755861,
Freight Transport,Light Commercial Vehicles,Post 2020 Fleet,PHEV (Petrol) - Petrol consumption: 1600 - <2000 cc,km,3c66e387-9e7a-44ad-b6e5-e38a1dd34e9b:3,PHEV (Petrol) - Petrol consumption: 1600 - <2000 cc,,GHG_CH4_KGCO2_e,0.00130477,
Freight Transport,Light Commercial Vehicles,Post 2020 Fleet,PHEV (Petrol) - Petrol consumption: 1600 - <2000 cc,km,3c66e387-9e7a-44ad-b6e5-e38a1dd34e9b:3,PHEV (Petrol) - Petrol consumption: 1600 - <2000 cc,,GHG_CO2_KGCO2_e,0.0976856,
Freight Transport,Light Commercial Vehicles,Post 2020 Fleet,PHEV (Petrol) - Petrol consumption: 1600 - <2000 cc,km,3c66e387-9e7a-44ad-b6e5-e38a1dd34e9b:3,PHEV (Petrol) - Petrol consumption: 1600 - <2000 cc,,GHG_N2O_KGCO2_e,0.00299363,
Freight Transport,Light Commercial Vehicles,Post 2020 Fleet,PHEV (Petrol) - Petrol consumption: 1600 - <2000 cc,km,3c66e387-9e7a-44ad-b6e5-e38a1dd34e9b:3,PHEV (Petrol) - Petrol consumption: 1600 - <2000 cc,,GHG_TOTAL_KGCO2_e,0.101984,
Freight Transport,Light Commercial Vehicles,Post 2020 Fleet,PHEV (Petrol) - Petrol consumption: 2000 - <3000 cc,km,261bd030-fe8e-4fc3-9c08-262c22fd2471:3,PHEV (Petrol) - Petrol consumption: 2000 - <3000 cc,,GHG_CH4_KGCO2_e,0.0013802,
Freight Transport,Light Commercial Vehicles,Post 2020 Fleet,PHEV (Petrol) - Petrol consumption: 2000 - <3000 cc,km,261bd030-fe8e-4fc3-9c08-262c22fd2471:3,PHEV (Petrol) - Petrol consumption: 2000 - <3000 cc,,GHG_CO2_KGCO2_e,0.103333,
Freight Transport,Light Commercial Vehicles,Post 2020 Fleet,PHEV (Petrol) - Petrol consumption: 2000 - <3000 cc,km,261bd030-fe8e-4fc3-9c08-262c22fd2471:3,PHEV (Petrol) - Petrol consumption: 2000 - <3000 cc,,GHG_N2O_KGCO2_e,0.00316669,
Freight Transport,Light Commercial Vehicles,Post 2020 Fleet,PHEV (Petrol) - Petrol consumption: 2000 - <3000 cc,km,261bd030-fe8e-4fc3-9c08-262c22fd2471:3,PHEV (Petrol) - Petrol consumption: 2000 - <3000 cc,,GHG_TOTAL_KGCO2_e,0.10788,
Freight Transport,Light Commercial Vehicles,Post 2020 Fleet,PHEV (Petrol) - Petrol consumption: <1350 cc,km,5fdf320e-164f-4992-8de7-9cba0c44ac6d:3,PHEV (Petrol) - Petrol consumption: <1350 cc,,GHG_CH4_KGCO2_e,0.00090062,
Freight Transport,Light Commercial Vehicles,Post 2020 Fleet,PHEV (Petrol) - Petrol consumption: <1350 cc,km,5fdf320e-164f-4992-8de7-9cba0c44ac6d:3,PHEV (Petrol) - Petrol consumption: <1350 cc,,GHG_CO2_KGCO2_e,0.0674275,
Freight Transport,Light Commercial Vehicles,Post 2020 Fleet,PHEV (Petrol) - Petrol consumption: <1350 cc,km,5fdf320e-164f-4992-8de7-9cba0c44ac6d:3,PHEV (Petrol) - Petrol consumption: <1350 cc,,GHG_N2O_KGCO2_e,0.00206636,
Freight Transport,Light Commercial Vehicles,Post 2020 Fleet,PHEV (Petrol) - Petrol consumption: <1350 cc,km,5fdf320e-164f-4992-8de7-9cba0c44ac6d:3,PHEV (Petrol) - Petrol consumption: <1350 cc,,GHG_TOTAL_KGCO2_e,0.0703945,
Freight Transport,Light Commercial Vehicles,Post 2020 Fleet,PHEV (Petrol) - Petrol consumption: >=3000 cc,km,4a1a4401-c323-4e47-ba46-f883386a517a:3,PHEV (Petrol) - Petrol consumption: >=3000 cc,,GHG_CH4_KGCO2_e,0.00157608,
Freight Transport,Light Commercial Vehicles,Post 2020 Fleet,PHEV (Petrol) - Petrol consumption: >=3000 cc,km,4a1a4401-c323-4e47-ba46-f883386a517a:3,PHEV (Petrol) - Petrol consumption: >=3000 cc,,GHG_CO2_KGCO2_e,0.117998,
Freight Transport,Light Commercial Vehicles,Post 2020 Fleet,PHEV (Petrol) - Petrol consumption: >=3000 cc,km,4a1a4401-c323-4e47-ba46-f883386a517a:3,PHEV (Petrol) - Petrol consumption: >=3000 cc,,GHG_N2O_KGCO2_e,0.00361612,
Freight Transport,Light Commercial Vehicles,Post 2020 Fleet,PHEV (Petrol) - Petrol consumption: >=3000 cc,km,4a1a4401-c323-4e47-ba46-f883386a517a:3,PHEV (Petrol) - Petrol consumption: >=3000 cc,,GHG_TOTAL_KGCO2_e,0.12319,
Freight Transport,Light Commercial Vehicles,Post 2020 Fleet,Petrol hybrid: 1350 - <1600 cc,km,56b02d99-fdbf-4419-89e8-87fc5556a0c0:4,Petrol hybrid: 1350 - <1600 cc,,GHG_CH4_KGCO2_e,0.00184785,
Freight Transport,Light Commercial Vehicles,Post 2020 Fleet,Petrol hybrid: 1350 - <1600 cc,km,56b02d99-fdbf-4419-89e8-87fc5556a0c0:4,Petrol hybrid: 1350 - <1600 cc,,GHG_CO2_KGCO2_e,0.138345,
Freight Transport,Light Commercial Vehicles,Post 2020 Fleet,Petrol hybrid: 1350 - <1600 cc,km,56b02d99-fdbf-4419-89e8-87fc5556a0c0:4,Petrol hybrid: 1350 - <1600 cc,,GHG_N2O_KGCO2_e,0.00423965,
Freight Transport,Light Commercial Vehicles,Post 2020 Fleet,Petrol hybrid: 1350 - <1600 cc,km,56b02d99-fdbf-4419-89e8-87fc5556a0c0:4,Petrol hybrid: 1350 - <1600 cc,,GHG_TOTAL_KGCO2_e,0.144432,
Freight Transport,Light Commercial Vehicles,Post 2020 Fleet,Petrol hybrid: 1600 - <2000 cc,km,5e314718-e549-4a56-8d5f-ef26818a5d9c:4,Petrol hybrid: 1600 - <2000 cc,,GHG_CH4_KGCO2_e,0.0024932,
Freight Transport,Light Commercial Vehicles,Post 2020 Fleet,Petrol hybrid: 1600 - <2000 cc,km,5e314718-e549-4a56-8d5f-ef26818a5d9c:4,Petrol hybrid: 1600 - <2000 cc,,GHG_CO2_KGCO2_e,0.18666,
Freight Transport,Light Commercial Vehicles,Post 2020 Fleet,Petrol hybrid: 1600 - <2000 cc,km,5e314718-e549-4a56-8d5f-ef26818a5d9c:4,Petrol hybrid: 1600 - <2000 cc,,GHG_N2O_KGCO2_e,0.00572032,
Freight Transport,Light Commercial Vehicles,Post 2020 Fleet,Petrol hybrid: 1600 - <2000 cc,km,5e314718-e549-4a56-8d5f-ef26818a5d9c:4,Petrol hybrid: 1600 - <2000 cc,,GHG_TOTAL_KGCO2_e,0.194874,
Freight Transport,Light Commercial Vehicles,Post 2020 Fleet,Petrol hybrid: 2000 - <3000 cc,km,ff9987db-9d4c-4f5c-9bb0-da1685d5becb:4,Petrol hybrid: 2000 - <3000 cc,,GHG_CH4_KGCO2_e,0.00263732,
Freight Transport,Light Commercial Vehicles,Post 2020 Fleet,Petrol hybrid: 2000 - <3000 cc,km,ff9987db-9d4c-4f5c-9bb0-da1685d5becb:4,Petrol hybrid: 2000 - <3000 cc,,GHG_CO2_KGCO2_e,0.197451,
Freight Transport,Light Commercial Vehicles,Post 2020 Fleet,Petrol hybrid: 2000 - <3000 cc,km,ff9987db-9d4c-4f5c-9bb0-da1685d5becb:4,Petrol hybrid: 2000 - <3000 cc,,GHG_N2O_KGCO2_e,0.006051,
Freight Transport,Light Commercial Vehicles,Post 2020 Fleet,Petrol hybrid: 2000 - <3000 cc,km,ff9987db-9d4c-4f5c-9bb0-da1685d5becb:4,Petrol hybrid: 2000 - <3000 cc,,GHG_TOTAL_KGCO2_e,0.206139,
Freight Transport,Light Commercial Vehicles,Post 2020 Fleet,Petrol hybrid: <1350 cc,km,b9bf4481-aaa4-4f03-8d75-ded07b7baa48:4,Petrol hybrid: <1350 cc,,GHG_CH4_KGCO2_e,0.00172093,
Freight Transport,Light Commercial Vehicles,Post 2020 Fleet,Petrol hybrid: <1350 cc,km,b9bf4481-aaa4-4f03-8d75-ded07b7baa48:4,Petrol hybrid: <1350 cc,,GHG_CO2_KGCO2_e,0.128842,
Freight Transport,Light Commercial Vehicles,Post 2020 Fleet,Petrol hybrid: <1350 cc,km,b9bf4481-aaa4-4f03-8d75-ded07b7baa48:4,Petrol hybrid: <1350 cc,,GHG_N2O_KGCO2_e,0.00394845,
Freight Transport,Light Commercial Vehicles,Post 2020 Fleet,Petrol hybrid: <1350 cc,km,b9bf4481-aaa4-4f03-8d75-ded07b7baa48:4,Petrol hybrid: <1350 cc,,GHG_TOTAL_KGCO2_e,0.134512,
Freight Transport,Light Commercial Vehicles,Post 2020 Fleet,Petrol hybrid: >=3000 cc,km,9cd96dd1-ce36-4923-8838-61a1bae04210:4,Petrol hybrid: >=3000 cc,,GHG_CH4_KGCO2_e,0.00301163,
Freight Transport,Light Commercial Vehicles,Post 2020 Fleet,Petrol hybrid: >=3000 cc,km,9cd96dd1-ce36-4923-8838-61a1bae04210:4,Petrol hybrid: >=3000 cc,,GHG_CO2_KGCO2_e,0.225474,
Freight Transport,Light Commercial Vehicles,Post 2020 Fleet,Petrol hybrid: >=3000 cc,km,9cd96dd1-ce36-4923-8838-61a1bae04210:4,Petrol hybrid: >=3000 cc,,GHG_N2O_KGCO2_e,0.00690979,
Freight Transport,Light Commercial Vehicles,Post 2020 Fleet,Petrol hybrid: >=3000 cc,km,9cd96dd1-ce36-4923-8838-61a1bae04210:4,Petrol hybrid: >=3000 cc,,GHG_TOTAL_KGCO2_e,0.235396,
Freight Transport,Light Commercial Vehicles,Post 2020 Fleet,Petrol: 1350 - <1600 cc,km,f426be98-85c3-4aa7-95f8-4b960af381cc:4,Petrol: 1350 - <1600 cc,,GHG_CH4_KGCO2_e,0.00232189,
Freight Transport,Light Commercial Vehicles,Post 2020 Fleet,Petrol: 1350 - <1600 cc,km,f426be98-85c3-4aa7-95f8-4b960af381cc:4,Petrol: 1350 - <1600 cc,,GHG_CO2_KGCO2_e,0.173835,
Freight Transport,Light Commercial Vehicles,Post 2020 Fleet,Petrol: 1350 - <1600 cc,km,f426be98-85c3-4aa7-95f8-4b960af381cc:4,Petrol: 1350 - <1600 cc,,GHG_N2O_KGCO2_e,0.00532729,
Freight Transport,Light Commercial Vehicles,Post 2020 Fleet,Petrol: 1350 - <1600 cc,km,f426be98-85c3-4aa7-95f8-4b960af381cc:4,Petrol: 1350 - <1600 cc,,GHG_TOTAL_KGCO2_e,0.181484,
Freight Transport,Light Commercial Vehicles,Post 2020 Fleet,Petrol: 1600 - <2000 cc,km,ed40b516-f568-4398-bb64-2ea087527591:4,Petrol: 1600 - <2000 cc,,GHG_CH4_KGCO2_e,0.0031328,
Freight Transport,Light Commercial Vehicles,Post 2020 Fleet,Petrol: 1600 - <2000 cc,km,ed40b516-f568-4398-bb64-2ea087527591:4,Petrol: 1600 - <2000 cc,,GHG_CO2_KGCO2_e,0.234546,
Freight Transport,Light Commercial Vehicles,Post 2020 Fleet,Petrol: 1600 - <2000 cc,km,ed40b516-f568-4398-bb64-2ea087527591:4,Petrol: 1600 - <2000 cc,,GHG_N2O_KGCO2_e,0.0071878,
Freight Transport,Light Commercial Vehicles,Post 2020 Fleet,Petrol: 1600 - <2000 cc,km,ed40b516-f568-4398-bb64-2ea087527591:4,Petrol: 1600 - <2000 cc,,GHG_TOTAL_KGCO2_e,0.244867,
Freight Transport,Light Commercial Vehicles,Post 2020 Fleet,Petrol: 2000 - <3000 cc,km,07008468-f18a-4ec4-9558-84344fc5a704:4,Petrol: 2000 - <3000 cc,,GHG_CH4_KGCO2_e,0.0033139,
Freight Transport,Light Commercial Vehicles,Post 2020 Fleet,Petrol: 2000 - <3000 cc,km,07008468-f18a-4ec4-9558-84344fc5a704:4,Petrol: 2000 - <3000 cc,,GHG_CO2_KGCO2_e,0.248105,
Freight Transport,Light Commercial Vehicles,Post 2020 Fleet,Petrol: 2000 - <3000 cc,km,07008468-f18a-4ec4-9558-84344fc5a704:4,Petrol: 2000 - <3000 cc,,GHG_N2O_KGCO2_e,0.00760332,
Freight Transport,Light Commercial Vehicles,Post 2020 Fleet,Petrol: 2000 - <3000 cc,km,07008468-f18a-4ec4-9558-84344fc5a704:4,Petrol: 2000 - <3000 cc,,GHG_TOTAL_KGCO2_e,0.259022,
Freight Transport,Light Commercial Vehicles,Post 2020 Fleet,Petrol: <1350 cc,km,b35f4a58-f4bc-4318-8102-ae800bf67d79:4,Petrol: <1350 cc,,GHG_CH4_KGCO2_e,0.00216241,
Freight Transport,Light Commercial Vehicles,Post 2020 Fleet,Petrol: <1350 cc,km,b35f4a58-f4bc-4318-8102-ae800bf67d79:4,Petrol: <1350 cc,,GHG_CO2_KGCO2_e,0.161895,
Freight Transport,Light Commercial Vehicles,Post 2020 Fleet,Petrol: <1350 cc,km,b35f4a58-f4bc-4318-8102-ae800bf67d79:4,Petrol: <1350 cc,,GHG_N2O_KGCO2_e,0.00496138,
Freight Transport,Light Commercial Vehicles,Post 2020 Fleet,Petrol: <1350 cc,km,b35f4a58-f4bc-4318-8102-ae800bf67d79:4,Petrol: <1350 cc,,GHG_TOTAL_KGCO2_e,0.169019,
Freight Transport,Light Commercial Vehicles,Post 2020 Fleet,Petrol: >=3000 cc,km,d6593ed8-0c1b-4954-86a9-2b167bb354f1:4,Petrol: >=3000 cc,,GHG_CH4_KGCO2_e,0.00378423,
Freight Transport,Light Commercial Vehicles,Post 2020 Fleet,Petrol: >=3000 cc,km,d6593ed8-0c1b-4954-86a9-2b167bb354f1:4,Petrol: >=3000 cc,,GHG_CO2_KGCO2_e,0.283317,
Freight Transport,Light Commercial Vehicles,Post 2020 Fleet,Petrol: >=3000 cc,km,d6593ed8-0c1b-4954-86a9-2b167bb354f1:4,Petrol: >=3000 cc,,GHG_N2O_KGCO2_e,0.00868242,
Freight Transport,Light Commercial Vehicles,Post 2020 Fleet,Petrol: >=3000 cc,km,d6593ed8-0c1b-4954-86a9-2b167bb354f1:4,Petrol: >=3000 cc,,GHG_TOTAL_KGCO2_e,0.295784,
Freight Transport,Light Commercial Vehicles,Pre 2010 Fleet,Diesel hybrid: 1350 - <1600 cc,km,f30472ee-9cd5-492e-b120-73f186477e92,Diesel hybrid: 1350 - <1600 cc,,GHG_CH4_KGCO2_e,0.00028273,
Freight Transport,Light Commercial Vehicles,Pre 2010 Fleet,Diesel hybrid: 1350 - <1600 cc,km,f30472ee-9cd5-492e-b120-73f186477e92,Diesel hybrid: 1350 - <1600 cc,,GHG_CO2_KGCO2_e,0.188326,
Freight Transport,Light Commercial Vehicles,Pre 2010 Fleet,Diesel hybrid: 1350 - <1600 cc,km,f30472ee-9cd5-492e-b120-73f186477e92,Diesel hybrid: 1350 - <1600 cc,,GHG_N2O_KGCO2_e,0.00267583,
Freight Transport,Light Commercial Vehicles,Pre 2010 Fleet,Diesel hybrid: 1350 - <1600 cc,km,f30472ee-9cd5-492e-b120-73f186477e92,Diesel hybrid: 1350 - <1600 cc,,GHG_TOTAL_KGCO2_e,0.191284,
Freight Transport,Light Commercial Vehicles,Pre 2010 Fleet,Diesel hybrid: 1600 - <2000 cc,km,cffcd54a-ae3d-4018-82c5-c29a0fff854b,Diesel hybrid: 1600 - <2000 cc,,GHG_CH4_KGCO2_e,0.000376375,
Freight Transport,Light Commercial Vehicles,Pre 2010 Fleet,Diesel hybrid: 1600 - <2000 cc,km,cffcd54a-ae3d-4018-82c5-c29a0fff854b,Diesel hybrid: 1600 - <2000 cc,,GHG_CO2_KGCO2_e,0.250703,
Freight Transport,Light Commercial Vehicles,Pre 2010 Fleet,Diesel hybrid: 1600 - <2000 cc,km,cffcd54a-ae3d-4018-82c5-c29a0fff854b,Diesel hybrid: 1600 - <2000 cc,,GHG_N2O_KGCO2_e,0.00356212,
Freight Transport,Light Commercial Vehicles,Pre 2010 Fleet,Diesel hybrid: 1600 - <2000 cc,km,cffcd54a-ae3d-4018-82c5-c29a0fff854b,Diesel hybrid: 1600 - <2000 cc,,GHG_TOTAL_KGCO2_e,0.254641,
Freight Transport,Light Commercial Vehicles,Pre 2010 Fleet,Diesel hybrid: 2000 - <3000 cc,km,b12aa399-60b4-4df9-a1e3-2a6db2ef7baa,Diesel hybrid: 2000 - <3000 cc,,GHG_CH4_KGCO2_e,0.000403571,
Freight Transport,Light Commercial Vehicles,Pre 2010 Fleet,Diesel hybrid: 2000 - <3000 cc,km,b12aa399-60b4-4df9-a1e3-2a6db2ef7baa,Diesel hybrid: 2000 - <3000 cc,,GHG_CO2_KGCO2_e,0.268818,
Freight Transport,Light Commercial Vehicles,Pre 2010 Fleet,Diesel hybrid: 2000 - <3000 cc,km,b12aa399-60b4-4df9-a1e3-2a6db2ef7baa,Diesel hybrid: 2000 - <3000 cc,,GHG_N2O_KGCO2_e,0.00381951,
Freight Transport,Light Commercial Vehicles,Pre 2010 Fleet,Diesel hybrid: 2000 - <3000 cc,km,b12aa399-60b4-4df9-a1e3-2a6db2ef7baa,Diesel hybrid: 2000 - <3000 cc,,GHG_TOTAL_KGCO2_e,0.273041,
Freight Transport,Light Commercial Vehicles,Pre 2010 Fleet,Diesel hybrid: <1350 cc,km,ebc8627b-ad86-44aa-b553-cc87a0055507,Diesel hybrid: <1350 cc,,GHG_CH4_KGCO2_e,0.000293802,
Freight Transport,Light Commercial Vehicles,Pre 2010 Fleet,Diesel hybrid: <1350 cc,km,ebc8627b-ad86-44aa-b553-cc87a0055507,Diesel hybrid: <1350 cc,,GHG_CO2_KGCO2_e,0.195701,
Freight Transport,Light Commercial Vehicles,Pre 2010 Fleet,Diesel hybrid: <1350 cc,km,ebc8627b-ad86-44aa-b553-cc87a0055507,Diesel hybrid: <1350 cc,,GHG_N2O_KGCO2_e,0.00278062,
Freight Transport,Light Commercial Vehicles,Pre 2010 Fleet,Diesel hybrid: <1350 cc,km,ebc8627b-ad86-44aa-b553-cc87a0055507,Diesel hybrid: <1350 cc,,GHG_TOTAL_KGCO2_e,0.198775,
Freight Transport,Light Commercial Vehicles,Pre 2010 Fleet,Diesel hybrid: >=3000 cc,km,50b6dd15-146e-42be-a97d-0b748104a891,Diesel hybrid: >=3000 cc,,GHG_CH4_KGCO2_e,0.000408649,
Freight Transport,Light Commercial Vehicles,Pre 2010 Fleet,Diesel hybrid: >=3000 cc,km,50b6dd15-146e-42be-a97d-0b748104a891,Diesel hybrid: >=3000 cc,,GHG_CO2_KGCO2_e,0.272201,
Freight Transport,Light Commercial Vehicles,Pre 2010 Fleet,Diesel hybrid: >=3000 cc,km,50b6dd15-146e-42be-a97d-0b748104a891,Diesel hybrid: >=3000 cc,,GHG_N2O_KGCO2_e,0.00386758,
Freight Transport,Light Commercial Vehicles,Pre 2010 Fleet,Diesel hybrid: >=3000 cc,km,50b6dd15-146e-42be-a97d-0b748104a891,Diesel hybrid: >=3000 cc,,GHG_TOTAL_KGCO2_e,0.276477,
Freight Transport,Light Commercial Vehicles,Pre 2010 Fleet,Diesel: 1350 - <1600 cc,km,67763782-b5cb-43ff-9343-8521aba0ab07,Diesel: 1350 - <1600 cc,,GHG_CH4_KGCO2_e,0.000315396,
Freight Transport,Light Commercial Vehicles,Pre 2010 Fleet,Diesel: 1350 - <1600 cc,km,67763782-b5cb-43ff-9343-8521aba0ab07,Diesel: 1350 - <1600 cc,,GHG_CO2_KGCO2_e,0.210084,
Freight Transport,Light Commercial Vehicles,Pre 2010 Fleet,Diesel: 1350 - <1600 cc,km,67763782-b5cb-43ff-9343-8521aba0ab07,Diesel: 1350 - <1600 cc,,GHG_N2O_KGCO2_e,0.00298499,
Freight Transport,Light Commercial Vehicles,Pre 2010 Fleet,Diesel: 1350 - <1600 cc,km,67763782-b5cb-43ff-9343-8521aba0ab07,Diesel: 1350 - <1600 cc,,GHG_TOTAL_KGCO2_e,0.213385,
Freight Transport,Light Commercial Vehicles,Pre 2010 Fleet,Diesel: 1600 - <2000 cc,km,92bdf71b-cc5f-4ffc-bd88-ae2b01bcd888,Diesel: 1600 - <2000 cc,,GHG_CH4_KGCO2_e,0.00041986,
Freight Transport,Light Commercial Vehicles,Pre 2010 Fleet,Diesel: 1600 - <2000 cc,km,92bdf71b-cc5f-4ffc-bd88-ae2b01bcd888,Diesel: 1600 - <2000 cc,,GHG_CO2_KGCO2_e,0.279668,
Freight Transport,Light Commercial Vehicles,Pre 2010 Fleet,Diesel: 1600 - <2000 cc,km,92bdf71b-cc5f-4ffc-bd88-ae2b01bcd888,Diesel: 1600 - <2000 cc,,GHG_N2O_KGCO2_e,0.00397368,
Freight Transport,Light Commercial Vehicles,Pre 2010 Fleet,Diesel: 1600 - <2000 cc,km,92bdf71b-cc5f-4ffc-bd88-ae2b01bcd888,Diesel: 1600 - <2000 cc,,GHG_TOTAL_KGCO2_e,0.284062,
Freight Transport,Light Commercial Vehicles,Pre 2010 Fleet,Diesel: 2000 - <3000 cc,km,a56e64ad-d53e-4c75-a94b-c259eaa5935b,Diesel: 2000 - <3000 cc,,GHG_CH4_KGCO2_e,0.000450198,
Freight Transport,Light Commercial Vehicles,Pre 2010 Fleet,Diesel: 2000 - <3000 cc,km,a56e64ad-d53e-4c75-a94b-c259eaa5935b,Diesel: 2000 - <3000 cc,,GHG_CO2_KGCO2_e,0.299876,
Freight Transport,Light Commercial Vehicles,Pre 2010 Fleet,Diesel: 2000 - <3000 cc,km,a56e64ad-d53e-4c75-a94b-c259eaa5935b,Diesel: 2000 - <3000 cc,,GHG_N2O_KGCO2_e,0.00426081,
Freight Transport,Light Commercial Vehicles,Pre 2010 Fleet,Diesel: 2000 - <3000 cc,km,a56e64ad-d53e-4c75-a94b-c259eaa5935b,Diesel: 2000 - <3000 cc,,GHG_TOTAL_KGCO2_e,0.304587,
Freight Transport,Light Commercial Vehicles,Pre 2010 Fleet,Diesel: <1350 cc,km,37f7e193-1dc0-433b-a817-f607b1bdbfeb,Diesel: <1350 cc,,GHG_CH4_KGCO2_e,0.000327747,
Freight Transport,Light Commercial Vehicles,Pre 2010 Fleet,Diesel: <1350 cc,km,37f7e193-1dc0-433b-a817-f607b1bdbfeb,Diesel: <1350 cc,,GHG_CO2_KGCO2_e,0.218312,
Freight Transport,Light Commercial Vehicles,Pre 2010 Fleet,Diesel: <1350 cc,km,37f7e193-1dc0-433b-a817-f607b1bdbfeb,Diesel: <1350 cc,,GHG_N2O_KGCO2_e,0.00310189,
Freight Transport,Light Commercial Vehicles,Pre 2010 Fleet,Diesel: <1350 cc,km,37f7e193-1dc0-433b-a817-f607b1bdbfeb,Diesel: <1350 cc,,GHG_TOTAL_KGCO2_e,0.221741,
Freight Transport,Light Commercial Vehicles,Pre 2010 Fleet,Diesel: >=3000 cc,km,8e536614-3404-476e-9b15-cfd5485ffa3a,Diesel: >=3000 cc,,GHG_CH4_KGCO2_e,0.000455864,
Freight Transport,Light Commercial Vehicles,Pre 2010 Fleet,Diesel: >=3000 cc,km,8e536614-3404-476e-9b15-cfd5485ffa3a,Diesel: >=3000 cc,,GHG_CO2_KGCO2_e,0.30365,
Freight Transport,Light Commercial Vehicles,Pre 2010 Fleet,Diesel: >=3000 cc,km,8e536614-3404-476e-9b15-cfd5485ffa3a,Diesel: >=3000 cc,,GHG_N2O_KGCO2_e,0.00431443,
Freight Transport,Light Commercial Vehicles,Pre 2010 Fleet,Diesel: >=3000 cc,km,8e536614-3404-476e-9b15-cfd5485ffa3a,Diesel: >=3000 cc,,GHG_TOTAL_KGCO2_e,0.30842,
Freight Transport,Light Commercial Vehicles,Pre 2010 Fleet,Petrol hybrid: 1350 - <1600 cc,km,56b02d99-fdbf-4419-89e8-87fc5556a0c0,Petrol hybrid: 1350 - <1600 cc,,GHG_CH4_KGCO2_e,0.00229645,
Freight Transport,Light Commercial Vehicles,Pre 2010 Fleet,Petrol hybrid: 1350 - <1600 cc,km,56b02d99-fdbf-4419-89e8-87fc5556a0c0,Petrol hybrid: 1350 - <1600 cc,,GHG_CO2_KGCO2_e,0.17193,
Freight Transport,Light Commercial Vehicles,Pre 2010 Fleet,Petrol hybrid: 1350 - <1600 cc,km,56b02d99-fdbf-4419-89e8-87fc5556a0c0,Petrol hybrid: 1350 - <1600 cc,,GHG_N2O_KGCO2_e,0.0052689,
Freight Transport,Light Commercial Vehicles,Pre 2010 Fleet,Petrol hybrid: 1350 - <1600 cc,km,56b02d99-fdbf-4419-89e8-87fc5556a0c0,Petrol hybrid: 1350 - <1600 cc,,GHG_TOTAL_KGCO2_e,0.179495,
Freight Transport,Light Commercial Vehicles,Pre 2010 Fleet,Petrol hybrid: 1600 - <2000 cc,km,5e314718-e549-4a56-8d5f-ef26818a5d9c,Petrol hybrid: 1600 - <2000 cc,,GHG_CH4_KGCO2_e,0.00309846,
Freight Transport,Light Commercial Vehicles,Pre 2010 Fleet,Petrol hybrid: 1600 - <2000 cc,km,5e314718-e549-4a56-8d5f-ef26818a5d9c,Petrol hybrid: 1600 - <2000 cc,,GHG_CO2_KGCO2_e,0.231976,
Freight Transport,Light Commercial Vehicles,Pre 2010 Fleet,Petrol hybrid: 1600 - <2000 cc,km,5e314718-e549-4a56-8d5f-ef26818a5d9c,Petrol hybrid: 1600 - <2000 cc,,GHG_N2O_KGCO2_e,0.00710903,
Freight Transport,Light Commercial Vehicles,Pre 2010 Fleet,Petrol hybrid: 1600 - <2000 cc,km,5e314718-e549-4a56-8d5f-ef26818a5d9c,Petrol hybrid: 1600 - <2000 cc,,GHG_TOTAL_KGCO2_e,0.242183,
Freight Transport,Light Commercial Vehicles,Pre 2010 Fleet,Petrol hybrid: 2000 - <3000 cc,km,ff9987db-9d4c-4f5c-9bb0-da1685d5becb,Petrol hybrid: 2000 - <3000 cc,,GHG_CH4_KGCO2_e,0.00327758,
Freight Transport,Light Commercial Vehicles,Pre 2010 Fleet,Petrol hybrid: 2000 - <3000 cc,km,ff9987db-9d4c-4f5c-9bb0-da1685d5becb,Petrol hybrid: 2000 - <3000 cc,,GHG_CO2_KGCO2_e,0.245386,
Freight Transport,Light Commercial Vehicles,Pre 2010 Fleet,Petrol hybrid: 2000 - <3000 cc,km,ff9987db-9d4c-4f5c-9bb0-da1685d5becb,Petrol hybrid: 2000 - <3000 cc,,GHG_N2O_KGCO2_e,0.00751999,
Freight Transport,Light Commercial Vehicles,Pre 2010 Fleet,Petrol hybrid: 2000 - <3000 cc,km,ff9987db-9d4c-4f5c-9bb0-da1685d5becb,Petrol hybrid: 2000 - <3000 cc,,GHG_TOTAL_KGCO2_e,0.256183,
Freight Transport,Light Commercial Vehicles,Pre 2010 Fleet,Petrol hybrid: <1350 cc,km,b9bf4481-aaa4-4f03-8d75-ded07b7baa48,Petrol hybrid: <1350 cc,,GHG_CH4_KGCO2_e,0.00213871,
Freight Transport,Light Commercial Vehicles,Pre 2010 Fleet,Petrol hybrid: <1350 cc,km,b9bf4481-aaa4-4f03-8d75-ded07b7baa48,Petrol hybrid: <1350 cc,,GHG_CO2_KGCO2_e,0.160121,
Freight Transport,Light Commercial Vehicles,Pre 2010 Fleet,Petrol hybrid: <1350 cc,km,b9bf4481-aaa4-4f03-8d75-ded07b7baa48,Petrol hybrid: <1350 cc,,GHG_N2O_KGCO2_e,0.00490701,
Freight Transport,Light Commercial Vehicles,Pre 2010 Fleet,Petrol hybrid: <1350 cc,km,b9bf4481-aaa4-4f03-8d75-ded07b7baa48,Petrol hybrid: <1350 cc,,GHG_TOTAL_KGCO2_e,0.167167,
Freight Transport,Light Commercial Vehicles,Pre 2010 Fleet,Petrol hybrid: >=3000 cc,km,9cd96dd1-ce36-4923-8838-61a1bae04210,Petrol hybrid: >=3000 cc,,GHG_CH4_KGCO2_e,0.00374275,
Freight Transport,Light Commercial Vehicles,Pre 2010 Fleet,Petrol hybrid: >=3000 cc,km,9cd96dd1-ce36-4923-8838-61a1bae04210,Petrol hybrid: >=3000 cc,,GHG_CO2_KGCO2_e,0.280212,
Freight Transport,Light Commercial Vehicles,Pre 2010 Fleet,Petrol hybrid: >=3000 cc,km,9cd96dd1-ce36-4923-8838-61a1bae04210,Petrol hybrid: >=3000 cc,,GHG_N2O_KGCO2_e,0.00858726,
Freight Transport,Light Commercial Vehicles,Pre 2010 Fleet,Petrol hybrid: >=3000 cc,km,9cd96dd1-ce36-4923-8838-61a1bae04210,Petrol hybrid: >=3000 cc,,GHG_TOTAL_KGCO2_e,0.292542,
Freight Transport,Light Commercial Vehicles,Pre 2010 Fleet,Petrol: 1350 - <1600 cc,km,f426be98-85c3-4aa7-95f8-4b960af381cc,Petrol: 1350 - <1600 cc,,GHG_CH4_KGCO2_e,0.00290883,
Freight Transport,Light Commercial Vehicles,Pre 2010 Fleet,Petrol: 1350 - <1600 cc,km,f426be98-85c3-4aa7-95f8-4b960af381cc,Petrol: 1350 - <1600 cc,,GHG_CO2_KGCO2_e,0.217778,
Freight Transport,Light Commercial Vehicles,Pre 2010 Fleet,Petrol: 1350 - <1600 cc,km,f426be98-85c3-4aa7-95f8-4b960af381cc,Petrol: 1350 - <1600 cc,,GHG_N2O_KGCO2_e,0.00667394,
Freight Transport,Light Commercial Vehicles,Pre 2010 Fleet,Petrol: 1350 - <1600 cc,km,f426be98-85c3-4aa7-95f8-4b960af381cc,Petrol: 1350 - <1600 cc,,GHG_TOTAL_KGCO2_e,0.227361,
Freight Transport,Light Commercial Vehicles,Pre 2010 Fleet,Petrol: 1600 - <2000 cc,km,ed40b516-f568-4398-bb64-2ea087527591,Petrol: 1600 - <2000 cc,,GHG_CH4_KGCO2_e,0.00392472,
Freight Transport,Light Commercial Vehicles,Pre 2010 Fleet,Petrol: 1600 - <2000 cc,km,ed40b516-f568-4398-bb64-2ea087527591,Petrol: 1600 - <2000 cc,,GHG_CO2_KGCO2_e,0.293836,
Freight Transport,Light Commercial Vehicles,Pre 2010 Fleet,Petrol: 1600 - <2000 cc,km,ed40b516-f568-4398-bb64-2ea087527591,Petrol: 1600 - <2000 cc,,GHG_N2O_KGCO2_e,0.00900477,
Freight Transport,Light Commercial Vehicles,Pre 2010 Fleet,Petrol: 1600 - <2000 cc,km,ed40b516-f568-4398-bb64-2ea087527591,Petrol: 1600 - <2000 cc,,GHG_TOTAL_KGCO2_e,0.306765,
Freight Transport,Light Commercial Vehicles,Pre 2010 Fleet,Petrol: 2000 - <3000 cc,km,07008468-f18a-4ec4-9558-84344fc5a704,Petrol: 2000 - <3000 cc,,GHG_CH4_KGCO2_e,0.0041516,
Freight Transport,Light Commercial Vehicles,Pre 2010 Fleet,Petrol: 2000 - <3000 cc,km,07008468-f18a-4ec4-9558-84344fc5a704,Petrol: 2000 - <3000 cc,,GHG_CO2_KGCO2_e,0.310822,
Freight Transport,Light Commercial Vehicles,Pre 2010 Fleet,Petrol: 2000 - <3000 cc,km,07008468-f18a-4ec4-9558-84344fc5a704,Petrol: 2000 - <3000 cc,,GHG_N2O_KGCO2_e,0.00952532,
Freight Transport,Light Commercial Vehicles,Pre 2010 Fleet,Petrol: 2000 - <3000 cc,km,07008468-f18a-4ec4-9558-84344fc5a704,Petrol: 2000 - <3000 cc,,GHG_TOTAL_KGCO2_e,0.324499,
Freight Transport,Light Commercial Vehicles,Pre 2010 Fleet,Petrol: <1350 cc,km,b35f4a58-f4bc-4318-8102-ae800bf67d79,Petrol: <1350 cc,,GHG_CH4_KGCO2_e,0.00270904,
Freight Transport,Light Commercial Vehicles,Pre 2010 Fleet,Petrol: <1350 cc,km,b35f4a58-f4bc-4318-8102-ae800bf67d79,Petrol: <1350 cc,,GHG_CO2_KGCO2_e,0.20282,
Freight Transport,Light Commercial Vehicles,Pre 2010 Fleet,Petrol: <1350 cc,km,b35f4a58-f4bc-4318-8102-ae800bf67d79,Petrol: <1350 cc,,GHG_N2O_KGCO2_e,0.00621554,
Freight Transport,Light Commercial Vehicles,Pre 2010 Fleet,Petrol: <1350 cc,km,b35f4a58-f4bc-4318-8102-ae800bf67d79,Petrol: <1350 cc,,GHG_TOTAL_KGCO2_e,0.211745,
Freight Transport,Light Commercial Vehicles,Pre 2010 Fleet,Petrol: >=3000 cc,km,d6593ed8-0c1b-4954-86a9-2b167bb354f1,Petrol: >=3000 cc,,GHG_CH4_KGCO2_e,0.00474082,
Freight Transport,Light Commercial Vehicles,Pre 2010 Fleet,Petrol: >=3000 cc,km,d6593ed8-0c1b-4954-86a9-2b167bb354f1,Petrol: >=3000 cc,,GHG_CO2_KGCO2_e,0.354935,
Freight Transport,Light Commercial Vehicles,Pre 2010 Fleet,Petrol: >=3000 cc,km,d6593ed8-0c1b-4954-86a9-2b167bb354f1,Petrol: >=3000 cc,,GHG_N2O_KGCO2_e,0.0108772,
Freight Transport,Light Commercial Vehicles,Pre 2010 Fleet,Petrol: >=3000 cc,km,d6593ed8-0c1b-4954-86a9-2b167bb354f1,Petrol: >=3000 cc,,GHG_TOTAL_KGCO2_e,0.370553,
Freight Transport,Rail Freight,Rail Freight,Rail Freight,tkm,3ba6dc47-28ab-4e37-934e-057d0691910e,Rail Freight,Used energy and freight volumes provided by KiwiRail for 2026,GHG_CH4_KGCO2_e,0.0000449917,
Freight Transport,Rail Freight,Rail Freight,Rail Freight,tkm,3ba6dc47-28ab-4e37-934e-057d0691910e,Rail Freight,Used energy and freight volumes provided by KiwiRail for 2026,GHG_CO2_KGCO2_e,0.026788,
Freight Transport,Rail Freight,Rail Freight,Rail Freight,tkm,3ba6dc47-28ab-4e37-934e-057d0691910e,Rail Freight,Used energy and freight volumes provided by KiwiRail for 2026,GHG_N2O_KGCO2_e,0.000378622,
Freight Transport,Rail Freight,Rail Freight,Rail Freight,tkm,3ba6dc47-28ab-4e37-934e-057d0691910e,Rail Freight,Used energy and freight volumes provided by KiwiRail for 2026,GHG_TOTAL_KGCO2_e,0.0272117,
Fuel,Biofuel and Biomass,Biofuel,Biodiesel (GJ),GJ,004cd3e5-4972-4d8b-be1f-0751f888a8c2,Biodiesel,IPCC defaults for N2O and CH4; combustion for biofuel is the same regardless of transport or stationary combustion. ,GHG_BCO2_KGCO2_e,67.26,"CO2e ±37.14%, CO2 ±1.0%, CH4 ±50.0%, N2O ±50.0%"
Fuel,Biofuel and Biomass,Biofuel,Biodiesel (GJ),GJ,004cd3e5-4972-4d8b-be1f-0751f888a8c2,Biodiesel,IPCC defaults for N2O and CH4; combustion for biofuel is the same regardless of transport or stationary combustion. ,GHG_CH4_KGCO2_e,0.504,"CO2e ±37.14%, CO2 ±1.0%, CH4 ±50.0%, N2O ±50.0%"
Fuel,Biofuel and Biomass,Biofuel,Biodiesel (GJ),GJ,004cd3e5-4972-4d8b-be1f-0751f888a8c2,Biodiesel,IPCC defaults for N2O and CH4; combustion for biofuel is the same regardless of transport or stationary combustion. ,GHG_CO2_KGCO2_e,0,"CO2e ±37.14%, CO2 ±1.0%, CH4 ±50.0%, N2O ±50.0%"
Fuel,Biofuel and Biomass,Biofuel,Biodiesel (GJ),GJ,004cd3e5-4972-4d8b-be1f-0751f888a8c2,Biodiesel,IPCC defaults for N2O and CH4; combustion for biofuel is the same regardless of transport or stationary combustion. ,GHG_N2O_KGCO2_e,0.981825,"CO2e ±37.14%, CO2 ±1.0%, CH4 ±50.0%, N2O ±50.0%"
Fuel,Biofuel and Biomass,Biofuel,Biodiesel (GJ),GJ,004cd3e5-4972-4d8b-be1f-0751f888a8c2,Biodiesel,IPCC defaults for N2O and CH4; combustion for biofuel is the same regardless of transport or stationary combustion. ,GHG_TOTAL_KGCO2_e,1.48582,"CO2e ±37.14%, CO2 ±1.0%, CH4 ±50.0%, N2O ±50.0%"
Fuel,Biofuel and Biomass,Biofuel,Biodiesel (litre),litre,e9e1cedf-c398-42ff-8790-9364a87fb6a8,Biodiesel,IPCC defaults for N2O and CH4; combustion for biofuel is the same regardless of transport or stationary combustion. ,GHG_BCO2_KGCO2_e,2.44968,"CO2e ±37.14%, CO2 ±1.0%, CH4 ±50.0%, N2O ±50.0%"
Fuel,Biofuel and Biomass,Biofuel,Biodiesel (litre),litre,e9e1cedf-c398-42ff-8790-9364a87fb6a8,Biodiesel,IPCC defaults for N2O and CH4; combustion for biofuel is the same regardless of transport or stationary combustion. ,GHG_CH4_KGCO2_e,0.0183562,"CO2e ±37.14%, CO2 ±1.0%, CH4 ±50.0%, N2O ±50.0%"
Fuel,Biofuel and Biomass,Biofuel,Biodiesel (litre),litre,e9e1cedf-c398-42ff-8790-9364a87fb6a8,Biodiesel,IPCC defaults for N2O and CH4; combustion for biofuel is the same regardless of transport or stationary combustion. ,GHG_CO2_KGCO2_e,0,"CO2e ±37.14%, CO2 ±1.0%, CH4 ±50.0%, N2O ±50.0%"
Fuel,Biofuel and Biomass,Biofuel,Biodiesel (litre),litre,e9e1cedf-c398-42ff-8790-9364a87fb6a8,Biodiesel,IPCC defaults for N2O and CH4; combustion for biofuel is the same regardless of transport or stationary combustion. ,GHG_N2O_KGCO2_e,0.0357591,"CO2e ±37.14%, CO2 ±1.0%, CH4 ±50.0%, N2O ±50.0%"
Fuel,Biofuel and Biomass,Biofuel,Biodiesel (litre),litre,e9e1cedf-c398-42ff-8790-9364a87fb6a8,Biodiesel,IPCC defaults for N2O and CH4; combustion for biofuel is the same regardless of transport or stationary combustion. ,GHG_TOTAL_KGCO2_e,0.0541153,"CO2e ±37.14%, CO2 ±1.0%, CH4 ±50.0%, N2O ±50.0%"
Fuel,Biofuel and Biomass,Biofuel,Biodiesel blend B20,litre,857dda2c-440b-4bf1-8f50-7c595a5e7040,Biodiesel blend B20,There was no uncertainty provided for CO2,GHG_BCO2_KGCO2_e,0.489936,"CO2e ±1.31%, CO2 ±1.0%, CH4 ±50.0%, N2O ±50.0%"
Fuel,Biofuel and Biomass,Biofuel,Biodiesel blend B20,litre,857dda2c-440b-4bf1-8f50-7c595a5e7040,Biodiesel blend B20,There was no uncertainty provided for CO2,GHG_CH4_KGCO2_e,0.00683048,"CO2e ±1.31%, CO2 ±1.0%, CH4 ±50.0%, N2O ±50.0%"
Fuel,Biofuel and Biomass,Biofuel,Biodiesel blend B20,litre,857dda2c-440b-4bf1-8f50-7c595a5e7040,Biodiesel blend B20,There was no uncertainty provided for CO2,GHG_CO2_KGCO2_e,2.10436,"CO2e ±1.31%, CO2 ±1.0%, CH4 ±50.0%, N2O ±50.0%"
Fuel,Biofuel and Biomass,Biofuel,Biodiesel blend B20,litre,857dda2c-440b-4bf1-8f50-7c595a5e7040,Biodiesel blend B20,There was no uncertainty provided for CO2,GHG_N2O_KGCO2_e,0.0370517,"CO2e ±1.31%, CO2 ±1.0%, CH4 ±50.0%, N2O ±50.0%"
Fuel,Biofuel and Biomass,Biofuel,Biodiesel blend B20,litre,857dda2c-440b-4bf1-8f50-7c595a5e7040,Biodiesel blend B20,There was no uncertainty provided for CO2,GHG_TOTAL_KGCO2_e,2.14824,"CO2e ±1.31%, CO2 ±1.0%, CH4 ±50.0%, N2O ±50.0%"
Fuel,Biofuel and Biomass,Biofuel,Biodiesel blend B5,litre,7d9936b0-ac06-438a-91e2-ecf9724f4c87,Biodiesel blend B5,"There was no uncertainty provided for CO2, therefore the total uncertainty was applied to the CO2",GHG_BCO2_KGCO2_e,0.122484,"CO2e ±1.23%, CO2 ±1.0%, CH4 ±50.0%, N2O ±50.0%"
Fuel,Biofuel and Biomass,Biofuel,Biodiesel blend B5,litre,7d9936b0-ac06-438a-91e2-ecf9724f4c87,Biodiesel blend B5,"There was no uncertainty provided for CO2, therefore the total uncertainty was applied to the CO2",GHG_CH4_KGCO2_e,0.0046694,"CO2e ±1.23%, CO2 ±1.0%, CH4 ±50.0%, N2O ±50.0%"
Fuel,Biofuel and Biomass,Biofuel,Biodiesel blend B5,litre,7d9936b0-ac06-438a-91e2-ecf9724f4c87,Biodiesel blend B5,"There was no uncertainty provided for CO2, therefore the total uncertainty was applied to the CO2",GHG_CO2_KGCO2_e,2.49893,"CO2e ±1.23%, CO2 ±1.0%, CH4 ±50.0%, N2O ±50.0%"
Fuel,Biofuel and Biomass,Biofuel,Biodiesel blend B5,litre,7d9936b0-ac06-438a-91e2-ecf9724f4c87,Biodiesel blend B5,"There was no uncertainty provided for CO2, therefore the total uncertainty was applied to the CO2",GHG_N2O_KGCO2_e,0.0372941,"CO2e ±1.23%, CO2 ±1.0%, CH4 ±50.0%, N2O ±50.0%"
Fuel,Biofuel and Biomass,Biofuel,Biodiesel blend B5,litre,7d9936b0-ac06-438a-91e2-ecf9724f4c87,Biodiesel blend B5,"There was no uncertainty provided for CO2, therefore the total uncertainty was applied to the CO2",GHG_TOTAL_KGCO2_e,2.54089,"CO2e ±1.23%, CO2 ±1.0%, CH4 ±50.0%, N2O ±50.0%"
Fuel,Biofuel and Biomass,Biofuel,Bioethanol (GJ),GJ,f755ef34-e2bb-479f-9833-ab51f2b7e0d0,Bioethanol,Uncertainties taken from New Zealand's Greenhouse Gas Inventory 1990-2054,GHG_BCO2_KGCO2_e,64.2,"CO2e ±41.23%, CO2 ±1.0%, CH4 ±50.0%, N2O ±50.0%"
Fuel,Biofuel and Biomass,Biofuel,Bioethanol (GJ),GJ,f755ef34-e2bb-479f-9833-ab51f2b7e0d0,Bioethanol,Uncertainties taken from New Zealand's Greenhouse Gas Inventory 1990-2054,GHG_CH4_KGCO2_e,0.504,"CO2e ±41.23%, CO2 ±1.0%, CH4 ±50.0%, N2O ±50.0%"
Fuel,Biofuel and Biomass,Biofuel,Bioethanol (GJ),GJ,f755ef34-e2bb-479f-9833-ab51f2b7e0d0,Bioethanol,Uncertainties taken from New Zealand's Greenhouse Gas Inventory 1990-2054,GHG_CO2_KGCO2_e,0,"CO2e ±41.23%, CO2 ±1.0%, CH4 ±50.0%, N2O ±50.0%"
Fuel,Biofuel and Biomass,Biofuel,Bioethanol (GJ),GJ,f755ef34-e2bb-479f-9833-ab51f2b7e0d0,Bioethanol,Uncertainties taken from New Zealand's Greenhouse Gas Inventory 1990-2054,GHG_N2O_KGCO2_e,2.014,"CO2e ±41.23%, CO2 ±1.0%, CH4 ±50.0%, N2O ±50.0%"
Fuel,Biofuel and Biomass,Biofuel,Bioethanol (GJ),GJ,f755ef34-e2bb-479f-9833-ab51f2b7e0d0,Bioethanol,Uncertainties taken from New Zealand's Greenhouse Gas Inventory 1990-2054,GHG_TOTAL_KGCO2_e,2.518,"CO2e ±41.23%, CO2 ±1.0%, CH4 ±50.0%, N2O ±50.0%"
Fuel,Biofuel and Biomass,Biofuel,Bioethanol (litre),litre,542d54aa-8a2b-4e8f-b00b-7ae4054a51ec,Bioethanol,IPCC defaults for N2O and CH4; combustion for biofuel is the same regardless of transport or stationary combustion. ,GHG_BCO2_KGCO2_e,1.51512,"CO2e ±41.23%, CO2 ±1.0%, CH4 ±50.0%, N2O ±50.0%"
Fuel,Biofuel and Biomass,Biofuel,Bioethanol (litre),litre,542d54aa-8a2b-4e8f-b00b-7ae4054a51ec,Bioethanol,IPCC defaults for N2O and CH4; combustion for biofuel is the same regardless of transport or stationary combustion. ,GHG_CH4_KGCO2_e,0.0118944,"CO2e ±41.23%, CO2 ±1.0%, CH4 ±50.0%, N2O ±50.0%"
Fuel,Biofuel and Biomass,Biofuel,Bioethanol (litre),litre,542d54aa-8a2b-4e8f-b00b-7ae4054a51ec,Bioethanol,IPCC defaults for N2O and CH4; combustion for biofuel is the same regardless of transport or stationary combustion. ,GHG_CO2_KGCO2_e,0,"CO2e ±41.23%, CO2 ±1.0%, CH4 ±50.0%, N2O ±50.0%"
Fuel,Biofuel and Biomass,Biofuel,Bioethanol (litre),litre,542d54aa-8a2b-4e8f-b00b-7ae4054a51ec,Bioethanol,IPCC defaults for N2O and CH4; combustion for biofuel is the same regardless of transport or stationary combustion. ,GHG_N2O_KGCO2_e,0.0475304,"CO2e ±41.23%, CO2 ±1.0%, CH4 ±50.0%, N2O ±50.0%"
Fuel,Biofuel and Biomass,Biofuel,Bioethanol (litre),litre,542d54aa-8a2b-4e8f-b00b-7ae4054a51ec,Bioethanol,IPCC defaults for N2O and CH4; combustion for biofuel is the same regardless of transport or stationary combustion. ,GHG_TOTAL_KGCO2_e,0.0594248,"CO2e ±41.23%, CO2 ±1.0%, CH4 ±50.0%, N2O ±50.0%"
Fuel,Biofuel and Biomass,Biofuel,Bioethanol blend E10,litre,6ae0af03-66f6-464c-9af7-519c2350b159,Bioethanol blend E10,There was no uncertainty provided for CO2,GHG_BCO2_KGCO2_e,0.151512,"CO2e ±1.95%, CO2 ±1.0%, CH4 ±50.0%, N2O ±50.0%"
Fuel,Biofuel and Biomass,Biofuel,Bioethanol blend E10,litre,6ae0af03-66f6-464c-9af7-519c2350b159,Bioethanol blend E10,There was no uncertainty provided for CO2,GHG_CH4_KGCO2_e,0.0287836,"CO2e ±1.95%, CO2 ±1.0%, CH4 ±50.0%, N2O ±50.0%"
Fuel,Biofuel and Biomass,Biofuel,Bioethanol blend E10,litre,6ae0af03-66f6-464c-9af7-519c2350b159,Bioethanol blend E10,There was no uncertainty provided for CO2,GHG_CO2_KGCO2_e,2.08282,"CO2e ±1.95%, CO2 ±1.0%, CH4 ±50.0%, N2O ±50.0%"
Fuel,Biofuel and Biomass,Biofuel,Bioethanol blend E10,litre,6ae0af03-66f6-464c-9af7-519c2350b159,Bioethanol blend E10,There was no uncertainty provided for CO2,GHG_N2O_KGCO2_e,0.0680643,"CO2e ±1.95%, CO2 ±1.0%, CH4 ±50.0%, N2O ±50.0%"
Fuel,Biofuel and Biomass,Biofuel,Bioethanol blend E10,litre,6ae0af03-66f6-464c-9af7-519c2350b159,Bioethanol blend E10,There was no uncertainty provided for CO2,GHG_TOTAL_KGCO2_e,2.17967,"CO2e ±1.95%, CO2 ±1.0%, CH4 ±50.0%, N2O ±50.0%"
Fuel,Biofuel and Biomass,Biofuel,Bioethanol blend E3,litre,021093bf-c3c1-42c7-9dee-f68a61722e23,Bioethanol blend E3,There was no uncertainty provided for CO2,GHG_BCO2_KGCO2_e,0.0454536,"CO2e ±1.89%, CO2 ±1.0%, CH4 ±50.0%, N2O ±50.0%"
Fuel,Biofuel and Biomass,Biofuel,Bioethanol blend E3,litre,021093bf-c3c1-42c7-9dee-f68a61722e23,Bioethanol blend E3,There was no uncertainty provided for CO2,GHG_CH4_KGCO2_e,0.0296623,"CO2e ±1.89%, CO2 ±1.0%, CH4 ±50.0%, N2O ±50.0%"
Fuel,Biofuel and Biomass,Biofuel,Bioethanol blend E3,litre,021093bf-c3c1-42c7-9dee-f68a61722e23,Bioethanol blend E3,There was no uncertainty provided for CO2,GHG_CO2_KGCO2_e,2.19404,"CO2e ±1.89%, CO2 ±1.0%, CH4 ±50.0%, N2O ±50.0%"
Fuel,Biofuel and Biomass,Biofuel,Bioethanol blend E3,litre,021093bf-c3c1-42c7-9dee-f68a61722e23,Bioethanol blend E3,There was no uncertainty provided for CO2,GHG_N2O_KGCO2_e,0.0686636,"CO2e ±1.89%, CO2 ±1.0%, CH4 ±50.0%, N2O ±50.0%"
Fuel,Biofuel and Biomass,Biofuel,Bioethanol blend E3,litre,021093bf-c3c1-42c7-9dee-f68a61722e23,Bioethanol blend E3,There was no uncertainty provided for CO2,GHG_TOTAL_KGCO2_e,2.29237,"CO2e ±1.89%, CO2 ±1.0%, CH4 ±50.0%, N2O ±50.0%"
Fuel,Biofuel and Biomass,Biomass - Commercial Use,Wood - Chips,kg,1678253c-f990-4b42-942f-0396d780bef9,Wood - Chips,There was no uncertainty provided for CO2,GHG_BCO2_KGCO2_e,1.35542,"CO2e ±44.75%, CH4 ±50.0%, N2O ±50.0%"
Fuel,Biofuel and Biomass,Biomass - Commercial Use,Wood - Chips,kg,1678253c-f990-4b42-942f-0396d780bef9,Wood - Chips,There was no uncertainty provided for CO2,GHG_CH4_KGCO2_e,0.101808,"CO2e ±44.75%, CH4 ±50.0%, N2O ±50.0%"
Fuel,Biofuel and Biomass,Biomass - Commercial Use,Wood - Chips,kg,1678253c-f990-4b42-942f-0396d780bef9,Wood - Chips,There was no uncertainty provided for CO2,GHG_CO2_KGCO2_e,0,"CO2e ±44.75%, CH4 ±50.0%, N2O ±50.0%"
Fuel,Biofuel and Biomass,Biomass - Commercial Use,Wood - Chips,kg,1678253c-f990-4b42-942f-0396d780bef9,Wood - Chips,There was no uncertainty provided for CO2,GHG_N2O_KGCO2_e,0.0128472,"CO2e ±44.75%, CH4 ±50.0%, N2O ±50.0%"
Fuel,Biofuel and Biomass,Biomass - Commercial Use,Wood - Chips,kg,1678253c-f990-4b42-942f-0396d780bef9,Wood - Chips,There was no uncertainty provided for CO2,GHG_TOTAL_KGCO2_e,0.114655,"CO2e ±44.75%, CH4 ±50.0%, N2O ±50.0%"
Fuel,Biofuel and Biomass,Biomass - Commercial Use,Wood - Pellets,kg,4f882488-249d-4d33-943b-ad3304fec297,Wood - Pellets,There was no uncertainty provided for CO2,GHG_BCO2_KGCO2_e,1.69879,"CO2e ±44.75%, CH4 ±50.0%, N2O ±50.0%"
Fuel,Biofuel and Biomass,Biomass - Commercial Use,Wood - Pellets,kg,4f882488-249d-4d33-943b-ad3304fec297,Wood - Pellets,There was no uncertainty provided for CO2,GHG_CH4_KGCO2_e,0.127599,"CO2e ±44.75%, CH4 ±50.0%, N2O ±50.0%"
Fuel,Biofuel and Biomass,Biomass - Commercial Use,Wood - Pellets,kg,4f882488-249d-4d33-943b-ad3304fec297,Wood - Pellets,There was no uncertainty provided for CO2,GHG_CO2_KGCO2_e,0,"CO2e ±44.75%, CH4 ±50.0%, N2O ±50.0%"
Fuel,Biofuel and Biomass,Biomass - Commercial Use,Wood - Pellets,kg,4f882488-249d-4d33-943b-ad3304fec297,Wood - Pellets,There was no uncertainty provided for CO2,GHG_N2O_KGCO2_e,0.0161018,"CO2e ±44.75%, CH4 ±50.0%, N2O ±50.0%"
Fuel,Biofuel and Biomass,Biomass - Commercial Use,Wood - Pellets,kg,4f882488-249d-4d33-943b-ad3304fec297,Wood - Pellets,There was no uncertainty provided for CO2,GHG_TOTAL_KGCO2_e,0.143701,"CO2e ±44.75%, CH4 ±50.0%, N2O ±50.0%"
Fuel,Biofuel and Biomass,Biomass - Manufacturing Use,Wood - Chips,kg,b9df510b-a730-40ab-ac83-7aa1423d3681,Wood - Chips,There was no uncertainty provided for CO2,GHG_BCO2_KGCO2_e,1.35542,"CO2e ±35.59%, CH4 ±50.0%, N2O ±50.0%"
Fuel,Biofuel and Biomass,Biomass - Manufacturing Use,Wood - Chips,kg,b9df510b-a730-40ab-ac83-7aa1423d3681,Wood - Chips,There was no uncertainty provided for CO2,GHG_CH4_KGCO2_e,0.0101808,"CO2e ±35.59%, CH4 ±50.0%, N2O ±50.0%"
Fuel,Biofuel and Biomass,Biomass - Manufacturing Use,Wood - Chips,kg,b9df510b-a730-40ab-ac83-7aa1423d3681,Wood - Chips,There was no uncertainty provided for CO2,GHG_CO2_KGCO2_e,0,"CO2e ±35.59%, CH4 ±50.0%, N2O ±50.0%"
Fuel,Biofuel and Biomass,Biomass - Manufacturing Use,Wood - Chips,kg,b9df510b-a730-40ab-ac83-7aa1423d3681,Wood - Chips,There was no uncertainty provided for CO2,GHG_N2O_KGCO2_e,0.0128472,"CO2e ±35.59%, CH4 ±50.0%, N2O ±50.0%"
Fuel,Biofuel and Biomass,Biomass - Manufacturing Use,Wood - Chips,kg,b9df510b-a730-40ab-ac83-7aa1423d3681,Wood - Chips,There was no uncertainty provided for CO2,GHG_TOTAL_KGCO2_e,0.023028,"CO2e ±35.59%, CH4 ±50.0%, N2O ±50.0%"
Fuel,Biofuel and Biomass,Biomass - Manufacturing Use,Wood - Green,kg,3f81035c-0422-4351-a4b8-0f3b098fd4d8,Wood - Green,There was no uncertainty provided for CO2,GHG_BCO2_KGCO2_e,0.79518,"CO2e ±35.59%, CH4 ±50.0%, N2O ±50.0%"
Fuel,Biofuel and Biomass,Biomass - Manufacturing Use,Wood - Green,kg,3f81035c-0422-4351-a4b8-0f3b098fd4d8,Wood - Green,There was no uncertainty provided for CO2,GHG_CH4_KGCO2_e,0.00597274,"CO2e ±35.59%, CH4 ±50.0%, N2O ±50.0%"
Fuel,Biofuel and Biomass,Biomass - Manufacturing Use,Wood - Green,kg,3f81035c-0422-4351-a4b8-0f3b098fd4d8,Wood - Green,There was no uncertainty provided for CO2,GHG_CO2_KGCO2_e,0,"CO2e ±35.59%, CH4 ±50.0%, N2O ±50.0%"
Fuel,Biofuel and Biomass,Biomass - Manufacturing Use,Wood - Green,kg,3f81035c-0422-4351-a4b8-0f3b098fd4d8,Wood - Green,There was no uncertainty provided for CO2,GHG_N2O_KGCO2_e,0.00753702,"CO2e ±35.59%, CH4 ±50.0%, N2O ±50.0%"
Fuel,Biofuel and Biomass,Biomass - Manufacturing Use,Wood - Green,kg,3f81035c-0422-4351-a4b8-0f3b098fd4d8,Wood - Green,There was no uncertainty provided for CO2,GHG_TOTAL_KGCO2_e,0.0135098,"CO2e ±35.59%, CH4 ±50.0%, N2O ±50.0%"
Fuel,Biofuel and Biomass,Biomass - Manufacturing Use,Wood - Pellets,kg,981d9869-9d9f-4302-ba43-0d6a5571dd76,Wood - Pellets,There was no uncertainty provided for CO2,GHG_BCO2_KGCO2_e,1.69879,"CO2e ±35.59%, CH4 ±50.0%, N2O ±50.0%"
Fuel,Biofuel and Biomass,Biomass - Manufacturing Use,Wood - Pellets,kg,981d9869-9d9f-4302-ba43-0d6a5571dd76,Wood - Pellets,There was no uncertainty provided for CO2,GHG_CH4_KGCO2_e,0.0127599,"CO2e ±35.59%, CH4 ±50.0%, N2O ±50.0%"
Fuel,Biofuel and Biomass,Biomass - Manufacturing Use,Wood - Pellets,kg,981d9869-9d9f-4302-ba43-0d6a5571dd76,Wood - Pellets,There was no uncertainty provided for CO2,GHG_CO2_KGCO2_e,0,"CO2e ±35.59%, CH4 ±50.0%, N2O ±50.0%"
Fuel,Biofuel and Biomass,Biomass - Manufacturing Use,Wood - Pellets,kg,981d9869-9d9f-4302-ba43-0d6a5571dd76,Wood - Pellets,There was no uncertainty provided for CO2,GHG_N2O_KGCO2_e,0.0161018,"CO2e ±35.59%, CH4 ±50.0%, N2O ±50.0%"
Fuel,Biofuel and Biomass,Biomass - Manufacturing Use,Wood - Pellets,kg,981d9869-9d9f-4302-ba43-0d6a5571dd76,Wood - Pellets,There was no uncertainty provided for CO2,GHG_TOTAL_KGCO2_e,0.0288618,"CO2e ±35.59%, CH4 ±50.0%, N2O ±50.0%"
Fuel,Stationary Combustion of Fuels,Commercial Use,Coal - Bituminous,kg,1abdfdaa-b12b-43f0-86bc-8c8108d0f9c3,Coal - Bituminous,Uncertainties taken from New Zealand's Greenhouse Gas Inventory 1990-2026,GHG_CH4_KGCO2_e,0.00787095,"CO2e ±2.0%, CO2 ±2.0%, CH4 ±50.0%, N2O ±50.0%"
Fuel,Stationary Combustion of Fuels,Commercial Use,Coal - Bituminous,kg,1abdfdaa-b12b-43f0-86bc-8c8108d0f9c3,Coal - Bituminous,Uncertainties taken from New Zealand's Greenhouse Gas Inventory 1990-2026,GHG_CO2_KGCO2_e,2.63736,"CO2e ±2.0%, CO2 ±2.0%, CH4 ±50.0%, N2O ±50.0%"
Fuel,Stationary Combustion of Fuels,Commercial Use,Coal - Bituminous,kg,1abdfdaa-b12b-43f0-86bc-8c8108d0f9c3,Coal - Bituminous,Uncertainties taken from New Zealand's Greenhouse Gas Inventory 1990-2026,GHG_N2O_KGCO2_e,0.0111739,"CO2e ±2.0%, CO2 ±2.0%, CH4 ±50.0%, N2O ±50.0%"
Fuel,Stationary Combustion of Fuels,Commercial Use,Coal - Bituminous,kg,1abdfdaa-b12b-43f0-86bc-8c8108d0f9c3,Coal - Bituminous,Uncertainties taken from New Zealand's Greenhouse Gas Inventory 1990-2026,GHG_TOTAL_KGCO2_e,2.65641,"CO2e ±2.0%, CO2 ±2.0%, CH4 ±50.0%, N2O ±50.0%"
Fuel,Stationary Combustion of Fuels,Commercial Use,Coal - Default,kg,70515ed9-db3e-463b-a54f-0580e7b8ea8e,Coal - Default,Uncertainties taken from New Zealand's Greenhouse Gas Inventory 1990-2023,GHG_CH4_KGCO2_e,0.00605494,"CO2e ±2.0%, CO2 ±2.0%, CH4 ±50.0%, N2O ±50.0%"
Fuel,Stationary Combustion of Fuels,Commercial Use,Coal - Default,kg,70515ed9-db3e-463b-a54f-0580e7b8ea8e,Coal - Default,Uncertainties taken from New Zealand's Greenhouse Gas Inventory 1990-2023,GHG_CO2_KGCO2_e,2.07318,"CO2e ±2.0%, CO2 ±2.0%, CH4 ±50.0%, N2O ±50.0%"
Fuel,Stationary Combustion of Fuels,Commercial Use,Coal - Default,kg,70515ed9-db3e-463b-a54f-0580e7b8ea8e,Coal - Default,Uncertainties taken from New Zealand's Greenhouse Gas Inventory 1990-2023,GHG_N2O_KGCO2_e,0.00859585,"CO2e ±2.0%, CO2 ±2.0%, CH4 ±50.0%, N2O ±50.0%"
Fuel,Stationary Combustion of Fuels,Commercial Use,Coal - Default,kg,70515ed9-db3e-463b-a54f-0580e7b8ea8e,Coal - Default,Uncertainties taken from New Zealand's Greenhouse Gas Inventory 1990-2023,GHG_TOTAL_KGCO2_e,2.08783,"CO2e ±2.0%, CO2 ±2.0%, CH4 ±50.0%, N2O ±50.0%"
Fuel,Stationary Combustion of Fuels,Commercial Use,Coal - Lignite,kg,395adddd-beb2-46cb-bbb4-96c8e1888875,Coal - Lignite,Uncertainties taken from New Zealand's Greenhouse Gas Inventory 1990-2028,GHG_CH4_KGCO2_e,0.00405799,"CO2e ±2.0%, CO2 ±2.0%, CH4 ±50.0%, N2O ±50.0%"
Fuel,Stationary Combustion of Fuels,Commercial Use,Coal - Lignite,kg,395adddd-beb2-46cb-bbb4-96c8e1888875,Coal - Lignite,Uncertainties taken from New Zealand's Greenhouse Gas Inventory 1990-2028,GHG_CO2_KGCO2_e,1.42045,"CO2e ±2.0%, CO2 ±2.0%, CH4 ±50.0%, N2O ±50.0%"
Fuel,Stationary Combustion of Fuels,Commercial Use,Coal - Lignite,kg,395adddd-beb2-46cb-bbb4-96c8e1888875,Coal - Lignite,Uncertainties taken from New Zealand's Greenhouse Gas Inventory 1990-2028,GHG_N2O_KGCO2_e,0.00576089,"CO2e ±2.0%, CO2 ±2.0%, CH4 ±50.0%, N2O ±50.0%"
Fuel,Stationary Combustion of Fuels,Commercial Use,Coal - Lignite,kg,395adddd-beb2-46cb-bbb4-96c8e1888875,Coal - Lignite,Uncertainties taken from New Zealand's Greenhouse Gas Inventory 1990-2028,GHG_TOTAL_KGCO2_e,1.43027,"CO2e ±2.0%, CO2 ±2.0%, CH4 ±50.0%, N2O ±50.0%"
Fuel,Stationary Combustion of Fuels,Commercial Use,Coal - Sub-Bituminous,kg,28aa369d-97cd-4993-8879-a863ee1f6948,Coal - Sub-Bituminous,Uncertainties taken from New Zealand's Greenhouse Gas Inventory 1990-2027,GHG_CH4_KGCO2_e,0.00575724,"CO2e ±2.0%, CO2 ±2.0%, CH4 ±50.0%, N2O ±50.0%"
Fuel,Stationary Combustion of Fuels,Commercial Use,Coal - Sub-Bituminous,kg,28aa369d-97cd-4993-8879-a863ee1f6948,Coal - Sub-Bituminous,Uncertainties taken from New Zealand's Greenhouse Gas Inventory 1990-2027,GHG_CO2_KGCO2_e,1.99101,"CO2e ±2.0%, CO2 ±2.0%, CH4 ±50.0%, N2O ±50.0%"
Fuel,Stationary Combustion of Fuels,Commercial Use,Coal - Sub-Bituminous,kg,28aa369d-97cd-4993-8879-a863ee1f6948,Coal - Sub-Bituminous,Uncertainties taken from New Zealand's Greenhouse Gas Inventory 1990-2027,GHG_N2O_KGCO2_e,0.00817322,"CO2e ±2.0%, CO2 ±2.0%, CH4 ±50.0%, N2O ±50.0%"
Fuel,Stationary Combustion of Fuels,Commercial Use,Coal - Sub-Bituminous,kg,28aa369d-97cd-4993-8879-a863ee1f6948,Coal - Sub-Bituminous,Uncertainties taken from New Zealand's Greenhouse Gas Inventory 1990-2027,GHG_TOTAL_KGCO2_e,2.00494,"CO2e ±2.0%, CO2 ±2.0%, CH4 ±50.0%, N2O ±50.0%"
Fuel,Stationary Combustion of Fuels,Commercial Use,Diesel,litre,4bb87d64-8572-4588-8a69-3fd8036fdf68,Diesel,Uncertainties taken from New Zealand's Greenhouse Gas Inventory 1990-2029,GHG_CH4_KGCO2_e,0.0102389,"CO2e ±1.02%, CO2 ±1.0%, CH4 ±50.0%, N2O ±50.0%"
Fuel,Stationary Combustion of Fuels,Commercial Use,Diesel,litre,4bb87d64-8572-4588-8a69-3fd8036fdf68,Diesel,Uncertainties taken from New Zealand's Greenhouse Gas Inventory 1990-2029,GHG_CO2_KGCO2_e,2.65984,"CO2e ±1.02%, CO2 ±1.0%, CH4 ±50.0%, N2O ±50.0%"
Fuel,Stationary Combustion of Fuels,Commercial Use,Diesel,litre,4bb87d64-8572-4588-8a69-3fd8036fdf68,Diesel,Uncertainties taken from New Zealand's Greenhouse Gas Inventory 1990-2029,GHG_N2O_KGCO2_e,0.00581423,"CO2e ±1.02%, CO2 ±1.0%, CH4 ±50.0%, N2O ±50.0%"
Fuel,Stationary Combustion of Fuels,Commercial Use,Diesel,litre,4bb87d64-8572-4588-8a69-3fd8036fdf68,Diesel,Uncertainties taken from New Zealand's Greenhouse Gas Inventory 1990-2029,GHG_TOTAL_KGCO2_e,2.6759,"CO2e ±1.02%, CO2 ±1.0%, CH4 ±50.0%, N2O ±50.0%"
Fuel,Stationary Combustion of Fuels,Commercial Use,Heavy Fuel Oil,litre,34b51fbd-7470-4b95-a432-9bcf632a5e2c,Heavy Fuel Oil,Uncertainties taken from New Zealand's Greenhouse Gas Inventory 1990-2031,GHG_CH4_KGCO2_e,0.0108367,"CO2e ±1.02%, CO2 ±1.0%, CH4 ±50.0%, N2O ±50.0%"
Fuel,Stationary Combustion of Fuels,Commercial Use,Heavy Fuel Oil,litre,34b51fbd-7470-4b95-a432-9bcf632a5e2c,Heavy Fuel Oil,Uncertainties taken from New Zealand's Greenhouse Gas Inventory 1990-2031,GHG_CO2_KGCO2_e,3.0366,"CO2e ±1.02%, CO2 ±1.0%, CH4 ±50.0%, N2O ±50.0%"
Fuel,Stationary Combustion of Fuels,Commercial Use,Heavy Fuel Oil,litre,34b51fbd-7470-4b95-a432-9bcf632a5e2c,Heavy Fuel Oil,Uncertainties taken from New Zealand's Greenhouse Gas Inventory 1990-2031,GHG_N2O_KGCO2_e,0.00615367,"CO2e ±1.02%, CO2 ±1.0%, CH4 ±50.0%, N2O ±50.0%"
Fuel,Stationary Combustion of Fuels,Commercial Use,Heavy Fuel Oil,litre,34b51fbd-7470-4b95-a432-9bcf632a5e2c,Heavy Fuel Oil,Uncertainties taken from New Zealand's Greenhouse Gas Inventory 1990-2031,GHG_TOTAL_KGCO2_e,3.05359,"CO2e ±1.02%, CO2 ±1.0%, CH4 ±50.0%, N2O ±50.0%"
Fuel,Stationary Combustion of Fuels,Commercial Use,LPG,kg,f03f2229-5f84-4c11-b798-7d3d69c644ec,LPG,Uncertainties taken from New Zealand's Greenhouse Gas Inventory 1990-2030,GHG_CH4_KGCO2_e,0.00665,"CO2e ±2.0%, CO2 ±2.0%, CH4 ±50.0%, N2O ±50.0%"
Fuel,Stationary Combustion of Fuels,Commercial Use,LPG,kg,f03f2229-5f84-4c11-b798-7d3d69c644ec,LPG,Uncertainties taken from New Zealand's Greenhouse Gas Inventory 1990-2030,GHG_CO2_KGCO2_e,2.96373,"CO2e ±2.0%, CO2 ±2.0%, CH4 ±50.0%, N2O ±50.0%"
Fuel,Stationary Combustion of Fuels,Commercial Use,LPG,kg,f03f2229-5f84-4c11-b798-7d3d69c644ec,LPG,Uncertainties taken from New Zealand's Greenhouse Gas Inventory 1990-2030,GHG_N2O_KGCO2_e,0.00125875,"CO2e ±2.0%, CO2 ±2.0%, CH4 ±50.0%, N2O ±50.0%"
Fuel,Stationary Combustion of Fuels,Commercial Use,LPG,kg,f03f2229-5f84-4c11-b798-7d3d69c644ec,LPG,Uncertainties taken from New Zealand's Greenhouse Gas Inventory 1990-2030,GHG_TOTAL_KGCO2_e,2.97164,"CO2e ±2.0%, CO2 ±2.0%, CH4 ±50.0%, N2O ±50.0%"
Fuel,Stationary Combustion of Fuels,Commercial Use,Light Fuel Oil,litre,83c96e6a-1a8f-4aa8-8039-c988162fdf2d,Light Fuel Oil,Uncertainties taken from New Zealand's Greenhouse Gas Inventory 1990-2032,GHG_CH4_KGCO2_e,0.0107608,"CO2e ±1.02%, CO2 ±1.0%, CH4 ±50.0%, N2O ±50.0%"
Fuel,Stationary Combustion of Fuels,Commercial Use,Light Fuel Oil,litre,83c96e6a-1a8f-4aa8-8039-c988162fdf2d,Light Fuel Oil,Uncertainties taken from New Zealand's Greenhouse Gas Inventory 1990-2032,GHG_CO2_KGCO2_e,2.95401,"CO2e ±1.02%, CO2 ±1.0%, CH4 ±50.0%, N2O ±50.0%"
Fuel,Stationary Combustion of Fuels,Commercial Use,Light Fuel Oil,litre,83c96e6a-1a8f-4aa8-8039-c988162fdf2d,Light Fuel Oil,Uncertainties taken from New Zealand's Greenhouse Gas Inventory 1990-2032,GHG_N2O_KGCO2_e,0.00611058,"CO2e ±1.02%, CO2 ±1.0%, CH4 ±50.0%, N2O ±50.0%"
Fuel,Stationary Combustion of Fuels,Commercial Use,Light Fuel Oil,litre,83c96e6a-1a8f-4aa8-8039-c988162fdf2d,Light Fuel Oil,Uncertainties taken from New Zealand's Greenhouse Gas Inventory 1990-2032,GHG_TOTAL_KGCO2_e,2.97088,"CO2e ±1.02%, CO2 ±1.0%, CH4 ±50.0%, N2O ±50.0%"
Fuel,Stationary Combustion of Fuels,Commercial Use,Natural Gas (GJ),GJ,05902722-2fca-4483-9103-af381fb633fa,Natural Gas,Uncertainties taken from New Zealand's Greenhouse Gas Inventory 1990-2034,GHG_CH4_KGCO2_e,0.126,"CO2e ±2.0%, CO2 ±2.0%, CH4 ±50.0%, N2O ±50.0%"
Fuel,Stationary Combustion of Fuels,Commercial Use,Natural Gas (GJ),GJ,05902722-2fca-4483-9103-af381fb633fa,Natural Gas,Uncertainties taken from New Zealand's Greenhouse Gas Inventory 1990-2034,GHG_CO2_KGCO2_e,54.1363,"CO2e ±2.0%, CO2 ±2.0%, CH4 ±50.0%, N2O ±50.0%"
Fuel,Stationary Combustion of Fuels,Commercial Use,Natural Gas (GJ),GJ,05902722-2fca-4483-9103-af381fb633fa,Natural Gas,Uncertainties taken from New Zealand's Greenhouse Gas Inventory 1990-2034,GHG_N2O_KGCO2_e,0.02385,"CO2e ±2.0%, CO2 ±2.0%, CH4 ±50.0%, N2O ±50.0%"
Fuel,Stationary Combustion of Fuels,Commercial Use,Natural Gas (GJ),GJ,05902722-2fca-4483-9103-af381fb633fa,Natural Gas,Uncertainties taken from New Zealand's Greenhouse Gas Inventory 1990-2034,GHG_TOTAL_KGCO2_e,54.2862,"CO2e ±2.0%, CO2 ±2.0%, CH4 ±50.0%, N2O ±50.0%"
Fuel,Stationary Combustion of Fuels,Commercial Use,Natural Gas (kWh),kWh,1ba84533-5f43-4401-a953-574f3ce058ed,Natural Gas,Uncertainties taken from New Zealand's Greenhouse Gas Inventory 1990-2033,GHG_CH4_KGCO2_e,0.0004536,"CO2e ±2.0%, CO2 ±2.0%, CH4 ±50.0%, N2O ±50.0%"
Fuel,Stationary Combustion of Fuels,Commercial Use,Natural Gas (kWh),kWh,1ba84533-5f43-4401-a953-574f3ce058ed,Natural Gas,Uncertainties taken from New Zealand's Greenhouse Gas Inventory 1990-2033,GHG_CO2_KGCO2_e,0.194891,"CO2e ±2.0%, CO2 ±2.0%, CH4 ±50.0%, N2O ±50.0%"
Fuel,Stationary Combustion of Fuels,Commercial Use,Natural Gas (kWh),kWh,1ba84533-5f43-4401-a953-574f3ce058ed,Natural Gas,Uncertainties taken from New Zealand's Greenhouse Gas Inventory 1990-2033,GHG_N2O_KGCO2_e,0.00008586,"CO2e ±2.0%, CO2 ±2.0%, CH4 ±50.0%, N2O ±50.0%"
Fuel,Stationary Combustion of Fuels,Commercial Use,Natural Gas (kWh),kWh,1ba84533-5f43-4401-a953-574f3ce058ed,Natural Gas,Uncertainties taken from New Zealand's Greenhouse Gas Inventory 1990-2033,GHG_TOTAL_KGCO2_e,0.19543,"CO2e ±2.0%, CO2 ±2.0%, CH4 ±50.0%, N2O ±50.0%"
Fuel,Stationary Combustion of Fuels,Industrial Use,Coal - Bituminous,kg,03fddbad-8cd4-497c-9086-a3aa39a4bf29,Coal - Bituminous,Uncertainties taken from New Zealand's Greenhouse Gas Inventory 1990-2035,GHG_CH4_KGCO2_e,0.00787095,"CO2e ±2.0%, CO2 ±2.0%, CH4 ±50.0%, N2O ±50.0%"
Fuel,Stationary Combustion of Fuels,Industrial Use,Coal - Bituminous,kg,03fddbad-8cd4-497c-9086-a3aa39a4bf29,Coal - Bituminous,Uncertainties taken from New Zealand's Greenhouse Gas Inventory 1990-2035,GHG_CO2_KGCO2_e,2.63736,"CO2e ±2.0%, CO2 ±2.0%, CH4 ±50.0%, N2O ±50.0%"
Fuel,Stationary Combustion of Fuels,Industrial Use,Coal - Bituminous,kg,03fddbad-8cd4-497c-9086-a3aa39a4bf29,Coal - Bituminous,Uncertainties taken from New Zealand's Greenhouse Gas Inventory 1990-2035,GHG_N2O_KGCO2_e,0.0111739,"CO2e ±2.0%, CO2 ±2.0%, CH4 ±50.0%, N2O ±50.0%"
Fuel,Stationary Combustion of Fuels,Industrial Use,Coal - Bituminous,kg,03fddbad-8cd4-497c-9086-a3aa39a4bf29,Coal - Bituminous,Uncertainties taken from New Zealand's Greenhouse Gas Inventory 1990-2035,GHG_TOTAL_KGCO2_e,2.65641,"CO2e ±2.0%, CO2 ±2.0%, CH4 ±50.0%, N2O ±50.0%"
Fuel,Stationary Combustion of Fuels,Industrial Use,Coal - Default,kg,3c46934d-43fc-40a9-a080-074b943acf13,Coal - Default,Uncertainties taken from New Zealand's Greenhouse Gas Inventory 1990-2023,GHG_CH4_KGCO2_e,0.00567207,"CO2e ±2.0%, CO2 ±2.0%, CH4 ±50.0%, N2O ±50.0%"
Fuel,Stationary Combustion of Fuels,Industrial Use,Coal - Default,kg,3c46934d-43fc-40a9-a080-074b943acf13,Coal - Default,Uncertainties taken from New Zealand's Greenhouse Gas Inventory 1990-2023,GHG_CO2_KGCO2_e,1.95079,"CO2e ±2.0%, CO2 ±2.0%, CH4 ±50.0%, N2O ±50.0%"
Fuel,Stationary Combustion of Fuels,Industrial Use,Coal - Default,kg,3c46934d-43fc-40a9-a080-074b943acf13,Coal - Default,Uncertainties taken from New Zealand's Greenhouse Gas Inventory 1990-2023,GHG_N2O_KGCO2_e,0.00805232,"CO2e ±2.0%, CO2 ±2.0%, CH4 ±50.0%, N2O ±50.0%"
Fuel,Stationary Combustion of Fuels,Industrial Use,Coal - Default,kg,3c46934d-43fc-40a9-a080-074b943acf13,Coal - Default,Uncertainties taken from New Zealand's Greenhouse Gas Inventory 1990-2023,GHG_TOTAL_KGCO2_e,1.96451,"CO2e ±2.0%, CO2 ±2.0%, CH4 ±50.0%, N2O ±50.0%"
Fuel,Stationary Combustion of Fuels,Industrial Use,Coal - Lignite,kg,0adce7e1-50b2-4d46-87fd-c44b967171b9,Coal - Lignite,Uncertainties taken from New Zealand's Greenhouse Gas Inventory 1990-2037,GHG_CH4_KGCO2_e,0.00405799,"CO2e ±2.0%, CO2 ±2.0%, CH4 ±50.0%, N2O ±50.0%"
Fuel,Stationary Combustion of Fuels,Industrial Use,Coal - Lignite,kg,0adce7e1-50b2-4d46-87fd-c44b967171b9,Coal - Lignite,Uncertainties taken from New Zealand's Greenhouse Gas Inventory 1990-2037,GHG_CO2_KGCO2_e,1.42045,"CO2e ±2.0%, CO2 ±2.0%, CH4 ±50.0%, N2O ±50.0%"
Fuel,Stationary Combustion of Fuels,Industrial Use,Coal - Lignite,kg,0adce7e1-50b2-4d46-87fd-c44b967171b9,Coal - Lignite,Uncertainties taken from New Zealand's Greenhouse Gas Inventory 1990-2037,GHG_N2O_KGCO2_e,0.00576089,"CO2e ±2.0%, CO2 ±2.0%, CH4 ±50.0%, N2O ±50.0%"
Fuel,Stationary Combustion of Fuels,Industrial Use,Coal - Lignite,kg,0adce7e1-50b2-4d46-87fd-c44b967171b9,Coal - Lignite,Uncertainties taken from New Zealand's Greenhouse Gas Inventory 1990-2037,GHG_TOTAL_KGCO2_e,1.43027,"CO2e ±2.0%, CO2 ±2.0%, CH4 ±50.0%, N2O ±50.0%"
Fuel,Stationary Combustion of Fuels,Industrial Use,Coal - Sub-Bituminous,kg,3a1608fa-58ef-4bec-86d9-f03514dd3bf6,Coal - Sub-Bituminous,Uncertainties taken from New Zealand's Greenhouse Gas Inventory 1990-2036,GHG_CH4_KGCO2_e,0.00575724,"CO2e ±2.0%, CO2 ±2.0%, CH4 ±50.0%, N2O ±50.0%"
Fuel,Stationary Combustion of Fuels,Industrial Use,Coal - Sub-Bituminous,kg,3a1608fa-58ef-4bec-86d9-f03514dd3bf6,Coal - Sub-Bituminous,Uncertainties taken from New Zealand's Greenhouse Gas Inventory 1990-2036,GHG_CO2_KGCO2_e,1.99101,"CO2e ±2.0%, CO2 ±2.0%, CH4 ±50.0%, N2O ±50.0%"
Fuel,Stationary Combustion of Fuels,Industrial Use,Coal - Sub-Bituminous,kg,3a1608fa-58ef-4bec-86d9-f03514dd3bf6,Coal - Sub-Bituminous,Uncertainties taken from New Zealand's Greenhouse Gas Inventory 1990-2036,GHG_N2O_KGCO2_e,0.00817322,"CO2e ±2.0%, CO2 ±2.0%, CH4 ±50.0%, N2O ±50.0%"
Fuel,Stationary Combustion of Fuels,Industrial Use,Coal - Sub-Bituminous,kg,3a1608fa-58ef-4bec-86d9-f03514dd3bf6,Coal - Sub-Bituminous,Uncertainties taken from New Zealand's Greenhouse Gas Inventory 1990-2036,GHG_TOTAL_KGCO2_e,2.00494,"CO2e ±2.0%, CO2 ±2.0%, CH4 ±50.0%, N2O ±50.0%"
Fuel,Stationary Combustion of Fuels,Industrial Use,Diesel,litre,9aba7860-eec9-43c7-b449-600535405320,Diesel,Uncertainties taken from New Zealand's Greenhouse Gas Inventory 1990-2038,GHG_CH4_KGCO2_e,0.00307167,"CO2e ±1.0%, CO2 ±1.0%, CH4 ±50.0%, N2O ±50.0%"
Fuel,Stationary Combustion of Fuels,Industrial Use,Diesel,litre,9aba7860-eec9-43c7-b449-600535405320,Diesel,Uncertainties taken from New Zealand's Greenhouse Gas Inventory 1990-2038,GHG_CO2_KGCO2_e,2.65984,"CO2e ±1.0%, CO2 ±1.0%, CH4 ±50.0%, N2O ±50.0%"
Fuel,Stationary Combustion of Fuels,Industrial Use,Diesel,litre,9aba7860-eec9-43c7-b449-600535405320,Diesel,Uncertainties taken from New Zealand's Greenhouse Gas Inventory 1990-2038,GHG_N2O_KGCO2_e,0.00581423,"CO2e ±1.0%, CO2 ±1.0%, CH4 ±50.0%, N2O ±50.0%"
Fuel,Stationary Combustion of Fuels,Industrial Use,Diesel,litre,9aba7860-eec9-43c7-b449-600535405320,Diesel,Uncertainties taken from New Zealand's Greenhouse Gas Inventory 1990-2038,GHG_TOTAL_KGCO2_e,2.66873,"CO2e ±1.0%, CO2 ±1.0%, CH4 ±50.0%, N2O ±50.0%"
Fuel,Stationary Combustion of Fuels,Industrial Use,Heavy Fuel Oil,litre,77daa984-d9bd-45ba-a8e3-2a097260937b,Heavy Fuel Oil,Uncertainties taken from New Zealand's Greenhouse Gas Inventory 1990-2040,GHG_CH4_KGCO2_e,0.003251,"CO2e ±1.0%, CO2 ±1.0%, CH4 ±50.0%, N2O ±50.0%"
Fuel,Stationary Combustion of Fuels,Industrial Use,Heavy Fuel Oil,litre,77daa984-d9bd-45ba-a8e3-2a097260937b,Heavy Fuel Oil,Uncertainties taken from New Zealand's Greenhouse Gas Inventory 1990-2040,GHG_CO2_KGCO2_e,3.0366,"CO2e ±1.0%, CO2 ±1.0%, CH4 ±50.0%, N2O ±50.0%"
Fuel,Stationary Combustion of Fuels,Industrial Use,Heavy Fuel Oil,litre,77daa984-d9bd-45ba-a8e3-2a097260937b,Heavy Fuel Oil,Uncertainties taken from New Zealand's Greenhouse Gas Inventory 1990-2040,GHG_N2O_KGCO2_e,0.00615367,"CO2e ±1.0%, CO2 ±1.0%, CH4 ±50.0%, N2O ±50.0%"
Fuel,Stationary Combustion of Fuels,Industrial Use,Heavy Fuel Oil,litre,77daa984-d9bd-45ba-a8e3-2a097260937b,Heavy Fuel Oil,Uncertainties taken from New Zealand's Greenhouse Gas Inventory 1990-2040,GHG_TOTAL_KGCO2_e,3.04601,"CO2e ±1.0%, CO2 ±1.0%, CH4 ±50.0%, N2O ±50.0%"
Fuel,Stationary Combustion of Fuels,Industrial Use,LPG,kg,d22a5123-ce96-40ee-a07d-b74742716d1e,LPG,Uncertainties taken from New Zealand's Greenhouse Gas Inventory 1990-2039,GHG_CH4_KGCO2_e,0.00133,"CO2e ±2.0%, CO2 ±2.0%, CH4 ±50.0%, N2O ±50.0%"
Fuel,Stationary Combustion of Fuels,Industrial Use,LPG,kg,d22a5123-ce96-40ee-a07d-b74742716d1e,LPG,Uncertainties taken from New Zealand's Greenhouse Gas Inventory 1990-2039,GHG_CO2_KGCO2_e,2.96373,"CO2e ±2.0%, CO2 ±2.0%, CH4 ±50.0%, N2O ±50.0%"
Fuel,Stationary Combustion of Fuels,Industrial Use,LPG,kg,d22a5123-ce96-40ee-a07d-b74742716d1e,LPG,Uncertainties taken from New Zealand's Greenhouse Gas Inventory 1990-2039,GHG_N2O_KGCO2_e,0.00125875,"CO2e ±2.0%, CO2 ±2.0%, CH4 ±50.0%, N2O ±50.0%"
Fuel,Stationary Combustion of Fuels,Industrial Use,LPG,kg,d22a5123-ce96-40ee-a07d-b74742716d1e,LPG,Uncertainties taken from New Zealand's Greenhouse Gas Inventory 1990-2039,GHG_TOTAL_KGCO2_e,2.96632,"CO2e ±2.0%, CO2 ±2.0%, CH4 ±50.0%, N2O ±50.0%"
Fuel,Stationary Combustion of Fuels,Industrial Use,Light Fuel Oil,litre,4b7ff51d-865d-40b0-a317-d8553fb91eda,Light Fuel Oil,Uncertainties taken from New Zealand's Greenhouse Gas Inventory 1990-2041,GHG_CH4_KGCO2_e,0.00322823,"CO2e ±1.0%, CO2 ±1.0%, CH4 ±50.0%, N2O ±50.0%"
Fuel,Stationary Combustion of Fuels,Industrial Use,Light Fuel Oil,litre,4b7ff51d-865d-40b0-a317-d8553fb91eda,Light Fuel Oil,Uncertainties taken from New Zealand's Greenhouse Gas Inventory 1990-2041,GHG_CO2_KGCO2_e,2.95401,"CO2e ±1.0%, CO2 ±1.0%, CH4 ±50.0%, N2O ±50.0%"
Fuel,Stationary Combustion of Fuels,Industrial Use,Light Fuel Oil,litre,4b7ff51d-865d-40b0-a317-d8553fb91eda,Light Fuel Oil,Uncertainties taken from New Zealand's Greenhouse Gas Inventory 1990-2041,GHG_N2O_KGCO2_e,0.00611058,"CO2e ±1.0%, CO2 ±1.0%, CH4 ±50.0%, N2O ±50.0%"
Fuel,Stationary Combustion of Fuels,Industrial Use,Light Fuel Oil,litre,4b7ff51d-865d-40b0-a317-d8553fb91eda,Light Fuel Oil,Uncertainties taken from New Zealand's Greenhouse Gas Inventory 1990-2041,GHG_TOTAL_KGCO2_e,2.96335,"CO2e ±1.0%, CO2 ±1.0%, CH4 ±50.0%, N2O ±50.0%"
Fuel,Stationary Combustion of Fuels,Industrial Use,Natural Gas (GJ),GJ,8727b7ec-054e-4063-b626-ebc15db7c2ee,Natural Gas,Uncertainties taken from New Zealand's Greenhouse Gas Inventory 1990-2043,GHG_CH4_KGCO2_e,0.0252,"CO2e ±2.0%, CO2 ±2.0%, CH4 ±50.0%, N2O ±50.0%"
Fuel,Stationary Combustion of Fuels,Industrial Use,Natural Gas (GJ),GJ,8727b7ec-054e-4063-b626-ebc15db7c2ee,Natural Gas,Uncertainties taken from New Zealand's Greenhouse Gas Inventory 1990-2043,GHG_CO2_KGCO2_e,54.1363,"CO2e ±2.0%, CO2 ±2.0%, CH4 ±50.0%, N2O ±50.0%"
Fuel,Stationary Combustion of Fuels,Industrial Use,Natural Gas (GJ),GJ,8727b7ec-054e-4063-b626-ebc15db7c2ee,Natural Gas,Uncertainties taken from New Zealand's Greenhouse Gas Inventory 1990-2043,GHG_N2O_KGCO2_e,0.02385,"CO2e ±2.0%, CO2 ±2.0%, CH4 ±50.0%, N2O ±50.0%"
Fuel,Stationary Combustion of Fuels,Industrial Use,Natural Gas (GJ),GJ,8727b7ec-054e-4063-b626-ebc15db7c2ee,Natural Gas,Uncertainties taken from New Zealand's Greenhouse Gas Inventory 1990-2043,GHG_TOTAL_KGCO2_e,54.1854,"CO2e ±2.0%, CO2 ±2.0%, CH4 ±50.0%, N2O ±50.0%"
Fuel,Stationary Combustion of Fuels,Industrial Use,Natural Gas (kWh),kWh,fbcbf333-e4bd-49af-8703-612d17f0e88d,Natural Gas,Uncertainties taken from New Zealand's Greenhouse Gas Inventory 1990-2042,GHG_CH4_KGCO2_e,0.00009072,"CO2e ±2.0%, CO2 ±2.0%, CH4 ±50.0%, N2O ±50.0%"
Fuel,Stationary Combustion of Fuels,Industrial Use,Natural Gas (kWh),kWh,fbcbf333-e4bd-49af-8703-612d17f0e88d,Natural Gas,Uncertainties taken from New Zealand's Greenhouse Gas Inventory 1990-2042,GHG_CO2_KGCO2_e,0.194891,"CO2e ±2.0%, CO2 ±2.0%, CH4 ±50.0%, N2O ±50.0%"
Fuel,Stationary Combustion of Fuels,Industrial Use,Natural Gas (kWh),kWh,fbcbf333-e4bd-49af-8703-612d17f0e88d,Natural Gas,Uncertainties taken from New Zealand's Greenhouse Gas Inventory 1990-2042,GHG_N2O_KGCO2_e,0.00008586,"CO2e ±2.0%, CO2 ±2.0%, CH4 ±50.0%, N2O ±50.0%"
Fuel,Stationary Combustion of Fuels,Industrial Use,Natural Gas (kWh),kWh,fbcbf333-e4bd-49af-8703-612d17f0e88d,Natural Gas,Uncertainties taken from New Zealand's Greenhouse Gas Inventory 1990-2042,GHG_TOTAL_KGCO2_e,0.195067,"CO2e ±2.0%, CO2 ±2.0%, CH4 ±50.0%, N2O ±50.0%"
Fuel,Stationary Combustion of Fuels,Residential Use,Coal - Bituminous,kg,2c75d725-1baa-4f9b-8ae8-a58957f3b6bb,Coal - Bituminous,Uncertainties taken from New Zealand's Greenhouse Gas Inventory 1990-2023,GHG_CH4_KGCO2_e,0.236129,"CO2e ±4.49%, CO2 ±2.0%, CH4 ±50.0%, N2O ±50.0%"
Fuel,Stationary Combustion of Fuels,Residential Use,Coal - Bituminous,kg,2c75d725-1baa-4f9b-8ae8-a58957f3b6bb,Coal - Bituminous,Uncertainties taken from New Zealand's Greenhouse Gas Inventory 1990-2023,GHG_CO2_KGCO2_e,2.63736,"CO2e ±4.49%, CO2 ±2.0%, CH4 ±50.0%, N2O ±50.0%"
Fuel,Stationary Combustion of Fuels,Residential Use,Coal - Bituminous,kg,2c75d725-1baa-4f9b-8ae8-a58957f3b6bb,Coal - Bituminous,Uncertainties taken from New Zealand's Greenhouse Gas Inventory 1990-2023,GHG_N2O_KGCO2_e,0.0111739,"CO2e ±4.49%, CO2 ±2.0%, CH4 ±50.0%, N2O ±50.0%"
Fuel,Stationary Combustion of Fuels,Residential Use,Coal - Bituminous,kg,2c75d725-1baa-4f9b-8ae8-a58957f3b6bb,Coal - Bituminous,Uncertainties taken from New Zealand's Greenhouse Gas Inventory 1990-2023,GHG_TOTAL_KGCO2_e,2.88466,"CO2e ±4.49%, CO2 ±2.0%, CH4 ±50.0%, N2O ±50.0%"
Fuel,Stationary Combustion of Fuels,Residential Use,Coal - Default,kg,39568e41-57d6-4fd6-8f41-05d7f7424194,Coal - Default,Uncertainties taken from New Zealand's Greenhouse Gas Inventory 1990-2023,GHG_CH4_KGCO2_e,0.171883,"CO2e ±4.39%, CO2 ±2.0%, CH4 ±50.0%, N2O ±50.0%"
Fuel,Stationary Combustion of Fuels,Residential Use,Coal - Default,kg,39568e41-57d6-4fd6-8f41-05d7f7424194,Coal - Default,Uncertainties taken from New Zealand's Greenhouse Gas Inventory 1990-2023,GHG_CO2_KGCO2_e,1.97777,"CO2e ±4.39%, CO2 ±2.0%, CH4 ±50.0%, N2O ±50.0%"
Fuel,Stationary Combustion of Fuels,Residential Use,Coal - Default,kg,39568e41-57d6-4fd6-8f41-05d7f7424194,Coal - Default,Uncertainties taken from New Zealand's Greenhouse Gas Inventory 1990-2023,GHG_N2O_KGCO2_e,0.00813375,"CO2e ±4.39%, CO2 ±2.0%, CH4 ±50.0%, N2O ±50.0%"
Fuel,Stationary Combustion of Fuels,Residential Use,Coal - Default,kg,39568e41-57d6-4fd6-8f41-05d7f7424194,Coal - Default,Uncertainties taken from New Zealand's Greenhouse Gas Inventory 1990-2023,GHG_TOTAL_KGCO2_e,2.15778,"CO2e ±4.39%, CO2 ±2.0%, CH4 ±50.0%, N2O ±50.0%"
Fuel,Stationary Combustion of Fuels,Residential Use,Coal - Lignite,kg,e55f37b0-4203-40a9-a018-cef9b81f9dde,Coal - Lignite,Uncertainties taken from New Zealand's Greenhouse Gas Inventory 1990-2025,GHG_CH4_KGCO2_e,0.12174,"CO2e ±4.34%, CO2 ±2.0%, CH4 ±50.0%, N2O ±50.0%"
Fuel,Stationary Combustion of Fuels,Residential Use,Coal - Lignite,kg,e55f37b0-4203-40a9-a018-cef9b81f9dde,Coal - Lignite,Uncertainties taken from New Zealand's Greenhouse Gas Inventory 1990-2025,GHG_CO2_KGCO2_e,1.42045,"CO2e ±4.34%, CO2 ±2.0%, CH4 ±50.0%, N2O ±50.0%"
Fuel,Stationary Combustion of Fuels,Residential Use,Coal - Lignite,kg,e55f37b0-4203-40a9-a018-cef9b81f9dde,Coal - Lignite,Uncertainties taken from New Zealand's Greenhouse Gas Inventory 1990-2025,GHG_N2O_KGCO2_e,0.00576089,"CO2e ±4.34%, CO2 ±2.0%, CH4 ±50.0%, N2O ±50.0%"
Fuel,Stationary Combustion of Fuels,Residential Use,Coal - Lignite,kg,e55f37b0-4203-40a9-a018-cef9b81f9dde,Coal - Lignite,Uncertainties taken from New Zealand's Greenhouse Gas Inventory 1990-2025,GHG_TOTAL_KGCO2_e,1.54795,"CO2e ±4.34%, CO2 ±2.0%, CH4 ±50.0%, N2O ±50.0%"
Fuel,Stationary Combustion of Fuels,Residential Use,Coal - Sub-Bituminous,kg,2dff7f24-ab5f-4951-a35b-72bd06236de3,Coal - Sub-Bituminous,Uncertainties taken from New Zealand's Greenhouse Gas Inventory 1990-2024,GHG_CH4_KGCO2_e,0.172717,"CO2e ±4.38%, CO2 ±2.0%, CH4 ±50.0%, N2O ±50.0%"
Fuel,Stationary Combustion of Fuels,Residential Use,Coal - Sub-Bituminous,kg,2dff7f24-ab5f-4951-a35b-72bd06236de3,Coal - Sub-Bituminous,Uncertainties taken from New Zealand's Greenhouse Gas Inventory 1990-2024,GHG_CO2_KGCO2_e,1.99101,"CO2e ±4.38%, CO2 ±2.0%, CH4 ±50.0%, N2O ±50.0%"
Fuel,Stationary Combustion of Fuels,Residential Use,Coal - Sub-Bituminous,kg,2dff7f24-ab5f-4951-a35b-72bd06236de3,Coal - Sub-Bituminous,Uncertainties taken from New Zealand's Greenhouse Gas Inventory 1990-2024,GHG_N2O_KGCO2_e,0.00817322,"CO2e ±4.38%, CO2 ±2.0%, CH4 ±50.0%, N2O ±50.0%"
Fuel,Stationary Combustion of Fuels,Residential Use,Coal - Sub-Bituminous,kg,2dff7f24-ab5f-4951-a35b-72bd06236de3,Coal - Sub-Bituminous,Uncertainties taken from New Zealand's Greenhouse Gas Inventory 1990-2024,GHG_TOTAL_KGCO2_e,2.1719,"CO2e ±4.38%, CO2 ±2.0%, CH4 ±50.0%, N2O ±50.0%"
Fuel,Transmission and distribution losses,Reticulated Gases,Natural gas used (GJ),GJ,1f928f38-92f0-4198-826b-068d311bb248,Natural gas used,Unknown,GHG_CH4_KGCO2_e,1.6036,Unknown
Fuel,Transmission and distribution losses,Reticulated Gases,Natural gas used (GJ),GJ,1f928f38-92f0-4198-826b-068d311bb248,Natural gas used,Unknown,GHG_CO2_KGCO2_e,0.0140783,Unknown
Fuel,Transmission and distribution losses,Reticulated Gases,Natural gas used (GJ),GJ,1f928f38-92f0-4198-826b-068d311bb248,Natural gas used,Unknown,GHG_TOTAL_KGCO2_e,1.61768,Unknown
Fuel,Transmission and distribution losses,Reticulated Gases,Natural gas used (kWh),kWh,2ec5e615-ddcd-4606-bc9e-70de55d64f14,Natural gas used,Unknown,GHG_CH4_KGCO2_e,0.00577296,Unknown
Fuel,Transmission and distribution losses,Reticulated Gases,Natural gas used (kWh),kWh,2ec5e615-ddcd-4606-bc9e-70de55d64f14,Natural gas used,Unknown,GHG_CO2_KGCO2_e,0.0000506819,Unknown
Fuel,Transmission and distribution losses,Reticulated Gases,Natural gas used (kWh),kWh,2ec5e615-ddcd-4606-bc9e-70de55d64f14,Natural gas used,Unknown,GHG_TOTAL_KGCO2_e,0.00582364,Unknown
Fuel,Transport Fuel,Transport Fuel,Aviation fuel - Kerosene (GJ),GJ,0d467ed7-c88f-4f7a-adb6-d5bd86be9f9f,Aviation fuel - Kerosene,Uncertainties taken from New Zealand's Greenhouse Gas Inventory 1990-2051,GHG_CH4_KGCO2_e,0.0133,"CO2e ±1.06%, CO2 ±1.0%, CH4 ±50.0%, N2O ±50.0%"
Fuel,Transport Fuel,Transport Fuel,Aviation fuel - Kerosene (GJ),GJ,0d467ed7-c88f-4f7a-adb6-d5bd86be9f9f,Aviation fuel - Kerosene,Uncertainties taken from New Zealand's Greenhouse Gas Inventory 1990-2051,GHG_CO2_KGCO2_e,67.9381,"CO2e ±1.06%, CO2 ±1.0%, CH4 ±50.0%, N2O ±50.0%"
Fuel,Transport Fuel,Transport Fuel,Aviation fuel - Kerosene (GJ),GJ,0d467ed7-c88f-4f7a-adb6-d5bd86be9f9f,Aviation fuel - Kerosene,Uncertainties taken from New Zealand's Greenhouse Gas Inventory 1990-2051,GHG_N2O_KGCO2_e,0.5035,"CO2e ±1.06%, CO2 ±1.0%, CH4 ±50.0%, N2O ±50.0%"
Fuel,Transport Fuel,Transport Fuel,Aviation fuel - Kerosene (GJ),GJ,0d467ed7-c88f-4f7a-adb6-d5bd86be9f9f,Aviation fuel - Kerosene,Uncertainties taken from New Zealand's Greenhouse Gas Inventory 1990-2051,GHG_TOTAL_KGCO2_e,68.4549,"CO2e ±1.06%, CO2 ±1.0%, CH4 ±50.0%, N2O ±50.0%"
Fuel,Transport Fuel,Transport Fuel,Aviation fuel - Kerosene (litre),litre,074ea59f-2e76-472b-8fff-0574cfd887d2,Aviation fuel - Kerosene,Uncertainties taken from New Zealand's Greenhouse Gas Inventory 1990-2051,GHG_CH4_KGCO2_e,0.000489487,"CO2e ±1.06%, CO2 ±1.0%, CH4 ±50.0%, N2O ±50.0%"
Fuel,Transport Fuel,Transport Fuel,Aviation fuel - Kerosene (litre),litre,074ea59f-2e76-472b-8fff-0574cfd887d2,Aviation fuel - Kerosene,Uncertainties taken from New Zealand's Greenhouse Gas Inventory 1990-2051,GHG_CO2_KGCO2_e,2.50036,"CO2e ±1.06%, CO2 ±1.0%, CH4 ±50.0%, N2O ±50.0%"
Fuel,Transport Fuel,Transport Fuel,Aviation fuel - Kerosene (litre),litre,074ea59f-2e76-472b-8fff-0574cfd887d2,Aviation fuel - Kerosene,Uncertainties taken from New Zealand's Greenhouse Gas Inventory 1990-2051,GHG_N2O_KGCO2_e,0.0185306,"CO2e ±1.06%, CO2 ±1.0%, CH4 ±50.0%, N2O ±50.0%"
Fuel,Transport Fuel,Transport Fuel,Aviation fuel - Kerosene (litre),litre,074ea59f-2e76-472b-8fff-0574cfd887d2,Aviation fuel - Kerosene,Uncertainties taken from New Zealand's Greenhouse Gas Inventory 1990-2051,GHG_TOTAL_KGCO2_e,2.51938,"CO2e ±1.06%, CO2 ±1.0%, CH4 ±50.0%, N2O ±50.0%"
Fuel,Transport Fuel,Transport Fuel,Aviation gas (GJ),GJ,edecde89-19c9-40b1-9bb9-0cb62ccda936,Aviation gas,Uncertainties taken from New Zealand's Greenhouse Gas Inventory 1990-2053,GHG_CH4_KGCO2_e,0.0133,"CO2e ±1.06%, CO2 ±1.0%, CH4 ±50.0%, N2O ±50.0%"
Fuel,Transport Fuel,Transport Fuel,Aviation gas (GJ),GJ,edecde89-19c9-40b1-9bb9-0cb62ccda936,Aviation gas,Uncertainties taken from New Zealand's Greenhouse Gas Inventory 1990-2053,GHG_CO2_KGCO2_e,65.8915,"CO2e ±1.06%, CO2 ±1.0%, CH4 ±50.0%, N2O ±50.0%"
Fuel,Transport Fuel,Transport Fuel,Aviation gas (GJ),GJ,edecde89-19c9-40b1-9bb9-0cb62ccda936,Aviation gas,Uncertainties taken from New Zealand's Greenhouse Gas Inventory 1990-2053,GHG_N2O_KGCO2_e,0.5035,"CO2e ±1.06%, CO2 ±1.0%, CH4 ±50.0%, N2O ±50.0%"
Fuel,Transport Fuel,Transport Fuel,Aviation gas (GJ),GJ,edecde89-19c9-40b1-9bb9-0cb62ccda936,Aviation gas,Uncertainties taken from New Zealand's Greenhouse Gas Inventory 1990-2053,GHG_TOTAL_KGCO2_e,66.4083,"CO2e ±1.06%, CO2 ±1.0%, CH4 ±50.0%, N2O ±50.0%"
Fuel,Transport Fuel,Transport Fuel,Aviation gas (litre),litre,cb8d0ed6-c807-413e-bd25-dad9b2c74244,Aviation gas,Uncertainties taken from New Zealand's Greenhouse Gas Inventory 1990-2053,GHG_CH4_KGCO2_e,0.000450428,"CO2e ±1.06%, CO2 ±1.0%, CH4 ±50.0%, N2O ±50.0%"
Fuel,Transport Fuel,Transport Fuel,Aviation gas (litre),litre,cb8d0ed6-c807-413e-bd25-dad9b2c74244,Aviation gas,Uncertainties taken from New Zealand's Greenhouse Gas Inventory 1990-2053,GHG_CO2_KGCO2_e,2.23153,"CO2e ±1.06%, CO2 ±1.0%, CH4 ±50.0%, N2O ±50.0%"
Fuel,Transport Fuel,Transport Fuel,Aviation gas (litre),litre,cb8d0ed6-c807-413e-bd25-dad9b2c74244,Aviation gas,Uncertainties taken from New Zealand's Greenhouse Gas Inventory 1990-2053,GHG_N2O_KGCO2_e,0.0170519,"CO2e ±1.06%, CO2 ±1.0%, CH4 ±50.0%, N2O ±50.0%"
Fuel,Transport Fuel,Transport Fuel,Aviation gas (litre),litre,cb8d0ed6-c807-413e-bd25-dad9b2c74244,Aviation gas,Uncertainties taken from New Zealand's Greenhouse Gas Inventory 1990-2053,GHG_TOTAL_KGCO2_e,2.24904,"CO2e ±1.06%, CO2 ±1.0%, CH4 ±50.0%, N2O ±50.0%"
Fuel,Transport Fuel,Transport Fuel,Diesel,litre,14b4374c-5d94-4272-ad8a-05fc09b4c787,Diesel,Uncertainties taken from New Zealand's Greenhouse Gas Inventory 1990-2046,GHG_CH4_KGCO2_e,0.00394905,"CO2e ±1.21%, CO2 ±1.0%, CH4 ±50.0%, N2O ±50.0%"
Fuel,Transport Fuel,Transport Fuel,Diesel,litre,14b4374c-5d94-4272-ad8a-05fc09b4c787,Diesel,Uncertainties taken from New Zealand's Greenhouse Gas Inventory 1990-2046,GHG_CO2_KGCO2_e,2.63045,"CO2e ±1.21%, CO2 ±1.0%, CH4 ±50.0%, N2O ±50.0%"
Fuel,Transport Fuel,Transport Fuel,Diesel,litre,14b4374c-5d94-4272-ad8a-05fc09b4c787,Diesel,Uncertainties taken from New Zealand's Greenhouse Gas Inventory 1990-2046,GHG_N2O_KGCO2_e,0.0373749,"CO2e ±1.21%, CO2 ±1.0%, CH4 ±50.0%, N2O ±50.0%"
Fuel,Transport Fuel,Transport Fuel,Diesel,litre,14b4374c-5d94-4272-ad8a-05fc09b4c787,Diesel,Uncertainties taken from New Zealand's Greenhouse Gas Inventory 1990-2046,GHG_TOTAL_KGCO2_e,2.67177,"CO2e ±1.21%, CO2 ±1.0%, CH4 ±50.0%, N2O ±50.0%"
Fuel,Transport Fuel,Transport Fuel,Heavy Fuel Oil,litre,5188d3cb-bed8-481f-b239-1d9c59f92d4e,Heavy Fuel Oil,Uncertainties taken from New Zealand's Greenhouse Gas Inventory 1990-2048,GHG_CH4_KGCO2_e,0.00758566,"CO2e ±1.05%, CO2 ±1.0%, CH4 ±50.0%, N2O ±50.0%"
Fuel,Transport Fuel,Transport Fuel,Heavy Fuel Oil,litre,5188d3cb-bed8-481f-b239-1d9c59f92d4e,Heavy Fuel Oil,Uncertainties taken from New Zealand's Greenhouse Gas Inventory 1990-2048,GHG_CO2_KGCO2_e,3.0366,"CO2e ±1.05%, CO2 ±1.0%, CH4 ±50.0%, N2O ±50.0%"
Fuel,Transport Fuel,Transport Fuel,Heavy Fuel Oil,litre,5188d3cb-bed8-481f-b239-1d9c59f92d4e,Heavy Fuel Oil,Uncertainties taken from New Zealand's Greenhouse Gas Inventory 1990-2048,GHG_N2O_KGCO2_e,0.0205122,"CO2e ±1.05%, CO2 ±1.0%, CH4 ±50.0%, N2O ±50.0%"
Fuel,Transport Fuel,Transport Fuel,Heavy Fuel Oil,litre,5188d3cb-bed8-481f-b239-1d9c59f92d4e,Heavy Fuel Oil,Uncertainties taken from New Zealand's Greenhouse Gas Inventory 1990-2048,GHG_TOTAL_KGCO2_e,3.0647,"CO2e ±1.05%, CO2 ±1.0%, CH4 ±50.0%, N2O ±50.0%"
Fuel,Transport Fuel,Transport Fuel,LPG,litre,4dbb0b57-54b0-4e6b-bcc5-7853698eee5b,LPG,Uncertainties taken from New Zealand's Greenhouse Gas Inventory 1990-2047,GHG_CH4_KGCO2_e,0.0437698,"CO2e ±2.37%, CO2 ±2.0%, CH4 ±50.0%, N2O ±50.0%"
Fuel,Transport Fuel,Transport Fuel,LPG,litre,4dbb0b57-54b0-4e6b-bcc5-7853698eee5b,LPG,Uncertainties taken from New Zealand's Greenhouse Gas Inventory 1990-2047,GHG_CO2_KGCO2_e,1.57315,"CO2e ±2.37%, CO2 ±2.0%, CH4 ±50.0%, N2O ±50.0%"
Fuel,Transport Fuel,Transport Fuel,LPG,litre,4dbb0b57-54b0-4e6b-bcc5-7853698eee5b,LPG,Uncertainties taken from New Zealand's Greenhouse Gas Inventory 1990-2047,GHG_N2O_KGCO2_e,0.00133629,"CO2e ±2.37%, CO2 ±2.0%, CH4 ±50.0%, N2O ±50.0%"
Fuel,Transport Fuel,Transport Fuel,LPG,litre,4dbb0b57-54b0-4e6b-bcc5-7853698eee5b,LPG,Uncertainties taken from New Zealand's Greenhouse Gas Inventory 1990-2047,GHG_TOTAL_KGCO2_e,1.61825,"CO2e ±2.37%, CO2 ±2.0%, CH4 ±50.0%, N2O ±50.0%"
Fuel,Transport Fuel,Transport Fuel,Light Fuel Oil,litre,eda03e33-143e-4765-a459-b1b2e40c0fa5,Light Fuel Oil,Uncertainties taken from New Zealand's Greenhouse Gas Inventory 1990-2049,GHG_CH4_KGCO2_e,0.00753254,"CO2e ±1.06%, CO2 ±1.0%, CH4 ±50.0%, N2O ±50.0%"
Fuel,Transport Fuel,Transport Fuel,Light Fuel Oil,litre,eda03e33-143e-4765-a459-b1b2e40c0fa5,Light Fuel Oil,Uncertainties taken from New Zealand's Greenhouse Gas Inventory 1990-2049,GHG_CO2_KGCO2_e,2.95401,"CO2e ±1.06%, CO2 ±1.0%, CH4 ±50.0%, N2O ±50.0%"
Fuel,Transport Fuel,Transport Fuel,Light Fuel Oil,litre,eda03e33-143e-4765-a459-b1b2e40c0fa5,Light Fuel Oil,Uncertainties taken from New Zealand's Greenhouse Gas Inventory 1990-2049,GHG_N2O_KGCO2_e,0.0203686,"CO2e ±1.06%, CO2 ±1.0%, CH4 ±50.0%, N2O ±50.0%"
Fuel,Transport Fuel,Transport Fuel,Light Fuel Oil,litre,eda03e33-143e-4765-a459-b1b2e40c0fa5,Light Fuel Oil,Uncertainties taken from New Zealand's Greenhouse Gas Inventory 1990-2049,GHG_TOTAL_KGCO2_e,2.98191,"CO2e ±1.06%, CO2 ±1.0%, CH4 ±50.0%, N2O ±50.0%"
Fuel,Transport Fuel,Transport Fuel,Premium Petrol,litre,87bbbd2d-9628-4855-8347-21faf779d107,Premium Petrol,Uncertainties taken from New Zealand's Greenhouse Gas Inventory 1990-2045,GHG_CH4_KGCO2_e,0.0306602,"CO2e ±1.86%, CO2 ±1.0%, CH4 ±50.0%, N2O ±50.0%"
Fuel,Transport Fuel,Transport Fuel,Premium Petrol,litre,87bbbd2d-9628-4855-8347-21faf779d107,Premium Petrol,Uncertainties taken from New Zealand's Greenhouse Gas Inventory 1990-2045,GHG_CO2_KGCO2_e,2.31425,"CO2e ±1.86%, CO2 ±1.0%, CH4 ±50.0%, N2O ±50.0%"
Fuel,Transport Fuel,Transport Fuel,Premium Petrol,litre,87bbbd2d-9628-4855-8347-21faf779d107,Premium Petrol,Uncertainties taken from New Zealand's Greenhouse Gas Inventory 1990-2045,GHG_N2O_KGCO2_e,0.0703459,"CO2e ±1.86%, CO2 ±1.0%, CH4 ±50.0%, N2O ±50.0%"
Fuel,Transport Fuel,Transport Fuel,Premium Petrol,litre,87bbbd2d-9628-4855-8347-21faf779d107,Premium Petrol,Uncertainties taken from New Zealand's Greenhouse Gas Inventory 1990-2045,GHG_TOTAL_KGCO2_e,2.41525,"CO2e ±1.86%, CO2 ±1.0%, CH4 ±50.0%, N2O ±50.0%"
Fuel,Transport Fuel,Transport Fuel,Regular Petrol,litre,520c3a4d-5ba0-45d7-85b5-8d10e0b25c96,Regular Petrol,Uncertainties taken from New Zealand's Greenhouse Gas Inventory 1990-2044,GHG_CH4_KGCO2_e,0.0302118,"CO2e ±1.87%, CO2 ±1.0%, CH4 ±50.0%, N2O ±50.0%"
Fuel,Transport Fuel,Transport Fuel,Regular Petrol,litre,520c3a4d-5ba0-45d7-85b5-8d10e0b25c96,Regular Petrol,Uncertainties taken from New Zealand's Greenhouse Gas Inventory 1990-2044,GHG_CO2_KGCO2_e,2.2619,"CO2e ±1.87%, CO2 ±1.0%, CH4 ±50.0%, N2O ±50.0%"
Fuel,Transport Fuel,Transport Fuel,Regular Petrol,litre,520c3a4d-5ba0-45d7-85b5-8d10e0b25c96,Regular Petrol,Uncertainties taken from New Zealand's Greenhouse Gas Inventory 1990-2044,GHG_N2O_KGCO2_e,0.0693172,"CO2e ±1.87%, CO2 ±1.0%, CH4 ±50.0%, N2O ±50.0%"
Fuel,Transport Fuel,Transport Fuel,Regular Petrol,litre,520c3a4d-5ba0-45d7-85b5-8d10e0b25c96,Regular Petrol,Uncertainties taken from New Zealand's Greenhouse Gas Inventory 1990-2044,GHG_TOTAL_KGCO2_e,2.36143,"CO2e ±1.87%, CO2 ±1.0%, CH4 ±50.0%, N2O ±50.0%"
Indirect Business Related,Working From Home,Working From Home,Working from home - Default,employee days,f0fd2836-ef0b-4804-b8f6-bb176b436624,Working from home - Default,6 hours of heating per day for 5 months of the year. This is an assumption made by Toitū to be tested as better data is found,GHG_CH4_KGCO2_e,0.0113985,Unknown
Indirect Business Related,Working From Home,Working From Home,Working from home - Default,employee days,f0fd2836-ef0b-4804-b8f6-bb176b436624,Working from home - Default,6 hours of heating per day for 5 months of the year. This is an assumption made by Toitū to be tested as better data is found,GHG_CO2_KGCO2_e,0.360503,Unknown
Indirect Business Related,Working From Home,Working From Home,Working from home - Default,employee days,f0fd2836-ef0b-4804-b8f6-bb176b436624,Working from home - Default,6 hours of heating per day for 5 months of the year. This is an assumption made by Toitū to be tested as better data is found,GHG_N2O_KGCO2_e,0.000581458,Unknown
Indirect Business Related,Working From Home,Working From Home,Working from home - Default,employee days,f0fd2836-ef0b-4804-b8f6-bb176b436624,Working from home - Default,6 hours of heating per day for 5 months of the year. This is an assumption made by Toitū to be tested as better data is found,GHG_TOTAL_KGCO2_e,0.372483,Unknown
Indirect Business Related,Working From Home,Working From Home,Working from home - With heating,employee days,4c03a294-1251-49a1-84db-7755b649df98,Working from home - With heating,Base load emissions with 6 hours of heating per day,GHG_CH4_KGCO2_e,0.0249738,Unknown
Indirect Business Related,Working From Home,Working From Home,Working from home - With heating,employee days,4c03a294-1251-49a1-84db-7755b649df98,Working from home - With heating,Base load emissions with 6 hours of heating per day,GHG_CO2_KGCO2_e,0.789849,Unknown
Indirect Business Related,Working From Home,Working From Home,Working from home - With heating,employee days,4c03a294-1251-49a1-84db-7755b649df98,Working from home - With heating,Base load emissions with 6 hours of heating per day,GHG_N2O_KGCO2_e,0.00127395,Unknown
Indirect Business Related,Working From Home,Working From Home,Working from home - With heating,employee days,4c03a294-1251-49a1-84db-7755b649df98,Working from home - With heating,Base load emissions with 6 hours of heating per day,GHG_TOTAL_KGCO2_e,0.816096,Unknown
Indirect Business Related,Working From Home,Working From Home,Working from home - Without heating,employee days,453f9a50-d755-4823-9046-77536b234737,Working from home - Without heating,Only base load emissions,GHG_CH4_KGCO2_e,0.00170193,Unknown
Indirect Business Related,Working From Home,Working From Home,Working from home - Without heating,employee days,453f9a50-d755-4823-9046-77536b234737,Working from home - Without heating,Only base load emissions,GHG_CO2_KGCO2_e,0.053827,Unknown
Indirect Business Related,Working From Home,Working From Home,Working from home - Without heating,employee days,453f9a50-d755-4823-9046-77536b234737,Working from home - Without heating,Only base load emissions,GHG_N2O_KGCO2_e,0.0000868181,Unknown
Indirect Business Related,Working From Home,Working From Home,Working from home - Without heating,employee days,453f9a50-d755-4823-9046-77536b234737,Working from home - Without heating,Only base load emissions,GHG_TOTAL_KGCO2_e,0.0556158,Unknown
Materials and Waste,Waste Disposal,Biological Treatment of Waste,Anaerobic digestion,kg,bdaa44d1-ef48-461c-a4eb-954af657944d,Anaerobic digestion,IPCC default emission factors used,GHG_CH4_KGCO2_e,0.0224,IPCC uncertainties
Materials and Waste,Waste Disposal,Biological Treatment of Waste,Anaerobic digestion,kg,bdaa44d1-ef48-461c-a4eb-954af657944d,Anaerobic digestion,IPCC default emission factors used,GHG_TOTAL_KGCO2_e,0.0224,IPCC uncertainties
Materials and Waste,Waste Disposal,Biological Treatment of Waste,Composting,kg,380a5656-6bc7-40e6-9469-3b5812f45fe5,Composting,IPCC default emission factors used,GHG_CH4_KGCO2_e,0.112,IPCC uncertainties
Materials and Waste,Waste Disposal,Biological Treatment of Waste,Composting,kg,380a5656-6bc7-40e6-9469-3b5812f45fe5,Composting,IPCC default emission factors used,GHG_N2O_KGCO2_e,0.0636,IPCC uncertainties
Materials and Waste,Waste Disposal,Biological Treatment of Waste,Composting,kg,380a5656-6bc7-40e6-9469-3b5812f45fe5,Composting,IPCC default emission factors used,GHG_TOTAL_KGCO2_e,0.1756,IPCC uncertainties
Materials and Waste,Waste Disposal,Non-Municipal Waste,Known Composition: Waste - Average for non-municipal solid waste,kg,46ef2b15-17dd-48e7-aee0-8d49a92e6370,Known Composition: Waste - Average for non-municipal solid waste,N2O and CO2 are excluded,GHG_CH4_KGCO2_e,0.307323,IPCC uncertainties
Materials and Waste,Waste Disposal,Non-Municipal Waste,Known Composition: Waste - Average for non-municipal solid waste,kg,46ef2b15-17dd-48e7-aee0-8d49a92e6370,Known Composition: Waste - Average for non-municipal solid waste,N2O and CO2 are excluded,GHG_TOTAL_KGCO2_e,0.307323,IPCC uncertainties
Materials and Waste,Waste Disposal,Non-Municipal Waste,Known Composition: Waste - Food,kg,109d57d5-e4a8-4c39-be5c-6a89b1d14d6b,Known Composition: Waste - Food,N2O and CO2 are excluded,GHG_CH4_KGCO2_e,0.8624,IPCC uncertainties
Materials and Waste,Waste Disposal,Non-Municipal Waste,Known Composition: Waste - Food,kg,109d57d5-e4a8-4c39-be5c-6a89b1d14d6b,Known Composition: Waste - Food,N2O and CO2 are excluded,GHG_TOTAL_KGCO2_e,0.8624,IPCC uncertainties
Materials and Waste,Waste Disposal,Non-Municipal Waste,Known Composition: Waste - Green Waste,kg,0e68a11a-b79b-467c-9a85-5f1b189ab102,Known Composition: Waste - Green Waste,N2O and CO2 are excluded,GHG_CH4_KGCO2_e,0.7056,IPCC uncertainties
Materials and Waste,Waste Disposal,Non-Municipal Waste,Known Composition: Waste - Green Waste,kg,0e68a11a-b79b-467c-9a85-5f1b189ab102,Known Composition: Waste - Green Waste,N2O and CO2 are excluded,GHG_TOTAL_KGCO2_e,0.7056,IPCC uncertainties
Materials and Waste,Waste Disposal,Non-Municipal Waste,Known Composition: Waste - Inert (all other waste),kg,76d8043a-a765-4167-a33d-b3195700ff86,Known Composition: Waste - Inert (all other waste),N2O and CO2 are excluded,GHG_CH4_KGCO2_e,0,IPCC uncertainties
Materials and Waste,Waste Disposal,Non-Municipal Waste,Known Composition: Waste - Inert (all other waste),kg,76d8043a-a765-4167-a33d-b3195700ff86,Known Composition: Waste - Inert (all other waste),N2O and CO2 are excluded,GHG_TOTAL_KGCO2_e,0,IPCC uncertainties
Materials and Waste,Waste Disposal,Non-Municipal Waste,Known Composition: Waste - Nappies,kg,b823c427-f5ef-46a8-b523-7d81fbb0a687,Known Composition: Waste - Nappies,N2O and CO2 are excluded,GHG_CH4_KGCO2_e,0.3136,IPCC uncertainties
Materials and Waste,Waste Disposal,Non-Municipal Waste,Known Composition: Waste - Nappies,kg,b823c427-f5ef-46a8-b523-7d81fbb0a687,Known Composition: Waste - Nappies,N2O and CO2 are excluded,GHG_TOTAL_KGCO2_e,0.3136,IPCC uncertainties
Materials and Waste,Waste Disposal,Non-Municipal Waste,Known Composition: Waste - Paper,kg,dde440a7-ab08-431d-b277-760febc7f317,Known Composition: Waste - Paper,N2O and CO2 are excluded,GHG_CH4_KGCO2_e,1.2544,IPCC uncertainties
Materials and Waste,Waste Disposal,Non-Municipal Waste,Known Composition: Waste - Paper,kg,dde440a7-ab08-431d-b277-760febc7f317,Known Composition: Waste - Paper,N2O and CO2 are excluded,GHG_TOTAL_KGCO2_e,1.2544,IPCC uncertainties
Materials and Waste,Waste Disposal,Non-Municipal Waste,Known Composition: Waste - Sludge,kg,a8b0c8ee-801d-45d5-976a-d5dc7da96984,Known Composition: Waste - Sludge,N2O and CO2 are excluded,GHG_CH4_KGCO2_e,0.2744,IPCC uncertainties
Materials and Waste,Waste Disposal,Non-Municipal Waste,Known Composition: Waste - Sludge,kg,a8b0c8ee-801d-45d5-976a-d5dc7da96984,Known Composition: Waste - Sludge,N2O and CO2 are excluded,GHG_TOTAL_KGCO2_e,0.2744,IPCC uncertainties
Materials and Waste,Waste Disposal,Non-Municipal Waste,Known Composition: Waste - Textiles,kg,65860b04-7737-4fb7-887c-e4bd1b5f1d06,Known Composition: Waste - Textiles,N2O and CO2 are excluded,GHG_CH4_KGCO2_e,0.6272,IPCC uncertainties
Materials and Waste,Waste Disposal,Non-Municipal Waste,Known Composition: Waste - Textiles,kg,65860b04-7737-4fb7-887c-e4bd1b5f1d06,Known Composition: Waste - Textiles,N2O and CO2 are excluded,GHG_TOTAL_KGCO2_e,0.6272,IPCC uncertainties
Materials and Waste,Waste Disposal,Non-Municipal Waste,Known Composition: Waste - Wood (timber),kg,207ead9b-b81d-4683-a80f-2d7081897dea,Known Composition: Waste - Wood (timber),N2O and CO2 are excluded,GHG_CH4_KGCO2_e,0.4704,IPCC uncertainties
Materials and Waste,Waste Disposal,Non-Municipal Waste,Known Composition: Waste - Wood (timber),kg,207ead9b-b81d-4683-a80f-2d7081897dea,Known Composition: Waste - Wood (timber),N2O and CO2 are excluded,GHG_TOTAL_KGCO2_e,0.4704,IPCC uncertainties
Materials and Waste,Waste Disposal,Waste to Landfill - With Gas Recovery,Known Composition: Waste - Food,kg,b87e8d1d-59bd-4047-ac62-f0ef0e1da73b,Known Composition: Waste - Food,N2O and CO2 are excluded,GHG_CH4_KGCO2_e,0.971043,40%
Materials and Waste,Waste Disposal,Waste to Landfill - With Gas Recovery,Known Composition: Waste - Food,kg,b87e8d1d-59bd-4047-ac62-f0ef0e1da73b,Known Composition: Waste - Food,N2O and CO2 are excluded,GHG_TOTAL_KGCO2_e,0.971043,40%
Materials and Waste,Waste Disposal,Waste to Landfill - With Gas Recovery,Known Composition: Waste - Garden,kg,4466a8b7-67ab-43b6-a556-4db5735e8cc8,Known Composition: Waste - Garden,N2O and CO2 are excluded,GHG_CH4_KGCO2_e,0.79449,40%
Materials and Waste,Waste Disposal,Waste to Landfill - With Gas Recovery,Known Composition: Waste - Garden,kg,4466a8b7-67ab-43b6-a556-4db5735e8cc8,Known Composition: Waste - Garden,N2O and CO2 are excluded,GHG_TOTAL_KGCO2_e,0.79449,40%
Materials and Waste,Waste Disposal,Waste to Landfill - With Gas Recovery,Known Composition: Waste - Nappies,kg,aeae3732-29cf-4842-944a-a9af7aa3055b,Known Composition: Waste - Nappies,N2O and CO2 are excluded,GHG_CH4_KGCO2_e,0.353107,40%
Materials and Waste,Waste Disposal,Waste to Landfill - With Gas Recovery,Known Composition: Waste - Nappies,kg,aeae3732-29cf-4842-944a-a9af7aa3055b,Known Composition: Waste - Nappies,N2O and CO2 are excluded,GHG_TOTAL_KGCO2_e,0.353107,40%
Materials and Waste,Waste Disposal,Waste to Landfill - With Gas Recovery,Known Composition: Waste - Other (Inert),kg,5b0e43dc-a3a0-4f62-8178-03d16f9880f2,Known Composition: Waste - Other (Inert),N2O and CO2 are excluded,GHG_CH4_KGCO2_e,0,40%
Materials and Waste,Waste Disposal,Waste to Landfill - With Gas Recovery,Known Composition: Waste - Other (Inert),kg,5b0e43dc-a3a0-4f62-8178-03d16f9880f2,Known Composition: Waste - Other (Inert),N2O and CO2 are excluded,GHG_TOTAL_KGCO2_e,0,40%
Materials and Waste,Waste Disposal,Waste to Landfill - With Gas Recovery,Known Composition: Waste - Paper,kg,b2f80b52-068f-4382-b023-cd79c2df2377,Known Composition: Waste - Paper,N2O and CO2 are excluded,GHG_CH4_KGCO2_e,1.41243,40%
Materials and Waste,Waste Disposal,Waste to Landfill - With Gas Recovery,Known Composition: Waste - Paper,kg,b2f80b52-068f-4382-b023-cd79c2df2377,Known Composition: Waste - Paper,N2O and CO2 are excluded,GHG_TOTAL_KGCO2_e,1.41243,40%
Materials and Waste,Waste Disposal,Waste to Landfill - With Gas Recovery,Known Composition: Waste - Sludge,kg,4d1bb244-a3c6-4ee8-b114-95de4becd578,Known Composition: Waste - Sludge,N2O and CO2 are excluded,GHG_CH4_KGCO2_e,0.220692,40%
Materials and Waste,Waste Disposal,Waste to Landfill - With Gas Recovery,Known Composition: Waste - Sludge,kg,4d1bb244-a3c6-4ee8-b114-95de4becd578,Known Composition: Waste - Sludge,N2O and CO2 are excluded,GHG_TOTAL_KGCO2_e,0.220692,40%
Materials and Waste,Waste Disposal,Waste to Landfill - With Gas Recovery,Known Composition: Waste - Textile,kg,7b0e6b5b-b2f8-41a0-90d1-4f6a17e804a3,Known Composition: Waste - Textile,N2O and CO2 are excluded,GHG_CH4_KGCO2_e,0.706213,40%
Materials and Waste,Waste Disposal,Waste to Landfill - With Gas Recovery,Known Composition: Waste - Textile,kg,7b0e6b5b-b2f8-41a0-90d1-4f6a17e804a3,Known Composition: Waste - Textile,N2O and CO2 are excluded,GHG_TOTAL_KGCO2_e,0.706213,40%
Materials and Waste,Waste Disposal,Waste to Landfill - With Gas Recovery,Known Composition: Waste - Wood (combined),kg,9d8f2026-5249-488d-b511-bd07fe79b782,Known Composition: Waste - Wood (combined),N2O and CO2 are excluded,GHG_CH4_KGCO2_e,0.547315,40%
Materials and Waste,Waste Disposal,Waste to Landfill - With Gas Recovery,Known Composition: Waste - Wood (combined),kg,9d8f2026-5249-488d-b511-bd07fe79b782,Known Composition: Waste - Wood (combined),N2O and CO2 are excluded,GHG_TOTAL_KGCO2_e,0.547315,40%
Materials and Waste,Waste Disposal,Waste to Landfill - With Gas Recovery,Known Composition: Wood (treated),kg,38035423-e43f-4bfb-81cf-c5310071132b,Known Composition: Wood (treated),N2O and CO2 are excluded,GHG_CH4_KGCO2_e,0.0882766,40%
Materials and Waste,Waste Disposal,Waste to Landfill - With Gas Recovery,Known Composition: Wood (treated),kg,38035423-e43f-4bfb-81cf-c5310071132b,Known Composition: Wood (treated),N2O and CO2 are excluded,GHG_TOTAL_KGCO2_e,0.0882766,40%
Materials and Waste,Waste Disposal,Waste to Landfill - With Gas Recovery,Known Composition: Wood (untreated),kg,16948456-24ce-4432-9e64-ad7182d8c82e,Known Composition: Wood (untreated),N2O and CO2 are excluded,GHG_CH4_KGCO2_e,1.23587,40%
Materials and Waste,Waste Disposal,Waste to Landfill - With Gas Recovery,Known Composition: Wood (untreated),kg,16948456-24ce-4432-9e64-ad7182d8c82e,Known Composition: Wood (untreated),N2O and CO2 are excluded,GHG_TOTAL_KGCO2_e,1.23587,40%
Materials and Waste,Waste Disposal,Waste to Landfill - With Gas Recovery,Unknown Composition: General waste,kg,706e4554-56cb-473d-911c-0e9be7efddd2,Unknown Composition: General waste,N2O and CO2 are excluded,GHG_CH4_KGCO2_e,0.333843,Not quantified
Materials and Waste,Waste Disposal,Waste to Landfill - With Gas Recovery,Unknown Composition: General waste,kg,706e4554-56cb-473d-911c-0e9be7efddd2,Unknown Composition: General waste,N2O and CO2 are excluded,GHG_TOTAL_KGCO2_e,0.333843,Not quantified
Materials and Waste,Waste Disposal,Waste to Landfill - With Gas Recovery,Unknown Composition: Office waste,kg,e000ac49-94a3-4fb9-aa90-98ba8d264548,Unknown Composition: Office waste,N2O and CO2 are excluded,GHG_CH4_KGCO2_e,0.959037,Not quantified
Materials and Waste,Waste Disposal,Waste to Landfill - With Gas Recovery,Unknown Composition: Office waste,kg,e000ac49-94a3-4fb9-aa90-98ba8d264548,Unknown Composition: Office waste,N2O and CO2 are excluded,GHG_TOTAL_KGCO2_e,0.959037,Not quantified
Materials and Waste,Waste Disposal,Waste to Landfill - Without Gas Recovery,Known Composition: Waste - Food,kg,15e88cba-ad4c-4dff-b5ca-d120a4adfa3a,Known Composition: Waste - Food,N2O and CO2 are excluded,GHG_CH4_KGCO2_e,1.848,40%
Materials and Waste,Waste Disposal,Waste to Landfill - Without Gas Recovery,Known Composition: Waste - Food,kg,15e88cba-ad4c-4dff-b5ca-d120a4adfa3a,Known Composition: Waste - Food,N2O and CO2 are excluded,GHG_TOTAL_KGCO2_e,1.848,40%
Materials and Waste,Waste Disposal,Waste to Landfill - Without Gas Recovery,Known Composition: Waste - Garden,kg,c56807d2-2c82-4bce-aff1-f52ec1ae6736,Known Composition: Waste - Garden,N2O and CO2 are excluded,GHG_CH4_KGCO2_e,1.512,40%
Materials and Waste,Waste Disposal,Waste to Landfill - Without Gas Recovery,Known Composition: Waste - Garden,kg,c56807d2-2c82-4bce-aff1-f52ec1ae6736,Known Composition: Waste - Garden,N2O and CO2 are excluded,GHG_TOTAL_KGCO2_e,1.512,40%
Materials and Waste,Waste Disposal,Waste to Landfill - Without Gas Recovery,Known Composition: Waste - Nappies,kg,40cdaa4e-f7b3-4da0-a1fd-31643a1d13e0,Known Composition: Waste - Nappies,N2O and CO2 are excluded,GHG_CH4_KGCO2_e,0.672,40%
Materials and Waste,Waste Disposal,Waste to Landfill - Without Gas Recovery,Known Composition: Waste - Nappies,kg,40cdaa4e-f7b3-4da0-a1fd-31643a1d13e0,Known Composition: Waste - Nappies,N2O and CO2 are excluded,GHG_TOTAL_KGCO2_e,0.672,40%
Materials and Waste,Waste Disposal,Waste to Landfill - Without Gas Recovery,Known Composition: Waste - Other (Inert),kg,e271c6a1-51da-4b7a-86f4-1a4fc998903d,Known Composition: Waste - Other (Inert),N2O and CO2 are excluded,GHG_CH4_KGCO2_e,0,40%
Materials and Waste,Waste Disposal,Waste to Landfill - Without Gas Recovery,Known Composition: Waste - Other (Inert),kg,e271c6a1-51da-4b7a-86f4-1a4fc998903d,Known Composition: Waste - Other (Inert),N2O and CO2 are excluded,GHG_TOTAL_KGCO2_e,0,40%
Materials and Waste,Waste Disposal,Waste to Landfill - Without Gas Recovery,Known Composition: Waste - Paper,kg,527314a9-2b71-4b3d-b9d2-bec5b17e3e2c,Known Composition: Waste - Paper,N2O and CO2 are excluded,GHG_CH4_KGCO2_e,2.688,40%
Materials and Waste,Waste Disposal,Waste to Landfill - Without Gas Recovery,Known Composition: Waste - Paper,kg,527314a9-2b71-4b3d-b9d2-bec5b17e3e2c,Known Composition: Waste - Paper,N2O and CO2 are excluded,GHG_TOTAL_KGCO2_e,2.688,40%
Materials and Waste,Waste Disposal,Waste to Landfill - Without Gas Recovery,Known Composition: Waste - Sludge,kg,aef7f8c8-9575-4e31-aa71-da3f46c14c28,Known Composition: Waste - Sludge,N2O and CO2 are excluded,GHG_CH4_KGCO2_e,0.42,40%
Materials and Waste,Waste Disposal,Waste to Landfill - Without Gas Recovery,Known Composition: Waste - Sludge,kg,aef7f8c8-9575-4e31-aa71-da3f46c14c28,Known Composition: Waste - Sludge,N2O and CO2 are excluded,GHG_TOTAL_KGCO2_e,0.42,40%
Materials and Waste,Waste Disposal,Waste to Landfill - Without Gas Recovery,Known Composition: Waste - Textile,kg,3496bcb1-64c0-4bd8-b85f-1a2fb0a35abd,Known Composition: Waste - Textile,N2O and CO2 are excluded,GHG_CH4_KGCO2_e,1.344,40%
Materials and Waste,Waste Disposal,Waste to Landfill - Without Gas Recovery,Known Composition: Waste - Textile,kg,3496bcb1-64c0-4bd8-b85f-1a2fb0a35abd,Known Composition: Waste - Textile,N2O and CO2 are excluded,GHG_TOTAL_KGCO2_e,1.344,40%
Materials and Waste,Waste Disposal,Waste to Landfill - Without Gas Recovery,Known Composition: Waste - Wood (combined),kg,ea2619df-1559-438b-9dca-80b933047e8e,Known Composition: Waste - Wood (combined),N2O and CO2 are excluded,GHG_CH4_KGCO2_e,1.0416,40%
Materials and Waste,Waste Disposal,Waste to Landfill - Without Gas Recovery,Known Composition: Waste - Wood (combined),kg,ea2619df-1559-438b-9dca-80b933047e8e,Known Composition: Waste - Wood (combined),N2O and CO2 are excluded,GHG_TOTAL_KGCO2_e,1.0416,40%
Materials and Waste,Waste Disposal,Waste to Landfill - Without Gas Recovery,Known Composition: Wood (treated),kg,060399bf-d254-4091-81bf-b1313d0ea891,Known Composition: Wood (treated),N2O and CO2 are excluded,GHG_CH4_KGCO2_e,0.168,40%
Materials and Waste,Waste Disposal,Waste to Landfill - Without Gas Recovery,Known Composition: Wood (treated),kg,060399bf-d254-4091-81bf-b1313d0ea891,Known Composition: Wood (treated),N2O and CO2 are excluded,GHG_TOTAL_KGCO2_e,0.168,40%
Materials and Waste,Waste Disposal,Waste to Landfill - Without Gas Recovery,Known Composition: Wood (untreated),kg,271c57af-cd12-4a9e-bc6a-32bc7834a5ee,Known Composition: Wood (untreated),N2O and CO2 are excluded,GHG_CH4_KGCO2_e,2.352,40%
Materials and Waste,Waste Disposal,Waste to Landfill - Without Gas Recovery,Known Composition: Wood (untreated),kg,271c57af-cd12-4a9e-bc6a-32bc7834a5ee,Known Composition: Wood (untreated),N2O and CO2 are excluded,GHG_TOTAL_KGCO2_e,2.352,40%
Materials and Waste,Waste Disposal,Waste to Landfill - Without Gas Recovery,Unknown Composition: General waste,kg,df96011f-702d-451a-97bb-53e78ed02f9f,Unknown Composition: General waste,N2O and CO2 are excluded,GHG_CH4_KGCO2_e,0.635339,Not quantified
Materials and Waste,Waste Disposal,Waste to Landfill - Without Gas Recovery,Unknown Composition: General waste,kg,df96011f-702d-451a-97bb-53e78ed02f9f,Unknown Composition: General waste,N2O and CO2 are excluded,GHG_TOTAL_KGCO2_e,0.635339,Not quantified
Materials and Waste,Waste Disposal,Waste to Landfill - Without Gas Recovery,Unknown Composition: Office waste,kg,88a6b14e-50d3-4d27-a107-da7bdbca7cb5,Unknown Composition: Office waste,N2O and CO2 are excluded,GHG_CH4_KGCO2_e,1.82515,Not quantified
Materials and Waste,Waste Disposal,Waste to Landfill - Without Gas Recovery,Unknown Composition: Office waste,kg,88a6b14e-50d3-4d27-a107-da7bdbca7cb5,Unknown Composition: Office waste,N2O and CO2 are excluded,GHG_TOTAL_KGCO2_e,1.82515,Not quantified
"Purchased Electricity, Heat, and Steam",Purchased Electricity,Annual Averages,Electricity Used - 2010,kWh,1a772151-eea5-46c7-bf78-346b76aa9b34,Electricity Used - 2010,Unknown,GHG_CH4_KGCO2_e,0.00367289,Unknown
"Purchased Electricity, Heat, and Steam",Purchased Electricity,Annual Averages,Electricity Used - 2010,kWh,1a772151-eea5-46c7-bf78-346b76aa9b34,Electricity Used - 2010,Unknown,GHG_CO2_KGCO2_e,0.146708,Unknown
"Purchased Electricity, Heat, and Steam",Purchased Electricity,Annual Averages,Electricity Used - 2010,kWh,1a772151-eea5-46c7-bf78-346b76aa9b34,Electricity Used - 2010,Unknown,GHG_N2O_KGCO2_e,0.00017044,Unknown
"Purchased Electricity, Heat, and Steam",Purchased Electricity,Annual Averages,Electricity Used - 2010,kWh,1a772151-eea5-46c7-bf78-346b76aa9b34,Electricity Used - 2010,Unknown,GHG_TOTAL_KGCO2_e,0.150551,Unknown
"Purchased Electricity, Heat, and Steam",Purchased Electricity,Annual Averages,Electricity Used - 2011,kWh,e91095d0-a083-4b88-aea7-a859414a5ad0,Electricity Used - 2011,Unknown,GHG_CH4_KGCO2_e,0.00377322,Unknown
"Purchased Electricity, Heat, and Steam",Purchased Electricity,Annual Averages,Electricity Used - 2011,kWh,e91095d0-a083-4b88-aea7-a859414a5ad0,Electricity Used - 2011,Unknown,GHG_CO2_KGCO2_e,0.13476,Unknown
"Purchased Electricity, Heat, and Steam",Purchased Electricity,Annual Averages,Electricity Used - 2011,kWh,e91095d0-a083-4b88-aea7-a859414a5ad0,Electricity Used - 2011,Unknown,GHG_N2O_KGCO2_e,0.000187115,Unknown
"Purchased Electricity, Heat, and Steam",Purchased Electricity,Annual Averages,Electricity Used - 2011,kWh,e91095d0-a083-4b88-aea7-a859414a5ad0,Electricity Used - 2011,Unknown,GHG_TOTAL_KGCO2_e,0.13872,Unknown
"Purchased Electricity, Heat, and Steam",Purchased Electricity,Annual Averages,Electricity Used - 2012,kWh,f8a37ac0-86af-4a5e-aeac-0706de27aa24,Electricity Used - 2012,Unknown,GHG_CH4_KGCO2_e,0.00398084,Unknown
"Purchased Electricity, Heat, and Steam",Purchased Electricity,Annual Averages,Electricity Used - 2012,kWh,f8a37ac0-86af-4a5e-aeac-0706de27aa24,Electricity Used - 2012,Unknown,GHG_CO2_KGCO2_e,0.168685,Unknown
"Purchased Electricity, Heat, and Steam",Purchased Electricity,Annual Averages,Electricity Used - 2012,kWh,f8a37ac0-86af-4a5e-aeac-0706de27aa24,Electricity Used - 2012,Unknown,GHG_N2O_KGCO2_e,0.000306438,Unknown
"Purchased Electricity, Heat, and Steam",Purchased Electricity,Annual Averages,Electricity Used - 2012,kWh,f8a37ac0-86af-4a5e-aeac-0706de27aa24,Electricity Used - 2012,Unknown,GHG_TOTAL_KGCO2_e,0.172972,Unknown
"Purchased Electricity, Heat, and Steam",Purchased Electricity,Annual Averages,Electricity Used - 2013,kWh,604cffe8-75ae-41fa-aa57-eb520d83537a,Electricity Used - 2013,Unknown,GHG_CH4_KGCO2_e,0.00422992,Unknown
"Purchased Electricity, Heat, and Steam",Purchased Electricity,Annual Averages,Electricity Used - 2013,kWh,604cffe8-75ae-41fa-aa57-eb520d83537a,Electricity Used - 2013,Unknown,GHG_CO2_KGCO2_e,0.141639,Unknown
"Purchased Electricity, Heat, and Steam",Purchased Electricity,Annual Averages,Electricity Used - 2013,kWh,604cffe8-75ae-41fa-aa57-eb520d83537a,Electricity Used - 2013,Unknown,GHG_N2O_KGCO2_e,0.000202257,Unknown
"Purchased Electricity, Heat, and Steam",Purchased Electricity,Annual Averages,Electricity Used - 2013,kWh,604cffe8-75ae-41fa-aa57-eb520d83537a,Electricity Used - 2013,Unknown,GHG_TOTAL_KGCO2_e,0.146071,Unknown
"Purchased Electricity, Heat, and Steam",Purchased Electricity,Annual Averages,Electricity Used - 2014,kWh,42c0d563-1a0a-40ae-aa19-09955f00ebcd,Electricity Used - 2014,Unknown,GHG_CH4_KGCO2_e,0.00432532,Unknown
"Purchased Electricity, Heat, and Steam",Purchased Electricity,Annual Averages,Electricity Used - 2014,kWh,42c0d563-1a0a-40ae-aa19-09955f00ebcd,Electricity Used - 2014,Unknown,GHG_CO2_KGCO2_e,0.117495,Unknown
"Purchased Electricity, Heat, and Steam",Purchased Electricity,Annual Averages,Electricity Used - 2014,kWh,42c0d563-1a0a-40ae-aa19-09955f00ebcd,Electricity Used - 2014,Unknown,GHG_N2O_KGCO2_e,0.000155005,Unknown
"Purchased Electricity, Heat, and Steam",Purchased Electricity,Annual Averages,Electricity Used - 2014,kWh,42c0d563-1a0a-40ae-aa19-09955f00ebcd,Electricity Used - 2014,Unknown,GHG_TOTAL_KGCO2_e,0.121976,Unknown
"Purchased Electricity, Heat, and Steam",Purchased Electricity,Annual Averages,Electricity Used - 2015,kWh,1c75f3cd-69ab-4f2b-aba6-ce839f9ec748,Electricity Used - 2015,Unknown,GHG_CH4_KGCO2_e,0.00453395,Unknown
"Purchased Electricity, Heat, and Steam",Purchased Electricity,Annual Averages,Electricity Used - 2015,kWh,1c75f3cd-69ab-4f2b-aba6-ce839f9ec748,Electricity Used - 2015,Unknown,GHG_CO2_KGCO2_e,0.112041,Unknown
"Purchased Electricity, Heat, and Steam",Purchased Electricity,Annual Averages,Electricity Used - 2015,kWh,1c75f3cd-69ab-4f2b-aba6-ce839f9ec748,Electricity Used - 2015,Unknown,GHG_N2O_KGCO2_e,0.000140686,Unknown
"Purchased Electricity, Heat, and Steam",Purchased Electricity,Annual Averages,Electricity Used - 2015,kWh,1c75f3cd-69ab-4f2b-aba6-ce839f9ec748,Electricity Used - 2015,Unknown,GHG_TOTAL_KGCO2_e,0.116715,Unknown
"Purchased Electricity, Heat, and Steam",Purchased Electricity,Annual Averages,Electricity Used - 2016,kWh,06a7484a-c72b-4ebb-94c3-3c4e88b4c91c,Electricity Used - 2016,Unknown,GHG_CH4_KGCO2_e,0.00411009,Unknown
"Purchased Electricity, Heat, and Steam",Purchased Electricity,Annual Averages,Electricity Used - 2016,kWh,06a7484a-c72b-4ebb-94c3-3c4e88b4c91c,Electricity Used - 2016,Unknown,GHG_CO2_KGCO2_e,0.0873165,Unknown
"Purchased Electricity, Heat, and Steam",Purchased Electricity,Annual Averages,Electricity Used - 2016,kWh,06a7484a-c72b-4ebb-94c3-3c4e88b4c91c,Electricity Used - 2016,Unknown,GHG_N2O_KGCO2_e,0.0000730725,Unknown
"Purchased Electricity, Heat, and Steam",Purchased Electricity,Annual Averages,Electricity Used - 2016,kWh,06a7484a-c72b-4ebb-94c3-3c4e88b4c91c,Electricity Used - 2016,Unknown,GHG_TOTAL_KGCO2_e,0.0914997,Unknown
"Purchased Electricity, Heat, and Steam",Purchased Electricity,Annual Averages,Electricity Used - 2017,kWh,9858068a-7ca8-4acc-b0a3-a270e25adb35,Electricity Used - 2017,Unknown,GHG_CH4_KGCO2_e,0.00380078,Unknown
"Purchased Electricity, Heat, and Steam",Purchased Electricity,Annual Averages,Electricity Used - 2017,kWh,9858068a-7ca8-4acc-b0a3-a270e25adb35,Electricity Used - 2017,Unknown,GHG_CO2_KGCO2_e,0.0992181,Unknown
"Purchased Electricity, Heat, and Steam",Purchased Electricity,Annual Averages,Electricity Used - 2017,kWh,9858068a-7ca8-4acc-b0a3-a270e25adb35,Electricity Used - 2017,Unknown,GHG_N2O_KGCO2_e,0.0000856557,Unknown
"Purchased Electricity, Heat, and Steam",Purchased Electricity,Annual Averages,Electricity Used - 2017,kWh,9858068a-7ca8-4acc-b0a3-a270e25adb35,Electricity Used - 2017,Unknown,GHG_TOTAL_KGCO2_e,0.103105,Unknown
"Purchased Electricity, Heat, and Steam",Purchased Electricity,Annual Averages,Electricity Used - 2018,kWh,ce5a9b85-eb3f-4134-a788-44b920b77458,Electricity Used - 2018,Unknown,GHG_CH4_KGCO2_e,0.00340028,Unknown
"Purchased Electricity, Heat, and Steam",Purchased Electricity,Annual Averages,Electricity Used - 2018,kWh,ce5a9b85-eb3f-4134-a788-44b920b77458,Electricity Used - 2018,Unknown,GHG_CO2_KGCO2_e,0.0942051,Unknown
"Purchased Electricity, Heat, and Steam",Purchased Electricity,Annual Averages,Electricity Used - 2018,kWh,ce5a9b85-eb3f-4134-a788-44b920b77458,Electricity Used - 2018,Unknown,GHG_N2O_KGCO2_e,0.000120258,Unknown
"Purchased Electricity, Heat, and Steam",Purchased Electricity,Annual Averages,Electricity Used - 2018,kWh,ce5a9b85-eb3f-4134-a788-44b920b77458,Electricity Used - 2018,Unknown,GHG_TOTAL_KGCO2_e,0.0977256,Unknown
"Purchased Electricity, Heat, and Steam",Purchased Electricity,Annual Averages,Electricity Used - 2019,kWh,89ff2712-b345-4768-a23c-7afebe34a0e2,Electricity Used - 2019,Unknown,GHG_CH4_KGCO2_e,0.00303602,Unknown
"Purchased Electricity, Heat, and Steam",Purchased Electricity,Annual Averages,Electricity Used - 2019,kWh,89ff2712-b345-4768-a23c-7afebe34a0e2,Electricity Used - 2019,Unknown,GHG_CO2_KGCO2_e,0.107121,Unknown
"Purchased Electricity, Heat, and Steam",Purchased Electricity,Annual Averages,Electricity Used - 2019,kWh,89ff2712-b345-4768-a23c-7afebe34a0e2,Electricity Used - 2019,Unknown,GHG_N2O_KGCO2_e,0.000171851,Unknown
"Purchased Electricity, Heat, and Steam",Purchased Electricity,Annual Averages,Electricity Used - 2019,kWh,89ff2712-b345-4768-a23c-7afebe34a0e2,Electricity Used - 2019,Unknown,GHG_TOTAL_KGCO2_e,0.110329,Unknown
"Purchased Electricity, Heat, and Steam",Purchased Electricity,Annual Averages,Electricity Used - 2020,kWh,a4e5ec84-8509-4be4-a6fa-02a81ffe7fb9,Electricity Used - 2020,Unknown,GHG_CH4_KGCO2_e,0.00290034,Unknown
"Purchased Electricity, Heat, and Steam",Purchased Electricity,Annual Averages,Electricity Used - 2020,kWh,a4e5ec84-8509-4be4-a6fa-02a81ffe7fb9,Electricity Used - 2020,Unknown,GHG_CO2_KGCO2_e,0.118376,Unknown
"Purchased Electricity, Heat, and Steam",Purchased Electricity,Annual Averages,Electricity Used - 2020,kWh,a4e5ec84-8509-4be4-a6fa-02a81ffe7fb9,Electricity Used - 2020,Unknown,GHG_N2O_KGCO2_e,0.000191555,Unknown
"Purchased Electricity, Heat, and Steam",Purchased Electricity,Annual Averages,Electricity Used - 2020,kWh,a4e5ec84-8509-4be4-a6fa-02a81ffe7fb9,Electricity Used - 2020,Unknown,GHG_TOTAL_KGCO2_e,0.121468,Unknown
"Purchased Electricity, Heat, and Steam",Purchased Electricity,Annual Averages,Electricity Used - 2021,kWh,1174dc3e-94de-42be-a946-a1c3f16e9e6f,Electricity Used - 2021,Unknown,GHG_CH4_KGCO2_e,0.00282183,Unknown
"Purchased Electricity, Heat, and Steam",Purchased Electricity,Annual Averages,Electricity Used - 2021,kWh,1174dc3e-94de-42be-a946-a1c3f16e9e6f,Electricity Used - 2021,Unknown,GHG_CO2_KGCO2_e,0.120322,Unknown
"Purchased Electricity, Heat, and Steam",Purchased Electricity,Annual Averages,Electricity Used - 2021,kWh,1174dc3e-94de-42be-a946-a1c3f16e9e6f,Electricity Used - 2021,Unknown,GHG_N2O_KGCO2_e,0.000255036,Unknown
"Purchased Electricity, Heat, and Steam",Purchased Electricity,Annual Averages,Electricity Used - 2021,kWh,1174dc3e-94de-42be-a946-a1c3f16e9e6f,Electricity Used - 2021,Unknown,GHG_TOTAL_KGCO2_e,0.123399,Unknown
"Purchased Electricity, Heat, and Steam",Purchased Electricity,Annual Averages,Electricity Used - 2022,kWh,ffd5eb10-c7fb-468a-810a-e747932f8764,Electricity Used - 2022,Unknown,GHG_CH4_KGCO2_e,0.00275254,Unknown
"Purchased Electricity, Heat, and Steam",Purchased Electricity,Annual Averages,Electricity Used - 2022,kWh,ffd5eb10-c7fb-468a-810a-e747932f8764,Electricity Used - 2022,Unknown,GHG_CO2_KGCO2_e,0.0788813,Unknown
"Purchased Electricity, Heat, and Steam",Purchased Electricity,Annual Averages,Electricity Used - 2022,kWh,ffd5eb10-c7fb-468a-810a-e747932f8764,Electricity Used - 2022,Unknown,GHG_N2O_KGCO2_e,0.0000939435,Unknown
"Purchased Electricity, Heat, and Steam",Purchased Electricity,Annual Averages,Electricity Used - 2022,kWh,ffd5eb10-c7fb-468a-810a-e747932f8764,Electricity Used - 2022,Unknown,GHG_TOTAL_KGCO2_e,0.0817278,Unknown
"Purchased Electricity, Heat, and Steam",Purchased Electricity,Annual Averages,Electricity Used - 2023,kWh,0d4ea732-d68c-4cf4-8bc4-d87dd400276a,Electricity Used - 2023,Unknown,GHG_CH4_KGCO2_e,0.00243148,Unknown
"Purchased Electricity, Heat, and Steam",Purchased Electricity,Annual Averages,Electricity Used - 2023,kWh,0d4ea732-d68c-4cf4-8bc4-d87dd400276a,Electricity Used - 2023,Unknown,GHG_CO2_KGCO2_e,0.074061,Unknown
"Purchased Electricity, Heat, and Steam",Purchased Electricity,Annual Averages,Electricity Used - 2023,kWh,0d4ea732-d68c-4cf4-8bc4-d87dd400276a,Electricity Used - 2023,Unknown,GHG_N2O_KGCO2_e,0.0000762189,Unknown
"Purchased Electricity, Heat, and Steam",Purchased Electricity,Annual Averages,Electricity Used - 2023,kWh,0d4ea732-d68c-4cf4-8bc4-d87dd400276a,Electricity Used - 2023,Unknown,GHG_TOTAL_KGCO2_e,0.0765687,Unknown
"Purchased Electricity, Heat, and Steam",Purchased Electricity,Annual Averages,Electricity Used - 2024,kWh,f7ac7b2f-5ada-453b-ac64-1796ae2989bb,Electricity Used - 2024,Unknown,GHG_CH4_KGCO2_e,0.00239406,Unknown
"Purchased Electricity, Heat, and Steam",Purchased Electricity,Annual Averages,Electricity Used - 2024,kWh,f7ac7b2f-5ada-453b-ac64-1796ae2989bb,Electricity Used - 2024,Unknown,GHG_CO2_KGCO2_e,0.096777,Unknown
"Purchased Electricity, Heat, and Steam",Purchased Electricity,Annual Averages,Electricity Used - 2024,kWh,f7ac7b2f-5ada-453b-ac64-1796ae2989bb,Electricity Used - 2024,Unknown,GHG_N2O_KGCO2_e,0.000188616,Unknown
"Purchased Electricity, Heat, and Steam",Purchased Electricity,Annual Averages,Electricity Used - 2024,kWh,f7ac7b2f-5ada-453b-ac64-1796ae2989bb,Electricity Used - 2024,Unknown,GHG_TOTAL_KGCO2_e,0.0993596,Unknown
"Purchased Electricity, Heat, and Steam",Purchased Electricity,Annual Averages,Electricity Used - 2025,kWh,018bd3c4-7fd3-4860-a416-9d7c42aa538b,Electricity Used - 2025,Unknown,GHG_CH4_KGCO2_e,0.00240719,Unknown
"Purchased Electricity, Heat, and Steam",Purchased Electricity,Annual Averages,Electricity Used - 2025,kWh,018bd3c4-7fd3-4860-a416-9d7c42aa538b,Electricity Used - 2025,Unknown,GHG_CO2_KGCO2_e,0.0761325,Unknown
"Purchased Electricity, Heat, and Steam",Purchased Electricity,Annual Averages,Electricity Used - 2025,kWh,018bd3c4-7fd3-4860-a416-9d7c42aa538b,Electricity Used - 2025,Unknown,GHG_N2O_KGCO2_e,0.000122795,Unknown
"Purchased Electricity, Heat, and Steam",Purchased Electricity,Annual Averages,Electricity Used - 2025,kWh,018bd3c4-7fd3-4860-a416-9d7c42aa538b,Electricity Used - 2025,Unknown,GHG_TOTAL_KGCO2_e,0.0786625,Unknown
"Purchased Electricity, Heat, and Steam",Purchased Electricity,Quarterly Averages,Electricity Used - Dec-2023,kWh,cb7414ab-9ee8-4a8d-916e-6006c876c190,Electricity Used - Dec-2023,Unknown,GHG_CH4_KGCO2_e,0.00259396,Unknown
"Purchased Electricity, Heat, and Steam",Purchased Electricity,Quarterly Averages,Electricity Used - Dec-2023,kWh,cb7414ab-9ee8-4a8d-916e-6006c876c190,Electricity Used - Dec-2023,Unknown,GHG_CO2_KGCO2_e,0.0715502,Unknown
"Purchased Electricity, Heat, and Steam",Purchased Electricity,Quarterly Averages,Electricity Used - Dec-2023,kWh,cb7414ab-9ee8-4a8d-916e-6006c876c190,Electricity Used - Dec-2023,Unknown,GHG_N2O_KGCO2_e,0.000116933,Unknown
"Purchased Electricity, Heat, and Steam",Purchased Electricity,Quarterly Averages,Electricity Used - Dec-2023,kWh,cb7414ab-9ee8-4a8d-916e-6006c876c190,Electricity Used - Dec-2023,Unknown,GHG_TOTAL_KGCO2_e,0.0742611,Unknown
"Purchased Electricity, Heat, and Steam",Purchased Electricity,Quarterly Averages,Electricity Used - Dec-2024,kWh,7c280459-ed9a-4824-b497-3c29623c0bc1,Electricity Used - Dec-2024,Unknown,GHG_CH4_KGCO2_e,0.00243034,Unknown
"Purchased Electricity, Heat, and Steam",Purchased Electricity,Quarterly Averages,Electricity Used - Dec-2024,kWh,7c280459-ed9a-4824-b497-3c29623c0bc1,Electricity Used - Dec-2024,Unknown,GHG_CO2_KGCO2_e,0.0358888,Unknown
"Purchased Electricity, Heat, and Steam",Purchased Electricity,Quarterly Averages,Electricity Used - Dec-2024,kWh,7c280459-ed9a-4824-b497-3c29623c0bc1,Electricity Used - Dec-2024,Unknown,GHG_N2O_KGCO2_e,0.000018561,Unknown
"Purchased Electricity, Heat, and Steam",Purchased Electricity,Quarterly Averages,Electricity Used - Dec-2024,kWh,7c280459-ed9a-4824-b497-3c29623c0bc1,Electricity Used - Dec-2024,Unknown,GHG_TOTAL_KGCO2_e,0.0383377,Unknown
"Purchased Electricity, Heat, and Steam",Purchased Electricity,Quarterly Averages,Electricity Used - Dec-2025,kWh,b7e53ea7-497d-4ef0-8800-257e3f4b9774,Electricity Used - Dec-2025,Unknown,GHG_CH4_KGCO2_e,0.00223889,Unknown
"Purchased Electricity, Heat, and Steam",Purchased Electricity,Quarterly Averages,Electricity Used - Dec-2025,kWh,b7e53ea7-497d-4ef0-8800-257e3f4b9774,Electricity Used - Dec-2025,Unknown,GHG_CO2_KGCO2_e,0.025013,Unknown
"Purchased Electricity, Heat, and Steam",Purchased Electricity,Quarterly Averages,Electricity Used - Dec-2025,kWh,b7e53ea7-497d-4ef0-8800-257e3f4b9774,Electricity Used - Dec-2025,Unknown,GHG_N2O_KGCO2_e,0.0000135055,Unknown
"Purchased Electricity, Heat, and Steam",Purchased Electricity,Quarterly Averages,Electricity Used - Dec-2025,kWh,b7e53ea7-497d-4ef0-8800-257e3f4b9774,Electricity Used - Dec-2025,Unknown,GHG_TOTAL_KGCO2_e,0.0272654,Unknown
"Purchased Electricity, Heat, and Steam",Purchased Electricity,Quarterly Averages,Electricity Used - Jun-2023,kWh,20229981-c487-4038-a816-d1770076f380,Electricity Used - Jun-2023,Unknown,GHG_CH4_KGCO2_e,0.00207736,Unknown
"Purchased Electricity, Heat, and Steam",Purchased Electricity,Quarterly Averages,Electricity Used - Jun-2023,kWh,20229981-c487-4038-a816-d1770076f380,Electricity Used - Jun-2023,Unknown,GHG_CO2_KGCO2_e,0.0508473,Unknown
"Purchased Electricity, Heat, and Steam",Purchased Electricity,Quarterly Averages,Electricity Used - Jun-2023,kWh,20229981-c487-4038-a816-d1770076f380,Electricity Used - Jun-2023,Unknown,GHG_N2O_KGCO2_e,0.0000250221,Unknown
"Purchased Electricity, Heat, and Steam",Purchased Electricity,Quarterly Averages,Electricity Used - Jun-2023,kWh,20229981-c487-4038-a816-d1770076f380,Electricity Used - Jun-2023,Unknown,GHG_TOTAL_KGCO2_e,0.0529497,Unknown
"Purchased Electricity, Heat, and Steam",Purchased Electricity,Quarterly Averages,Electricity Used - Jun-2024,kWh,ea245fc4-09fe-43d3-b14b-7e5eda23a2f2,Electricity Used - Jun-2024,Unknown,GHG_CH4_KGCO2_e,0.00229824,Unknown
"Purchased Electricity, Heat, and Steam",Purchased Electricity,Quarterly Averages,Electricity Used - Jun-2024,kWh,ea245fc4-09fe-43d3-b14b-7e5eda23a2f2,Electricity Used - Jun-2024,Unknown,GHG_CO2_KGCO2_e,0.131975,Unknown
"Purchased Electricity, Heat, and Steam",Purchased Electricity,Quarterly Averages,Electricity Used - Jun-2024,kWh,ea245fc4-09fe-43d3-b14b-7e5eda23a2f2,Electricity Used - Jun-2024,Unknown,GHG_N2O_KGCO2_e,0.000314382,Unknown
"Purchased Electricity, Heat, and Steam",Purchased Electricity,Quarterly Averages,Electricity Used - Jun-2024,kWh,ea245fc4-09fe-43d3-b14b-7e5eda23a2f2,Electricity Used - Jun-2024,Unknown,GHG_TOTAL_KGCO2_e,0.134587,Unknown
"Purchased Electricity, Heat, and Steam",Purchased Electricity,Quarterly Averages,Electricity Used - Jun-2025,kWh,600f0bcf-1a42-40ec-a3e7-180d49f4845d,Electricity Used - Jun-2025,Unknown,GHG_CH4_KGCO2_e,0.00230793,Unknown
"Purchased Electricity, Heat, and Steam",Purchased Electricity,Quarterly Averages,Electricity Used - Jun-2025,kWh,600f0bcf-1a42-40ec-a3e7-180d49f4845d,Electricity Used - Jun-2025,Unknown,GHG_CO2_KGCO2_e,0.105982,Unknown
"Purchased Electricity, Heat, and Steam",Purchased Electricity,Quarterly Averages,Electricity Used - Jun-2025,kWh,600f0bcf-1a42-40ec-a3e7-180d49f4845d,Electricity Used - Jun-2025,Unknown,GHG_N2O_KGCO2_e,0.000202353,Unknown
"Purchased Electricity, Heat, and Steam",Purchased Electricity,Quarterly Averages,Electricity Used - Jun-2025,kWh,600f0bcf-1a42-40ec-a3e7-180d49f4845d,Electricity Used - Jun-2025,Unknown,GHG_TOTAL_KGCO2_e,0.108492,Unknown
"Purchased Electricity, Heat, and Steam",Purchased Electricity,Quarterly Averages,Electricity Used - Mar-2023,kWh,c9f0bf94-6da3-44c5-ad73-38d578569079,Electricity Used - Mar-2023,Unknown,GHG_CH4_KGCO2_e,0.00261876,Unknown
"Purchased Electricity, Heat, and Steam",Purchased Electricity,Quarterly Averages,Electricity Used - Mar-2023,kWh,c9f0bf94-6da3-44c5-ad73-38d578569079,Electricity Used - Mar-2023,Unknown,GHG_CO2_KGCO2_e,0.0740866,Unknown
"Purchased Electricity, Heat, and Steam",Purchased Electricity,Quarterly Averages,Electricity Used - Mar-2023,kWh,c9f0bf94-6da3-44c5-ad73-38d578569079,Electricity Used - Mar-2023,Unknown,GHG_N2O_KGCO2_e,0.000055305,Unknown
"Purchased Electricity, Heat, and Steam",Purchased Electricity,Quarterly Averages,Electricity Used - Mar-2023,kWh,c9f0bf94-6da3-44c5-ad73-38d578569079,Electricity Used - Mar-2023,Unknown,GHG_TOTAL_KGCO2_e,0.0767607,Unknown
"Purchased Electricity, Heat, and Steam",Purchased Electricity,Quarterly Averages,Electricity Used - Mar-2024,kWh,e956f060-1c00-408d-93c7-cd55f476c8b0,Electricity Used - Mar-2024,Unknown,GHG_CH4_KGCO2_e,0.00235738,Unknown
"Purchased Electricity, Heat, and Steam",Purchased Electricity,Quarterly Averages,Electricity Used - Mar-2024,kWh,e956f060-1c00-408d-93c7-cd55f476c8b0,Electricity Used - Mar-2024,Unknown,GHG_CO2_KGCO2_e,0.0855611,Unknown
"Purchased Electricity, Heat, and Steam",Purchased Electricity,Quarterly Averages,Electricity Used - Mar-2024,kWh,e956f060-1c00-408d-93c7-cd55f476c8b0,Electricity Used - Mar-2024,Unknown,GHG_N2O_KGCO2_e,0.000111765,Unknown
"Purchased Electricity, Heat, and Steam",Purchased Electricity,Quarterly Averages,Electricity Used - Mar-2024,kWh,e956f060-1c00-408d-93c7-cd55f476c8b0,Electricity Used - Mar-2024,Unknown,GHG_TOTAL_KGCO2_e,0.0880302,Unknown
"Purchased Electricity, Heat, and Steam",Purchased Electricity,Quarterly Averages,Electricity Used - Mar-2025,kWh,c2f0559f-4864-49f1-9521-9018ecdc53f2,Electricity Used - Mar-2025,Unknown,GHG_CH4_KGCO2_e,0.00273997,Unknown
"Purchased Electricity, Heat, and Steam",Purchased Electricity,Quarterly Averages,Electricity Used - Mar-2025,kWh,c2f0559f-4864-49f1-9521-9018ecdc53f2,Electricity Used - Mar-2025,Unknown,GHG_CO2_KGCO2_e,0.112967,Unknown
"Purchased Electricity, Heat, and Steam",Purchased Electricity,Quarterly Averages,Electricity Used - Mar-2025,kWh,c2f0559f-4864-49f1-9521-9018ecdc53f2,Electricity Used - Mar-2025,Unknown,GHG_N2O_KGCO2_e,0.000205025,Unknown
"Purchased Electricity, Heat, and Steam",Purchased Electricity,Quarterly Averages,Electricity Used - Mar-2025,kWh,c2f0559f-4864-49f1-9521-9018ecdc53f2,Electricity Used - Mar-2025,Unknown,GHG_TOTAL_KGCO2_e,0.115912,Unknown
"Purchased Electricity, Heat, and Steam",Purchased Electricity,Quarterly Averages,Electricity Used - Sep-2023,kWh,fd7a22d6-eea8-4732-8130-1d5c002073fc,Electricity Used - Sep-2023,Unknown,GHG_CH4_KGCO2_e,0.00245478,Unknown
"Purchased Electricity, Heat, and Steam",Purchased Electricity,Quarterly Averages,Electricity Used - Sep-2023,kWh,fd7a22d6-eea8-4732-8130-1d5c002073fc,Electricity Used - Sep-2023,Unknown,GHG_CO2_KGCO2_e,0.0977978,Unknown
"Purchased Electricity, Heat, and Steam",Purchased Electricity,Quarterly Averages,Electricity Used - Sep-2023,kWh,fd7a22d6-eea8-4732-8130-1d5c002073fc,Electricity Used - Sep-2023,Unknown,GHG_N2O_KGCO2_e,0.00010526,Unknown
"Purchased Electricity, Heat, and Steam",Purchased Electricity,Quarterly Averages,Electricity Used - Sep-2023,kWh,fd7a22d6-eea8-4732-8130-1d5c002073fc,Electricity Used - Sep-2023,Unknown,GHG_TOTAL_KGCO2_e,0.100358,Unknown
"Purchased Electricity, Heat, and Steam",Purchased Electricity,Quarterly Averages,Electricity Used - Sep-2024,kWh,630300f9-4d05-480d-8ce5-82c304d4fa87,Electricity Used - Sep-2024,Unknown,GHG_CH4_KGCO2_e,0.00248778,Unknown
"Purchased Electricity, Heat, and Steam",Purchased Electricity,Quarterly Averages,Electricity Used - Sep-2024,kWh,630300f9-4d05-480d-8ce5-82c304d4fa87,Electricity Used - Sep-2024,Unknown,GHG_CO2_KGCO2_e,0.127607,Unknown
"Purchased Electricity, Heat, and Steam",Purchased Electricity,Quarterly Averages,Electricity Used - Sep-2024,kWh,630300f9-4d05-480d-8ce5-82c304d4fa87,Electricity Used - Sep-2024,Unknown,GHG_N2O_KGCO2_e,0.000289319,Unknown
"Purchased Electricity, Heat, and Steam",Purchased Electricity,Quarterly Averages,Electricity Used - Sep-2024,kWh,630300f9-4d05-480d-8ce5-82c304d4fa87,Electricity Used - Sep-2024,Unknown,GHG_TOTAL_KGCO2_e,0.130384,Unknown
"Purchased Electricity, Heat, and Steam",Purchased Electricity,Quarterly Averages,Electricity Used - Sep-2025,kWh,924d7513-7c6b-4b86-86e3-d3b55fb4fe89,Electricity Used - Sep-2025,Unknown,GHG_CH4_KGCO2_e,0.00237022,Unknown
"Purchased Electricity, Heat, and Steam",Purchased Electricity,Quarterly Averages,Electricity Used - Sep-2025,kWh,924d7513-7c6b-4b86-86e3-d3b55fb4fe89,Electricity Used - Sep-2025,Unknown,GHG_CO2_KGCO2_e,0.0639363,Unknown
"Purchased Electricity, Heat, and Steam",Purchased Electricity,Quarterly Averages,Electricity Used - Sep-2025,kWh,924d7513-7c6b-4b86-86e3-d3b55fb4fe89,Electricity Used - Sep-2025,Unknown,GHG_N2O_KGCO2_e,0.0000794735,Unknown
"Purchased Electricity, Heat, and Steam",Purchased Electricity,Quarterly Averages,Electricity Used - Sep-2025,kWh,924d7513-7c6b-4b86-86e3-d3b55fb4fe89,Electricity Used - Sep-2025,Unknown,GHG_TOTAL_KGCO2_e,0.066386,Unknown
"Purchased Electricity, Heat, and Steam",Transmission and distribution losses,Electricity Consumption,Electricity Used - 2012,kWh,8cc636df-96ad-4cb5-9e4e-14a03f760777,Electricity Used - 2012,Unknown,GHG_CH4_KGCO2_e,0.000300766,Unknown
"Purchased Electricity, Heat, and Steam",Transmission and distribution losses,Electricity Consumption,Electricity Used - 2012,kWh,8cc636df-96ad-4cb5-9e4e-14a03f760777,Electricity Used - 2012,Unknown,GHG_CO2_KGCO2_e,0.0127447,Unknown
"Purchased Electricity, Heat, and Steam",Transmission and distribution losses,Electricity Consumption,Electricity Used - 2012,kWh,8cc636df-96ad-4cb5-9e4e-14a03f760777,Electricity Used - 2012,Unknown,GHG_N2O_KGCO2_e,0.0000231524,Unknown
"Purchased Electricity, Heat, and Steam",Transmission and distribution losses,Electricity Consumption,Electricity Used - 2012,kWh,8cc636df-96ad-4cb5-9e4e-14a03f760777,Electricity Used - 2012,Unknown,GHG_TOTAL_KGCO2_e,0.0130686,Unknown
"Purchased Electricity, Heat, and Steam",Transmission and distribution losses,Electricity Consumption,Electricity Used - 2013,kWh,0e54bee1-22e3-4bd4-91d0-5a40d64dedf0,Electricity Used - 2013,Unknown,GHG_CH4_KGCO2_e,0.000312074,Unknown
"Purchased Electricity, Heat, and Steam",Transmission and distribution losses,Electricity Consumption,Electricity Used - 2013,kWh,0e54bee1-22e3-4bd4-91d0-5a40d64dedf0,Electricity Used - 2013,Unknown,GHG_CO2_KGCO2_e,0.0104498,Unknown
"Purchased Electricity, Heat, and Steam",Transmission and distribution losses,Electricity Consumption,Electricity Used - 2013,kWh,0e54bee1-22e3-4bd4-91d0-5a40d64dedf0,Electricity Used - 2013,Unknown,GHG_N2O_KGCO2_e,0.000014922,Unknown
"Purchased Electricity, Heat, and Steam",Transmission and distribution losses,Electricity Consumption,Electricity Used - 2013,kWh,0e54bee1-22e3-4bd4-91d0-5a40d64dedf0,Electricity Used - 2013,Unknown,GHG_TOTAL_KGCO2_e,0.0107768,Unknown
"Purchased Electricity, Heat, and Steam",Transmission and distribution losses,Electricity Consumption,Electricity Used - 2014,kWh,227a15c8-9299-4c0b-bb69-815e8c8b4071,Electricity Used - 2014,Unknown,GHG_CH4_KGCO2_e,0.000309127,Unknown
"Purchased Electricity, Heat, and Steam",Transmission and distribution losses,Electricity Consumption,Electricity Used - 2014,kWh,227a15c8-9299-4c0b-bb69-815e8c8b4071,Electricity Used - 2014,Unknown,GHG_CO2_KGCO2_e,0.00839728,Unknown
"Purchased Electricity, Heat, and Steam",Transmission and distribution losses,Electricity Consumption,Electricity Used - 2014,kWh,227a15c8-9299-4c0b-bb69-815e8c8b4071,Electricity Used - 2014,Unknown,GHG_N2O_KGCO2_e,0.0000110781,Unknown
"Purchased Electricity, Heat, and Steam",Transmission and distribution losses,Electricity Consumption,Electricity Used - 2014,kWh,227a15c8-9299-4c0b-bb69-815e8c8b4071,Electricity Used - 2014,Unknown,GHG_TOTAL_KGCO2_e,0.00871749,Unknown
"Purchased Electricity, Heat, and Steam",Transmission and distribution losses,Electricity Consumption,Electricity Used - 2015,kWh,79213373-ea24-499a-affb-f164f13e5b34,Electricity Used - 2015,Unknown,GHG_CH4_KGCO2_e,0.000322963,Unknown
"Purchased Electricity, Heat, and Steam",Transmission and distribution losses,Electricity Consumption,Electricity Used - 2015,kWh,79213373-ea24-499a-affb-f164f13e5b34,Electricity Used - 2015,Unknown,GHG_CO2_KGCO2_e,0.0079809,Unknown
"Purchased Electricity, Heat, and Steam",Transmission and distribution losses,Electricity Consumption,Electricity Used - 2015,kWh,79213373-ea24-499a-affb-f164f13e5b34,Electricity Used - 2015,Unknown,GHG_N2O_KGCO2_e,0.0000100214,Unknown
"Purchased Electricity, Heat, and Steam",Transmission and distribution losses,Electricity Consumption,Electricity Used - 2015,kWh,79213373-ea24-499a-affb-f164f13e5b34,Electricity Used - 2015,Unknown,GHG_TOTAL_KGCO2_e,0.00831389,Unknown
"Purchased Electricity, Heat, and Steam",Transmission and distribution losses,Electricity Consumption,Electricity Used - 2016,kWh,61f25ce3-839b-428a-b008-a1f9528f4def,Electricity Used - 2016,Unknown,GHG_CH4_KGCO2_e,0.000300527,Unknown
"Purchased Electricity, Heat, and Steam",Transmission and distribution losses,Electricity Consumption,Electricity Used - 2016,kWh,61f25ce3-839b-428a-b008-a1f9528f4def,Electricity Used - 2016,Unknown,GHG_CO2_KGCO2_e,0.00638452,Unknown
"Purchased Electricity, Heat, and Steam",Transmission and distribution losses,Electricity Consumption,Electricity Used - 2016,kWh,61f25ce3-839b-428a-b008-a1f9528f4def,Electricity Used - 2016,Unknown,GHG_N2O_KGCO2_e,0.00000534301,Unknown
"Purchased Electricity, Heat, and Steam",Transmission and distribution losses,Electricity Consumption,Electricity Used - 2016,kWh,61f25ce3-839b-428a-b008-a1f9528f4def,Electricity Used - 2016,Unknown,GHG_TOTAL_KGCO2_e,0.0066904,Unknown
"Purchased Electricity, Heat, and Steam",Transmission and distribution losses,Electricity Consumption,Electricity Used - 2017,kWh,ac129571-f592-4256-bb20-0ef87a2b528b,Electricity Used - 2017,Unknown,GHG_CH4_KGCO2_e,0.000276781,Unknown
"Purchased Electricity, Heat, and Steam",Transmission and distribution losses,Electricity Consumption,Electricity Used - 2017,kWh,ac129571-f592-4256-bb20-0ef87a2b528b,Electricity Used - 2017,Unknown,GHG_CO2_KGCO2_e,0.00722527,Unknown
"Purchased Electricity, Heat, and Steam",Transmission and distribution losses,Electricity Consumption,Electricity Used - 2017,kWh,ac129571-f592-4256-bb20-0ef87a2b528b,Electricity Used - 2017,Unknown,GHG_N2O_KGCO2_e,0.00000623763,Unknown
"Purchased Electricity, Heat, and Steam",Transmission and distribution losses,Electricity Consumption,Electricity Used - 2017,kWh,ac129571-f592-4256-bb20-0ef87a2b528b,Electricity Used - 2017,Unknown,GHG_TOTAL_KGCO2_e,0.00750829,Unknown
"Purchased Electricity, Heat, and Steam",Transmission and distribution losses,Electricity Consumption,Electricity Used - 2018,kWh,a6ee8158-7611-4700-8955-cf6f206d62f8,Electricity Used - 2018,Unknown,GHG_CH4_KGCO2_e,0.000246544,Unknown
"Purchased Electricity, Heat, and Steam",Transmission and distribution losses,Electricity Consumption,Electricity Used - 2018,kWh,a6ee8158-7611-4700-8955-cf6f206d62f8,Electricity Used - 2018,Unknown,GHG_CO2_KGCO2_e,0.00683052,Unknown
"Purchased Electricity, Heat, and Steam",Transmission and distribution losses,Electricity Consumption,Electricity Used - 2018,kWh,a6ee8158-7611-4700-8955-cf6f206d62f8,Electricity Used - 2018,Unknown,GHG_N2O_KGCO2_e,0.00000871956,Unknown
"Purchased Electricity, Heat, and Steam",Transmission and distribution losses,Electricity Consumption,Electricity Used - 2018,kWh,a6ee8158-7611-4700-8955-cf6f206d62f8,Electricity Used - 2018,Unknown,GHG_TOTAL_KGCO2_e,0.00708579,Unknown
"Purchased Electricity, Heat, and Steam",Transmission and distribution losses,Electricity Consumption,Electricity Used - 2019,kWh,510960ac-9023-46c8-88a6-c375d3423ab8,Electricity Used - 2019,Unknown,GHG_CH4_KGCO2_e,0.00022478,Unknown
"Purchased Electricity, Heat, and Steam",Transmission and distribution losses,Electricity Consumption,Electricity Used - 2019,kWh,510960ac-9023-46c8-88a6-c375d3423ab8,Electricity Used - 2019,Unknown,GHG_CO2_KGCO2_e,0.00793101,Unknown
"Purchased Electricity, Heat, and Steam",Transmission and distribution losses,Electricity Consumption,Electricity Used - 2019,kWh,510960ac-9023-46c8-88a6-c375d3423ab8,Electricity Used - 2019,Unknown,GHG_N2O_KGCO2_e,0.0000127234,Unknown
"Purchased Electricity, Heat, and Steam",Transmission and distribution losses,Electricity Consumption,Electricity Used - 2019,kWh,510960ac-9023-46c8-88a6-c375d3423ab8,Electricity Used - 2019,Unknown,GHG_TOTAL_KGCO2_e,0.00816851,Unknown
"Purchased Electricity, Heat, and Steam",Transmission and distribution losses,Electricity Consumption,Electricity Used - 2020,kWh,aa2a49e6-9eb6-4dee-a5ff-5b144d75c2ea,Electricity Used - 2020,Unknown,GHG_CH4_KGCO2_e,0.00021647,Unknown
"Purchased Electricity, Heat, and Steam",Transmission and distribution losses,Electricity Consumption,Electricity Used - 2020,kWh,aa2a49e6-9eb6-4dee-a5ff-5b144d75c2ea,Electricity Used - 2020,Unknown,GHG_CO2_KGCO2_e,0.00883512,Unknown
"Purchased Electricity, Heat, and Steam",Transmission and distribution losses,Electricity Consumption,Electricity Used - 2020,kWh,aa2a49e6-9eb6-4dee-a5ff-5b144d75c2ea,Electricity Used - 2020,Unknown,GHG_N2O_KGCO2_e,0.0000142969,Unknown
"Purchased Electricity, Heat, and Steam",Transmission and distribution losses,Electricity Consumption,Electricity Used - 2020,kWh,aa2a49e6-9eb6-4dee-a5ff-5b144d75c2ea,Electricity Used - 2020,Unknown,GHG_TOTAL_KGCO2_e,0.00906589,Unknown
"Purchased Electricity, Heat, and Steam",Transmission and distribution losses,Electricity Consumption,Electricity Used - 2021,kWh,9b5cc2ff-5f58-4ac2-a3b5-d55b232c8cae,Electricity Used - 2021,Unknown,GHG_CH4_KGCO2_e,0.000213298,Unknown
"Purchased Electricity, Heat, and Steam",Transmission and distribution losses,Electricity Consumption,Electricity Used - 2021,kWh,9b5cc2ff-5f58-4ac2-a3b5-d55b232c8cae,Electricity Used - 2021,Unknown,GHG_CO2_KGCO2_e,0.00909496,Unknown
"Purchased Electricity, Heat, and Steam",Transmission and distribution losses,Electricity Consumption,Electricity Used - 2021,kWh,9b5cc2ff-5f58-4ac2-a3b5-d55b232c8cae,Electricity Used - 2021,Unknown,GHG_N2O_KGCO2_e,0.0000192779,Unknown
"Purchased Electricity, Heat, and Steam",Transmission and distribution losses,Electricity Consumption,Electricity Used - 2021,kWh,9b5cc2ff-5f58-4ac2-a3b5-d55b232c8cae,Electricity Used - 2021,Unknown,GHG_TOTAL_KGCO2_e,0.00932754,Unknown
"Purchased Electricity, Heat, and Steam",Transmission and distribution losses,Electricity Consumption,Electricity Used - 2022,kWh,6d2bc869-c944-4f01-ad2e-03defb2a34fc,Electricity Used - 2022,Unknown,GHG_CH4_KGCO2_e,0.00020703,Unknown
"Purchased Electricity, Heat, and Steam",Transmission and distribution losses,Electricity Consumption,Electricity Used - 2022,kWh,6d2bc869-c944-4f01-ad2e-03defb2a34fc,Electricity Used - 2022,Unknown,GHG_CO2_KGCO2_e,0.005933,Unknown
"Purchased Electricity, Heat, and Steam",Transmission and distribution losses,Electricity Consumption,Electricity Used - 2022,kWh,6d2bc869-c944-4f01-ad2e-03defb2a34fc,Electricity Used - 2022,Unknown,GHG_N2O_KGCO2_e,0.00000706588,Unknown
"Purchased Electricity, Heat, and Steam",Transmission and distribution losses,Electricity Consumption,Electricity Used - 2022,kWh,6d2bc869-c944-4f01-ad2e-03defb2a34fc,Electricity Used - 2022,Unknown,GHG_TOTAL_KGCO2_e,0.00614709,Unknown
"Purchased Electricity, Heat, and Steam",Transmission and distribution losses,Electricity Consumption,Electricity Used - 2023,kWh,8afde764-9267-4d70-89f5-134b599c972a,Electricity Used - 2023,Unknown,GHG_CH4_KGCO2_e,0.000182162,Unknown
"Purchased Electricity, Heat, and Steam",Transmission and distribution losses,Electricity Consumption,Electricity Used - 2023,kWh,8afde764-9267-4d70-89f5-134b599c972a,Electricity Used - 2023,Unknown,GHG_CO2_KGCO2_e,0.00554851,Unknown
"Purchased Electricity, Heat, and Steam",Transmission and distribution losses,Electricity Consumption,Electricity Used - 2023,kWh,8afde764-9267-4d70-89f5-134b599c972a,Electricity Used - 2023,Unknown,GHG_N2O_KGCO2_e,0.00000571018,Unknown
"Purchased Electricity, Heat, and Steam",Transmission and distribution losses,Electricity Consumption,Electricity Used - 2023,kWh,8afde764-9267-4d70-89f5-134b599c972a,Electricity Used - 2023,Unknown,GHG_TOTAL_KGCO2_e,0.00573639,Unknown
"Purchased Electricity, Heat, and Steam",Transmission and distribution losses,Electricity Consumption,Electricity Used - 2024,kWh,ed8c8cbe-b33b-4e3c-ad3a-57f7b9fc2e27,Electricity Used - 2024,Unknown,GHG_CH4_KGCO2_e,0.000181273,Unknown
"Purchased Electricity, Heat, and Steam",Transmission and distribution losses,Electricity Consumption,Electricity Used - 2024,kWh,ed8c8cbe-b33b-4e3c-ad3a-57f7b9fc2e27,Electricity Used - 2024,Unknown,GHG_CO2_KGCO2_e,0.00732776,Unknown
"Purchased Electricity, Heat, and Steam",Transmission and distribution losses,Electricity Consumption,Electricity Used - 2024,kWh,ed8c8cbe-b33b-4e3c-ad3a-57f7b9fc2e27,Electricity Used - 2024,Unknown,GHG_N2O_KGCO2_e,0.0000142816,Unknown
"Purchased Electricity, Heat, and Steam",Transmission and distribution losses,Electricity Consumption,Electricity Used - 2024,kWh,ed8c8cbe-b33b-4e3c-ad3a-57f7b9fc2e27,Electricity Used - 2024,Unknown,GHG_TOTAL_KGCO2_e,0.00752331,Unknown
"Purchased Electricity, Heat, and Steam",Transmission and distribution losses,Electricity Consumption,Electricity Used - 2025,kWh,e74328eb-6469-438c-b574-35ab218c01a7,Electricity Used - 2025,Calculated using the latest observed T&D-to-purchased-electricity ratio because source T&D data for this year was not available.,GHG_CH4_KGCO2_e,0.000182268,Unknown
"Purchased Electricity, Heat, and Steam",Transmission and distribution losses,Electricity Consumption,Electricity Used - 2025,kWh,e74328eb-6469-438c-b574-35ab218c01a7,Electricity Used - 2025,Calculated using the latest observed T&D-to-purchased-electricity ratio because source T&D data for this year was not available.,GHG_CO2_KGCO2_e,0.0057646,Unknown
"Purchased Electricity, Heat, and Steam",Transmission and distribution losses,Electricity Consumption,Electricity Used - 2025,kWh,e74328eb-6469-438c-b574-35ab218c01a7,Electricity Used - 2025,Calculated using the latest observed T&D-to-purchased-electricity ratio because source T&D data for this year was not available.,GHG_N2O_KGCO2_e,0.00000929777,Unknown
"Purchased Electricity, Heat, and Steam",Transmission and distribution losses,Electricity Consumption,Electricity Used - 2025,kWh,e74328eb-6469-438c-b574-35ab218c01a7,Electricity Used - 2025,Calculated using the latest observed T&D-to-purchased-electricity ratio because source T&D data for this year was not available.,GHG_TOTAL_KGCO2_e,0.00595616,Unknown
Refrigerant and Other Gases,Medical Gases Use,Medical Gases (AR5 GWPs),Entonox - N2O/O2 (57.9/42.1),kg,4812e53c-573d-40bc-8063-fdb6c2be07e2,Entonox - N2O/O2 (57.9/42.1),,GHG_CO2_KGCO2_e,153.435,
Refrigerant and Other Gases,Medical Gases Use,Medical Gases (AR5 GWPs),Entonox - N2O/O2 (57.9/42.1),kg,4812e53c-573d-40bc-8063-fdb6c2be07e2,Entonox - N2O/O2 (57.9/42.1),,GHG_TOTAL_KGCO2_e,153.435,
Refrigerant and Other Gases,Medical Gases Use,Medical Gases (AR5 GWPs),HCFE-235da2 (Isoflurane) - CHF₂OCHClCF₃,kg,43f1239e-b588-487f-8108-0e428521f262,HCFE-235da2 (Isoflurane) - CHF₂OCHClCF₃,,GHG_CO2_KGCO2_e,491,
Refrigerant and Other Gases,Medical Gases Use,Medical Gases (AR5 GWPs),HCFE-235da2 (Isoflurane) - CHF₂OCHClCF₃,kg,43f1239e-b588-487f-8108-0e428521f262,HCFE-235da2 (Isoflurane) - CHF₂OCHClCF₃,,GHG_TOTAL_KGCO2_e,491,
Refrigerant and Other Gases,Medical Gases Use,Medical Gases (AR5 GWPs),HFE-236ea2 (Desflurane) - CHF₂OCHFCF₃,kg,42da1317-22b7-472f-b42c-dcf19a1b9519,HFE-236ea2 (Desflurane) - CHF₂OCHFCF₃,,GHG_CO2_KGCO2_e,1790,
Refrigerant and Other Gases,Medical Gases Use,Medical Gases (AR5 GWPs),HFE-236ea2 (Desflurane) - CHF₂OCHFCF₃,kg,42da1317-22b7-472f-b42c-dcf19a1b9519,HFE-236ea2 (Desflurane) - CHF₂OCHFCF₃,,GHG_TOTAL_KGCO2_e,1790,
Refrigerant and Other Gases,Medical Gases Use,Medical Gases (AR5 GWPs),HFE-347mmz1 (Sevoflurane) - (CF₃)₂CHOCH₂F,kg,989d3ef8-9bec-461b-afc2-f45a50939558,HFE-347mmz1 (Sevoflurane) - (CF₃)₂CHOCH₂F,,GHG_CO2_KGCO2_e,216,
Refrigerant and Other Gases,Medical Gases Use,Medical Gases (AR5 GWPs),HFE-347mmz1 (Sevoflurane) - (CF₃)₂CHOCH₂F,kg,989d3ef8-9bec-461b-afc2-f45a50939558,HFE-347mmz1 (Sevoflurane) - (CF₃)₂CHOCH₂F,,GHG_TOTAL_KGCO2_e,216,
Refrigerant and Other Gases,Refrigerant Use,Fluorinated Ethers,HCFE-235da2 (Isoflurane) - CHF₂OCHClCF₃,kg,d03aa695-2630-448c-b84c-c3d6293fcbd6,HCFE-235da2 (Isoflurane) - CHF₂OCHClCF₃,,GHG_CO2_KGCO2_e,491,
Refrigerant and Other Gases,Refrigerant Use,Fluorinated Ethers,HCFE-235da2 (Isoflurane) - CHF₂OCHClCF₃,kg,d03aa695-2630-448c-b84c-c3d6293fcbd6,HCFE-235da2 (Isoflurane) - CHF₂OCHClCF₃,,GHG_TOTAL_KGCO2_e,491,
Refrigerant and Other Gases,Refrigerant Use,Fluorinated Ethers,HFE-125 - CHF₂OCF₃,kg,ed83e2d5-306f-4649-b1d8-0eaeb3bb2a94,HFE-125 - CHF₂OCF₃,,GHG_CO2_KGCO2_e,12400,
Refrigerant and Other Gases,Refrigerant Use,Fluorinated Ethers,HFE-125 - CHF₂OCF₃,kg,ed83e2d5-306f-4649-b1d8-0eaeb3bb2a94,HFE-125 - CHF₂OCF₃,,GHG_TOTAL_KGCO2_e,12400,
Refrigerant and Other Gases,Refrigerant Use,Fluorinated Ethers,HFE-134 - CHF₂OCHF₂,kg,647f1c57-69a0-4e0b-a394-d15ab9f45e22,HFE-134 - CHF₂OCHF₂,,GHG_CO2_KGCO2_e,5560,
Refrigerant and Other Gases,Refrigerant Use,Fluorinated Ethers,HFE-134 - CHF₂OCHF₂,kg,647f1c57-69a0-4e0b-a394-d15ab9f45e22,HFE-134 - CHF₂OCHF₂,,GHG_TOTAL_KGCO2_e,5560,
Refrigerant and Other Gases,Refrigerant Use,Fluorinated Ethers,HFE-143a - CH₃OCF₃,kg,62f523c0-4ed5-4a1e-acd0-f7e82b0e2165,HFE-143a - CH₃OCF₃,,GHG_CO2_KGCO2_e,523,
Refrigerant and Other Gases,Refrigerant Use,Fluorinated Ethers,HFE-143a - CH₃OCF₃,kg,62f523c0-4ed5-4a1e-acd0-f7e82b0e2165,HFE-143a - CH₃OCF₃,,GHG_TOTAL_KGCO2_e,523,
Refrigerant and Other Gases,Refrigerant Use,Fluorinated Ethers,HFE-227ea - CF₃CHFOCF₃,kg,e726e5a1-9194-4b7e-bf60-e700dc269cf6,HFE-227ea - CF₃CHFOCF₃,,GHG_CO2_KGCO2_e,6450,
Refrigerant and Other Gases,Refrigerant Use,Fluorinated Ethers,HFE-227ea - CF₃CHFOCF₃,kg,e726e5a1-9194-4b7e-bf60-e700dc269cf6,HFE-227ea - CF₃CHFOCF₃,,GHG_TOTAL_KGCO2_e,6450,
Refrigerant and Other Gases,Refrigerant Use,Fluorinated Ethers,HFE-236ca12 (HG-10) - CHF₂OCF₂OCHF₂,kg,dc1bded1-a03c-4cb0-9bb7-03de943d476b,HFE-236ca12 (HG-10) - CHF₂OCF₂OCHF₂,,GHG_CO2_KGCO2_e,5350,
Refrigerant and Other Gases,Refrigerant Use,Fluorinated Ethers,HFE-236ca12 (HG-10) - CHF₂OCF₂OCHF₂,kg,dc1bded1-a03c-4cb0-9bb7-03de943d476b,HFE-236ca12 (HG-10) - CHF₂OCF₂OCHF₂,,GHG_TOTAL_KGCO2_e,5350,
Refrigerant and Other Gases,Refrigerant Use,Fluorinated Ethers,HFE-236ea2 - CHF₂OCHFCF₃,kg,9e1e2d77-fcaa-452c-87b5-206b9981dbbf,HFE-236ea2 - CHF₂OCHFCF₃,,GHG_CO2_KGCO2_e,1790,
Refrigerant and Other Gases,Refrigerant Use,Fluorinated Ethers,HFE-236ea2 - CHF₂OCHFCF₃,kg,9e1e2d77-fcaa-452c-87b5-206b9981dbbf,HFE-236ea2 - CHF₂OCHFCF₃,,GHG_TOTAL_KGCO2_e,1790,
Refrigerant and Other Gases,Refrigerant Use,Fluorinated Ethers,HFE-236fa - CF₃CH₂OCF₃,kg,c8ccd2d6-af04-4093-9bfd-172b5b648949,HFE-236fa - CF₃CH₂OCF₃,,GHG_CO2_KGCO2_e,979,
Refrigerant and Other Gases,Refrigerant Use,Fluorinated Ethers,HFE-236fa - CF₃CH₂OCF₃,kg,c8ccd2d6-af04-4093-9bfd-172b5b648949,HFE-236fa - CF₃CH₂OCF₃,,GHG_TOTAL_KGCO2_e,979,
Refrigerant and Other Gases,Refrigerant Use,Fluorinated Ethers,HFE-245cb2 - CH₃OCF₂CF₃,kg,c1e79841-58d7-4b9d-b280-979cf4ce54e9,HFE-245cb2 - CH₃OCF₂CF₃,,GHG_CO2_KGCO2_e,654,
Refrigerant and Other Gases,Refrigerant Use,Fluorinated Ethers,HFE-245cb2 - CH₃OCF₂CF₃,kg,c1e79841-58d7-4b9d-b280-979cf4ce54e9,HFE-245cb2 - CH₃OCF₂CF₃,,GHG_TOTAL_KGCO2_e,654,
Refrigerant and Other Gases,Refrigerant Use,Fluorinated Ethers,HFE-245fa1 - CHF₂CH₂OCF₃,kg,6bce6c79-0e91-47e0-859e-00741357fec0,HFE-245fa1 - CHF₂CH₂OCF₃,,GHG_CO2_KGCO2_e,828,
Refrigerant and Other Gases,Refrigerant Use,Fluorinated Ethers,HFE-245fa1 - CHF₂CH₂OCF₃,kg,6bce6c79-0e91-47e0-859e-00741357fec0,HFE-245fa1 - CHF₂CH₂OCF₃,,GHG_TOTAL_KGCO2_e,828,
Refrigerant and Other Gases,Refrigerant Use,Fluorinated Ethers,HFE-245fa2 - CHF₂OCH₂CF₃,kg,502916e7-00dc-4720-a867-4d311f98370c,HFE-245fa2 - CHF₂OCH₂CF₃,,GHG_CO2_KGCO2_e,812,
Refrigerant and Other Gases,Refrigerant Use,Fluorinated Ethers,HFE-245fa2 - CHF₂OCH₂CF₃,kg,502916e7-00dc-4720-a867-4d311f98370c,HFE-245fa2 - CHF₂OCH₂CF₃,,GHG_TOTAL_KGCO2_e,812,
Refrigerant and Other Gases,Refrigerant Use,Fluorinated Ethers,HFE-254cb2 - CH₃OCF₂CHF₂,kg,68d358f4-50fc-4333-8e55-108f20d7acb2,HFE-254cb2 - CH₃OCF₂CHF₂,,GHG_CO2_KGCO2_e,301,
Refrigerant and Other Gases,Refrigerant Use,Fluorinated Ethers,HFE-254cb2 - CH₃OCF₂CHF₂,kg,68d358f4-50fc-4333-8e55-108f20d7acb2,HFE-254cb2 - CH₃OCF₂CHF₂,,GHG_TOTAL_KGCO2_e,301,
Refrigerant and Other Gases,Refrigerant Use,Fluorinated Ethers,HFE-263fb2 - CF₃CH₂OCH₃,kg,a4a0ef2e-15b0-4f4f-b455-db74841fd0b0,HFE-263fb2 - CF₃CH₂OCH₃,,GHG_CO2_KGCO2_e,1,
Refrigerant and Other Gases,Refrigerant Use,Fluorinated Ethers,HFE-263fb2 - CF₃CH₂OCH₃,kg,a4a0ef2e-15b0-4f4f-b455-db74841fd0b0,HFE-263fb2 - CF₃CH₂OCH₃,,GHG_TOTAL_KGCO2_e,1,
Refrigerant and Other Gases,Refrigerant Use,Fluorinated Ethers,HFE-329mcc2 - CHF₂CF₂OCF₂CF₃,kg,c3de9e47-3ba5-4935-b4d9-ad0deacfbcdb,HFE-329mcc2 - CHF₂CF₂OCF₂CF₃,,GHG_CO2_KGCO2_e,3070,
Refrigerant and Other Gases,Refrigerant Use,Fluorinated Ethers,HFE-329mcc2 - CHF₂CF₂OCF₂CF₃,kg,c3de9e47-3ba5-4935-b4d9-ad0deacfbcdb,HFE-329mcc2 - CHF₂CF₂OCF₂CF₃,,GHG_TOTAL_KGCO2_e,3070,
Refrigerant and Other Gases,Refrigerant Use,Fluorinated Ethers,HFE-338mcf2 - CF₃CH₂OCF₂CF₃,kg,2c24343a-b317-4ecd-9112-569ca3931b83,HFE-338mcf2 - CF₃CH₂OCF₂CF₃,,GHG_CO2_KGCO2_e,929,
Refrigerant and Other Gases,Refrigerant Use,Fluorinated Ethers,HFE-338mcf2 - CF₃CH₂OCF₂CF₃,kg,2c24343a-b317-4ecd-9112-569ca3931b83,HFE-338mcf2 - CF₃CH₂OCF₂CF₃,,GHG_TOTAL_KGCO2_e,929,
Refrigerant and Other Gases,Refrigerant Use,Fluorinated Ethers,HFE-338pcc13 (HG-01) - CHF₂OCF₂CF₂OCHF₂,kg,389b2e47-4a61-48f8-acf4-3f85ad536eba,HFE-338pcc13 (HG-01) - CHF₂OCF₂CF₂OCHF₂,,GHG_CO2_KGCO2_e,2910,
Refrigerant and Other Gases,Refrigerant Use,Fluorinated Ethers,HFE-338pcc13 (HG-01) - CHF₂OCF₂CF₂OCHF₂,kg,389b2e47-4a61-48f8-acf4-3f85ad536eba,HFE-338pcc13 (HG-01) - CHF₂OCF₂CF₂OCHF₂,,GHG_TOTAL_KGCO2_e,2910,
Refrigerant and Other Gases,Refrigerant Use,Fluorinated Ethers,HFE-347mcc3 - CH₃OCF₂CF₂CF₃,kg,08da4bf1-7cdc-4aa4-9d32-b65fe23f24b1,HFE-347mcc3 - CH₃OCF₂CF₂CF₃,,GHG_CO2_KGCO2_e,530,
Refrigerant and Other Gases,Refrigerant Use,Fluorinated Ethers,HFE-347mcc3 - CH₃OCF₂CF₂CF₃,kg,08da4bf1-7cdc-4aa4-9d32-b65fe23f24b1,HFE-347mcc3 - CH₃OCF₂CF₂CF₃,,GHG_TOTAL_KGCO2_e,530,
Refrigerant and Other Gases,Refrigerant Use,Fluorinated Ethers,HFE-347mcf2 - CHF₂CH₂OCF₂CF₃,kg,5bd97818-809a-4d39-bf91-de73c421deb0,HFE-347mcf2 - CHF₂CH₂OCF₂CF₃,,GHG_CO2_KGCO2_e,854,
Refrigerant and Other Gases,Refrigerant Use,Fluorinated Ethers,HFE-347mcf2 - CHF₂CH₂OCF₂CF₃,kg,5bd97818-809a-4d39-bf91-de73c421deb0,HFE-347mcf2 - CHF₂CH₂OCF₂CF₃,,GHG_TOTAL_KGCO2_e,854,
Refrigerant and Other Gases,Refrigerant Use,Fluorinated Ethers,HFE-347pcf2 - CHF₂CF₂OCH₂CF₃,kg,dfe58cc1-c7a7-4519-9d76-1e0a0b9a7cf7,HFE-347pcf2 - CHF₂CF₂OCH₂CF₃,,GHG_CO2_KGCO2_e,889,
Refrigerant and Other Gases,Refrigerant Use,Fluorinated Ethers,HFE-347pcf2 - CHF₂CF₂OCH₂CF₃,kg,dfe58cc1-c7a7-4519-9d76-1e0a0b9a7cf7,HFE-347pcf2 - CHF₂CF₂OCH₂CF₃,,GHG_TOTAL_KGCO2_e,889,
Refrigerant and Other Gases,Refrigerant Use,Fluorinated Ethers,HFE-356mec3 - CH₃OCF₂CHFCF₃,kg,c636d2a9-df02-4506-8e19-f0ce0199708f,HFE-356mec3 - CH₃OCF₂CHFCF₃,,GHG_CO2_KGCO2_e,387,
Refrigerant and Other Gases,Refrigerant Use,Fluorinated Ethers,HFE-356mec3 - CH₃OCF₂CHFCF₃,kg,c636d2a9-df02-4506-8e19-f0ce0199708f,HFE-356mec3 - CH₃OCF₂CHFCF₃,,GHG_TOTAL_KGCO2_e,387,
Refrigerant and Other Gases,Refrigerant Use,Fluorinated Ethers,HFE-356pcc3 - CH₃OCF₂CF₂CHF₂,kg,973459af-00c5-4e0d-b295-752e24851be5,HFE-356pcc3 - CH₃OCF₂CF₂CHF₂,,GHG_CO2_KGCO2_e,413,
Refrigerant and Other Gases,Refrigerant Use,Fluorinated Ethers,HFE-356pcc3 - CH₃OCF₂CF₂CHF₂,kg,973459af-00c5-4e0d-b295-752e24851be5,HFE-356pcc3 - CH₃OCF₂CF₂CHF₂,,GHG_TOTAL_KGCO2_e,413,
Refrigerant and Other Gases,Refrigerant Use,Fluorinated Ethers,HFE-356pcf2 - CHF₂CH₂OCF₂CHF₂,kg,7e20a2ff-cb6e-4bd0-a97d-034f9bad22a7,HFE-356pcf2 - CHF₂CH₂OCF₂CHF₂,,GHG_CO2_KGCO2_e,719,
Refrigerant and Other Gases,Refrigerant Use,Fluorinated Ethers,HFE-356pcf2 - CHF₂CH₂OCF₂CHF₂,kg,7e20a2ff-cb6e-4bd0-a97d-034f9bad22a7,HFE-356pcf2 - CHF₂CH₂OCF₂CHF₂,,GHG_TOTAL_KGCO2_e,719,
Refrigerant and Other Gases,Refrigerant Use,Fluorinated Ethers,HFE-356pcf3 - CHF₂OCH₂CF₂CHF₂,kg,c1fea9a4-62d0-445d-a831-7e11f4a045b1,HFE-356pcf3 - CHF₂OCH₂CF₂CHF₂,,GHG_CO2_KGCO2_e,446,
Refrigerant and Other Gases,Refrigerant Use,Fluorinated Ethers,HFE-356pcf3 - CHF₂OCH₂CF₂CHF₂,kg,c1fea9a4-62d0-445d-a831-7e11f4a045b1,HFE-356pcf3 - CHF₂OCH₂CF₂CHF₂,,GHG_TOTAL_KGCO2_e,446,
Refrigerant and Other Gases,Refrigerant Use,Fluorinated Ethers,HFE-365mcf3 - CF₃CF₂CH₂OCH₃,kg,cf4c755e-404c-44ea-92a1-7571b1d87b3f,HFE-365mcf3 - CF₃CF₂CH₂OCH₃,,GHG_CO2_KGCO2_e,1,
Refrigerant and Other Gases,Refrigerant Use,Fluorinated Ethers,HFE-365mcf3 - CF₃CF₂CH₂OCH₃,kg,cf4c755e-404c-44ea-92a1-7571b1d87b3f,HFE-365mcf3 - CF₃CF₂CH₂OCH₃,,GHG_TOTAL_KGCO2_e,1,
Refrigerant and Other Gases,Refrigerant Use,Fluorinated Ethers,HFE-374pc2 - CHF₂CF₂OCH₂CH₃,kg,694c5788-ae1f-4ee1-a937-71a546bedfe3,HFE-374pc2 - CHF₂CF₂OCH₂CH₃,,GHG_CO2_KGCO2_e,627,
Refrigerant and Other Gases,Refrigerant Use,Fluorinated Ethers,HFE-374pc2 - CHF₂CF₂OCH₂CH₃,kg,694c5788-ae1f-4ee1-a937-71a546bedfe3,HFE-374pc2 - CHF₂CF₂OCH₂CH₃,,GHG_TOTAL_KGCO2_e,627,
Refrigerant and Other Gases,Refrigerant Use,Fluorinated Ethers,HFE-43-10pccc124 (H-Galden 1040x) - CHF₂OCF₂OC₂F₄OCHF₂,kg,d5dda2c3-f7d6-4692-a204-5c05750cb265,HFE-43-10pccc124 (H-Galden 1040x) - CHF₂OCF₂OC₂F₄OCHF₂,,GHG_CO2_KGCO2_e,2820,
Refrigerant and Other Gases,Refrigerant Use,Fluorinated Ethers,HFE-43-10pccc124 (H-Galden 1040x) - CHF₂OCF₂OC₂F₄OCHF₂,kg,d5dda2c3-f7d6-4692-a204-5c05750cb265,HFE-43-10pccc124 (H-Galden 1040x) - CHF₂OCF₂OC₂F₄OCHF₂,,GHG_TOTAL_KGCO2_e,2820,
Refrigerant and Other Gases,Refrigerant Use,Fluorinated Ethers,HFE-449sl (HFE-7100) - C₄F₉OCH₃,kg,3e744926-4e8a-48d3-b95c-337359036ef0,HFE-449sl (HFE-7100) - C₄F₉OCH₃,,GHG_CO2_KGCO2_e,421,
Refrigerant and Other Gases,Refrigerant Use,Fluorinated Ethers,HFE-449sl (HFE-7100) - C₄F₉OCH₃,kg,3e744926-4e8a-48d3-b95c-337359036ef0,HFE-449sl (HFE-7100) - C₄F₉OCH₃,,GHG_TOTAL_KGCO2_e,421,
Refrigerant and Other Gases,Refrigerant Use,Fluorinated Ethers,HFE-569sf2 (HFE-7200) - C₄F₉OC₂H₅,kg,f2355ad7-ff9b-427f-bff8-92d53187add3,HFE-569sf2 (HFE-7200) - C₄F₉OC₂H₅,,GHG_CO2_KGCO2_e,57,
Refrigerant and Other Gases,Refrigerant Use,Fluorinated Ethers,HFE-569sf2 (HFE-7200) - C₄F₉OC₂H₅,kg,f2355ad7-ff9b-427f-bff8-92d53187add3,HFE-569sf2 (HFE-7200) - C₄F₉OC₂H₅,,GHG_TOTAL_KGCO2_e,57,
Refrigerant and Other Gases,Refrigerant Use,Hydrocarbons and other compounds - Direct Effects,Chloroform - CHCl₃,kg,e0a6c5b1-da01-4595-ab74-bdca0d770e1c,Chloroform - CHCl₃,,GHG_CO2_KGCO2_e,16,
Refrigerant and Other Gases,Refrigerant Use,Hydrocarbons and other compounds - Direct Effects,Chloroform - CHCl₃,kg,e0a6c5b1-da01-4595-ab74-bdca0d770e1c,Chloroform - CHCl₃,,GHG_TOTAL_KGCO2_e,16,
Refrigerant and Other Gases,Refrigerant Use,Hydrocarbons and other compounds - Direct Effects,Dimethylether - CH₃OCH₃,kg,58c7a922-2cb0-4e8e-949b-eb8a6d520c7d,Dimethylether - CH₃OCH₃,,GHG_CO2_KGCO2_e,1,
Refrigerant and Other Gases,Refrigerant Use,Hydrocarbons and other compounds - Direct Effects,Dimethylether - CH₃OCH₃,kg,58c7a922-2cb0-4e8e-949b-eb8a6d520c7d,Dimethylether - CH₃OCH₃,,GHG_TOTAL_KGCO2_e,1,
Refrigerant and Other Gases,Refrigerant Use,Hydrocarbons and other compounds - Direct Effects,Halon-1201 - CHBrF₂,kg,28385b50-9360-44b1-ad3f-e3575d52f4e0,Halon-1201 - CHBrF₂,,GHG_CO2_KGCO2_e,376,
Refrigerant and Other Gases,Refrigerant Use,Hydrocarbons and other compounds - Direct Effects,Halon-1201 - CHBrF₂,kg,28385b50-9360-44b1-ad3f-e3575d52f4e0,Halon-1201 - CHBrF₂,,GHG_TOTAL_KGCO2_e,376,
Refrigerant and Other Gases,Refrigerant Use,Hydrocarbons and other compounds - Direct Effects,Methyl chloride - CH₃Cl,kg,3126462f-a09a-4416-ace0-841ff6d43b0e,Methyl chloride - CH₃Cl,,GHG_CO2_KGCO2_e,12,
Refrigerant and Other Gases,Refrigerant Use,Hydrocarbons and other compounds - Direct Effects,Methyl chloride - CH₃Cl,kg,3126462f-a09a-4416-ace0-841ff6d43b0e,Methyl chloride - CH₃Cl,,GHG_TOTAL_KGCO2_e,12,
Refrigerant and Other Gases,Refrigerant Use,Hydrocarbons and other compounds - Direct Effects,Methylene chloride - CH₂Cl₂,kg,95c544e7-6a1e-45bd-b90c-741586bda875,Methylene chloride - CH₂Cl₂,,GHG_CO2_KGCO2_e,9,
Refrigerant and Other Gases,Refrigerant Use,Hydrocarbons and other compounds - Direct Effects,Methylene chloride - CH₂Cl₂,kg,95c544e7-6a1e-45bd-b90c-741586bda875,Methylene chloride - CH₂Cl₂,,GHG_TOTAL_KGCO2_e,9,
Refrigerant and Other Gases,Refrigerant Use,Hydroflurocarbons,HFC-125 (R-125) - CHF₂CF₃,kg,13d7efef-ed69-4442-b26b-eb6ddd0e47b4,HFC-125 (R-125) - CHF₂CF₃,,GHG_CO2_KGCO2_e,3170,
Refrigerant and Other Gases,Refrigerant Use,Hydroflurocarbons,HFC-125 (R-125) - CHF₂CF₃,kg,13d7efef-ed69-4442-b26b-eb6ddd0e47b4,HFC-125 (R-125) - CHF₂CF₃,,GHG_TOTAL_KGCO2_e,3170,
Refrigerant and Other Gases,Refrigerant Use,Hydroflurocarbons,HFC-134 - CHF₂CHF₂,kg,e927b31b-901f-404d-9e2c-af4d2c3023df,HFC-134 - CHF₂CHF₂,,GHG_CO2_KGCO2_e,1120,
Refrigerant and Other Gases,Refrigerant Use,Hydroflurocarbons,HFC-134 - CHF₂CHF₂,kg,e927b31b-901f-404d-9e2c-af4d2c3023df,HFC-134 - CHF₂CHF₂,,GHG_TOTAL_KGCO2_e,1120,
Refrigerant and Other Gases,Refrigerant Use,Hydroflurocarbons,HFC-134a (R-134a) - CH₂FCF₃,kg,05905627-c683-4f00-b271-e719e2a306d8,HFC-134a (R-134a) - CH₂FCF₃,,GHG_CO2_KGCO2_e,1300,
Refrigerant and Other Gases,Refrigerant Use,Hydroflurocarbons,HFC-134a (R-134a) - CH₂FCF₃,kg,05905627-c683-4f00-b271-e719e2a306d8,HFC-134a (R-134a) - CH₂FCF₃,,GHG_TOTAL_KGCO2_e,1300,
Refrigerant and Other Gases,Refrigerant Use,Hydroflurocarbons,HFC-143 - CH₂FCHF₂,kg,fcbd8ac8-1aeb-477a-9839-831cfbc09930,HFC-143 - CH₂FCHF₂,,GHG_CO2_KGCO2_e,328,
Refrigerant and Other Gases,Refrigerant Use,Hydroflurocarbons,HFC-143 - CH₂FCHF₂,kg,fcbd8ac8-1aeb-477a-9839-831cfbc09930,HFC-143 - CH₂FCHF₂,,GHG_TOTAL_KGCO2_e,328,
Refrigerant and Other Gases,Refrigerant Use,Hydroflurocarbons,HFC-143a (R-143a) - CH₃CF₃,kg,146499ee-f9bf-4c9b-a7ce-623932495d0d,HFC-143a (R-143a) - CH₃CF₃,,GHG_CO2_KGCO2_e,4800,
Refrigerant and Other Gases,Refrigerant Use,Hydroflurocarbons,HFC-143a (R-143a) - CH₃CF₃,kg,146499ee-f9bf-4c9b-a7ce-623932495d0d,HFC-143a (R-143a) - CH₃CF₃,,GHG_TOTAL_KGCO2_e,4800,
Refrigerant and Other Gases,Refrigerant Use,Hydroflurocarbons,HFC-152 - CH₂FCH₂F,kg,c5089ed8-6232-44ea-afaf-685753d6ff8d,HFC-152 - CH₂FCH₂F,,GHG_CO2_KGCO2_e,16,
Refrigerant and Other Gases,Refrigerant Use,Hydroflurocarbons,HFC-152 - CH₂FCH₂F,kg,c5089ed8-6232-44ea-afaf-685753d6ff8d,HFC-152 - CH₂FCH₂F,,GHG_TOTAL_KGCO2_e,16,
Refrigerant and Other Gases,Refrigerant Use,Hydroflurocarbons,HFC-152a (R-152a) - CH₃CHF₂,kg,f28b8f8e-c193-4bb1-bb37-da66ce5de896,HFC-152a (R-152a) - CH₃CHF₂,,GHG_CO2_KGCO2_e,138,
Refrigerant and Other Gases,Refrigerant Use,Hydroflurocarbons,HFC-152a (R-152a) - CH₃CHF₂,kg,f28b8f8e-c193-4bb1-bb37-da66ce5de896,HFC-152a (R-152a) - CH₃CHF₂,,GHG_TOTAL_KGCO2_e,138,
Refrigerant and Other Gases,Refrigerant Use,Hydroflurocarbons,HFC-161 - CH₃CH₂F,kg,92f83f05-8a7b-4e99-8f80-fd5209ff29f3,HFC-161 - CH₃CH₂F,,GHG_CO2_KGCO2_e,4,
Refrigerant and Other Gases,Refrigerant Use,Hydroflurocarbons,HFC-161 - CH₃CH₂F,kg,92f83f05-8a7b-4e99-8f80-fd5209ff29f3,HFC-161 - CH₃CH₂F,,GHG_TOTAL_KGCO2_e,4,
Refrigerant and Other Gases,Refrigerant Use,Hydroflurocarbons,HFC-227ea (R-227ea) - CF₃CHFCF₃,kg,ee51098b-c022-4500-b135-0805fa4ffaf3,HFC-227ea (R-227ea) - CF₃CHFCF₃,,GHG_CO2_KGCO2_e,3350,
Refrigerant and Other Gases,Refrigerant Use,Hydroflurocarbons,HFC-227ea (R-227ea) - CF₃CHFCF₃,kg,ee51098b-c022-4500-b135-0805fa4ffaf3,HFC-227ea (R-227ea) - CF₃CHFCF₃,,GHG_TOTAL_KGCO2_e,3350,
Refrigerant and Other Gases,Refrigerant Use,Hydroflurocarbons,HFC-23 (R-23) - CHF₃,kg,4fe22aef-103c-491d-a58a-8f8805a9e391,HFC-23 (R-23) - CHF₃,,GHG_CO2_KGCO2_e,12400,
Refrigerant and Other Gases,Refrigerant Use,Hydroflurocarbons,HFC-23 (R-23) - CHF₃,kg,4fe22aef-103c-491d-a58a-8f8805a9e391,HFC-23 (R-23) - CHF₃,,GHG_TOTAL_KGCO2_e,12400,
Refrigerant and Other Gases,Refrigerant Use,Hydroflurocarbons,HFC-236cb - CH₂FCF₂CF₃,kg,d802ba98-d133-45e6-933a-3c782fc08b61,HFC-236cb - CH₂FCF₂CF₃,,GHG_CO2_KGCO2_e,1210,
Refrigerant and Other Gases,Refrigerant Use,Hydroflurocarbons,HFC-236cb - CH₂FCF₂CF₃,kg,d802ba98-d133-45e6-933a-3c782fc08b61,HFC-236cb - CH₂FCF₂CF₃,,GHG_TOTAL_KGCO2_e,1210,
Refrigerant and Other Gases,Refrigerant Use,Hydroflurocarbons,HFC-236ea - CHF₂CHFCF₃,kg,613db031-8b4b-4a3d-8691-f35491bb4be5,HFC-236ea - CHF₂CHFCF₃,,GHG_CO2_KGCO2_e,1330,
Refrigerant and Other Gases,Refrigerant Use,Hydroflurocarbons,HFC-236ea - CHF₂CHFCF₃,kg,613db031-8b4b-4a3d-8691-f35491bb4be5,HFC-236ea - CHF₂CHFCF₃,,GHG_TOTAL_KGCO2_e,1330,
Refrigerant and Other Gases,Refrigerant Use,Hydroflurocarbons,HFC-236fa (R-236fa) - CF₃CH₂CF₃,kg,558c0667-9c27-4193-8d20-a2d118fc403d,HFC-236fa (R-236fa) - CF₃CH₂CF₃,,GHG_CO2_KGCO2_e,8060,
Refrigerant and Other Gases,Refrigerant Use,Hydroflurocarbons,HFC-236fa (R-236fa) - CF₃CH₂CF₃,kg,558c0667-9c27-4193-8d20-a2d118fc403d,HFC-236fa (R-236fa) - CF₃CH₂CF₃,,GHG_TOTAL_KGCO2_e,8060,
Refrigerant and Other Gases,Refrigerant Use,Hydroflurocarbons,HFC-245ca - CH₂FCF₂CHF₂,kg,e5c51816-0309-4cc6-a4b1-d9d5ea7608d8,HFC-245ca - CH₂FCF₂CHF₂,,GHG_CO2_KGCO2_e,716,
Refrigerant and Other Gases,Refrigerant Use,Hydroflurocarbons,HFC-245ca - CH₂FCF₂CHF₂,kg,e5c51816-0309-4cc6-a4b1-d9d5ea7608d8,HFC-245ca - CH₂FCF₂CHF₂,,GHG_TOTAL_KGCO2_e,716,
Refrigerant and Other Gases,Refrigerant Use,Hydroflurocarbons,HFC-245fa (R-245fa) - CHF₂CH₂CF₃,kg,05f4c495-a9b6-4cc4-939b-9f56bd1d6885,HFC-245fa (R-245fa) - CHF₂CH₂CF₃,,GHG_CO2_KGCO2_e,858,
Refrigerant and Other Gases,Refrigerant Use,Hydroflurocarbons,HFC-245fa (R-245fa) - CHF₂CH₂CF₃,kg,05f4c495-a9b6-4cc4-939b-9f56bd1d6885,HFC-245fa (R-245fa) - CHF₂CH₂CF₃,,GHG_TOTAL_KGCO2_e,858,
Refrigerant and Other Gases,Refrigerant Use,Hydroflurocarbons,HFC-32 (R-32) - CH₂F₂,kg,1b08d601-e56f-415b-a668-6294ab8c07bf,HFC-32 (R-32) - CH₂F₂,,GHG_CO2_KGCO2_e,677,
Refrigerant and Other Gases,Refrigerant Use,Hydroflurocarbons,HFC-32 (R-32) - CH₂F₂,kg,1b08d601-e56f-415b-a668-6294ab8c07bf,HFC-32 (R-32) - CH₂F₂,,GHG_TOTAL_KGCO2_e,677,
Refrigerant and Other Gases,Refrigerant Use,Hydroflurocarbons,HFC-365mfc (R-365mfc) - CH₃CF₂CH₂CF₃,kg,40937052-f867-453a-bab2-feca1475d05b,HFC-365mfc (R-365mfc) - CH₃CF₂CH₂CF₃,,GHG_CO2_KGCO2_e,804,
Refrigerant and Other Gases,Refrigerant Use,Hydroflurocarbons,HFC-365mfc (R-365mfc) - CH₃CF₂CH₂CF₃,kg,40937052-f867-453a-bab2-feca1475d05b,HFC-365mfc (R-365mfc) - CH₃CF₂CH₂CF₃,,GHG_TOTAL_KGCO2_e,804,
Refrigerant and Other Gases,Refrigerant Use,Hydroflurocarbons,HFC-41 - CH₃F,kg,6ee724bf-f013-4789-b2d8-d0dad5f9fc8f,HFC-41 - CH₃F,,GHG_CO2_KGCO2_e,116,
Refrigerant and Other Gases,Refrigerant Use,Hydroflurocarbons,HFC-41 - CH₃F,kg,6ee724bf-f013-4789-b2d8-d0dad5f9fc8f,HFC-41 - CH₃F,,GHG_TOTAL_KGCO2_e,116,
Refrigerant and Other Gases,Refrigerant Use,Hydroflurocarbons,HFC-43-10mee - CF₃CHFCHFCF₂CF₃,kg,69949e3f-8bd3-434c-8938-6c5ab59646f8,HFC-43-10mee - CF₃CHFCHFCF₂CF₃,,GHG_CO2_KGCO2_e,1650,
Refrigerant and Other Gases,Refrigerant Use,Hydroflurocarbons,HFC-43-10mee - CF₃CHFCHFCF₂CF₃,kg,69949e3f-8bd3-434c-8938-6c5ab59646f8,HFC-43-10mee - CF₃CHFCHFCF₂CF₃,,GHG_TOTAL_KGCO2_e,1650,
Refrigerant and Other Gases,Refrigerant Use,Medical Gases (AR5 GWPs),Entonox - N2O/O2 (57.9/42.1),kg,4812e53c-573d-40bc-8063-fdb6c2be07e2,Entonox - N2O/O2 (57.9/42.1),,GHG_CO2_KGCO2_e,153.435,
Refrigerant and Other Gases,Refrigerant Use,Medical Gases (AR5 GWPs),Entonox - N2O/O2 (57.9/42.1),kg,4812e53c-573d-40bc-8063-fdb6c2be07e2,Entonox - N2O/O2 (57.9/42.1),,GHG_TOTAL_KGCO2_e,153.435,
Refrigerant and Other Gases,Refrigerant Use,Medical Gases (AR5 GWPs),HCFE-235da2 (Isoflurane) - CHF₂OCHClCF₃,kg,43f1239e-b588-487f-8108-0e428521f262,HCFE-235da2 (Isoflurane) - CHF₂OCHClCF₃,,GHG_CO2_KGCO2_e,491,
Refrigerant and Other Gases,Refrigerant Use,Medical Gases (AR5 GWPs),HCFE-235da2 (Isoflurane) - CHF₂OCHClCF₃,kg,43f1239e-b588-487f-8108-0e428521f262,HCFE-235da2 (Isoflurane) - CHF₂OCHClCF₃,,GHG_TOTAL_KGCO2_e,491,
Refrigerant and Other Gases,Refrigerant Use,Medical Gases (AR5 GWPs),HFE-236ea2 (Desflurane) - CHF₂OCHFCF₃,kg,42da1317-22b7-472f-b42c-dcf19a1b9519,HFE-236ea2 (Desflurane) - CHF₂OCHFCF₃,,GHG_CO2_KGCO2_e,1790,
Refrigerant and Other Gases,Refrigerant Use,Medical Gases (AR5 GWPs),HFE-236ea2 (Desflurane) - CHF₂OCHFCF₃,kg,42da1317-22b7-472f-b42c-dcf19a1b9519,HFE-236ea2 (Desflurane) - CHF₂OCHFCF₃,,GHG_TOTAL_KGCO2_e,1790,
Refrigerant and Other Gases,Refrigerant Use,Medical Gases (AR5 GWPs),HFE-347mmz1 (Sevoflurane) - (CF₃)₂CHOCH₂F,kg,989d3ef8-9bec-461b-afc2-f45a50939558,HFE-347mmz1 (Sevoflurane) - (CF₃)₂CHOCH₂F,,GHG_CO2_KGCO2_e,216,
Refrigerant and Other Gases,Refrigerant Use,Medical Gases (AR5 GWPs),HFE-347mmz1 (Sevoflurane) - (CF₃)₂CHOCH₂F,kg,989d3ef8-9bec-461b-afc2-f45a50939558,HFE-347mmz1 (Sevoflurane) - (CF₃)₂CHOCH₂F,,GHG_TOTAL_KGCO2_e,216,
Refrigerant and Other Gases,Refrigerant Use,Perfluorinated Compounds,Nitrogen trifluoride - NF₃,kg,2f8d63bf-7dbc-4214-9795-5f7ae6a675b9,Nitrogen trifluoride - NF₃,,GHG_CO2_KGCO2_e,16100,
Refrigerant and Other Gases,Refrigerant Use,Perfluorinated Compounds,Nitrogen trifluoride - NF₃,kg,2f8d63bf-7dbc-4214-9795-5f7ae6a675b9,Nitrogen trifluoride - NF₃,,GHG_TOTAL_KGCO2_e,16100,
Refrigerant and Other Gases,Refrigerant Use,Perfluorinated Compounds,PFC-116 - C₂F₆,kg,04df83db-1d2f-4cee-84fe-e9da183e6a4f,PFC-116 - C₂F₆,,GHG_CO2_KGCO2_e,11100,
Refrigerant and Other Gases,Refrigerant Use,Perfluorinated Compounds,PFC-116 - C₂F₆,kg,04df83db-1d2f-4cee-84fe-e9da183e6a4f,PFC-116 - C₂F₆,,GHG_TOTAL_KGCO2_e,11100,
Refrigerant and Other Gases,Refrigerant Use,Perfluorinated Compounds,PFC-14 - CF₄,kg,42cdb109-d387-468b-b1ce-e9784d981b7a,PFC-14 - CF₄,,GHG_CO2_KGCO2_e,6630,
Refrigerant and Other Gases,Refrigerant Use,Perfluorinated Compounds,PFC-14 - CF₄,kg,42cdb109-d387-468b-b1ce-e9784d981b7a,PFC-14 - CF₄,,GHG_TOTAL_KGCO2_e,6630,
Refrigerant and Other Gases,Refrigerant Use,Perfluorinated Compounds,PFC-218 - C₃F₈,kg,3dc059f9-1265-4a06-a85a-2f2da48ffeee,PFC-218 - C₃F₈,,GHG_CO2_KGCO2_e,8900,
Refrigerant and Other Gases,Refrigerant Use,Perfluorinated Compounds,PFC-218 - C₃F₈,kg,3dc059f9-1265-4a06-a85a-2f2da48ffeee,PFC-218 - C₃F₈,,GHG_TOTAL_KGCO2_e,8900,
Refrigerant and Other Gases,Refrigerant Use,Perfluorinated Compounds,PFC-31-10 - C₄F₁₀,kg,e031b340-7a39-496a-a710-50d2980da95c,PFC-31-10 - C₄F₁₀,,GHG_CO2_KGCO2_e,9200,
Refrigerant and Other Gases,Refrigerant Use,Perfluorinated Compounds,PFC-31-10 - C₄F₁₀,kg,e031b340-7a39-496a-a710-50d2980da95c,PFC-31-10 - C₄F₁₀,,GHG_TOTAL_KGCO2_e,9200,
Refrigerant and Other Gases,Refrigerant Use,Perfluorinated Compounds,PFC-318 - c-C₄F₈,kg,052b48dc-7fdb-4a52-83bf-c265c0cc4b5f,PFC-318 - c-C₄F₈,,GHG_CO2_KGCO2_e,9540,
Refrigerant and Other Gases,Refrigerant Use,Perfluorinated Compounds,PFC-318 - c-C₄F₈,kg,052b48dc-7fdb-4a52-83bf-c265c0cc4b5f,PFC-318 - c-C₄F₈,,GHG_TOTAL_KGCO2_e,9540,
Refrigerant and Other Gases,Refrigerant Use,Perfluorinated Compounds,PFC-41-12 - n-C₅F₁₂,kg,6c059b89-1428-42df-8513-0de088d5d59b,PFC-41-12 - n-C₅F₁₂,,GHG_CO2_KGCO2_e,8550,
Refrigerant and Other Gases,Refrigerant Use,Perfluorinated Compounds,PFC-41-12 - n-C₅F₁₂,kg,6c059b89-1428-42df-8513-0de088d5d59b,PFC-41-12 - n-C₅F₁₂,,GHG_TOTAL_KGCO2_e,8550,
Refrigerant and Other Gases,Refrigerant Use,Perfluorinated Compounds,PFC-51-14 - n-C₆F₁₄,kg,eeb73335-0903-4b15-b0cf-509168fcb450,PFC-51-14 - n-C₆F₁₄,,GHG_CO2_KGCO2_e,7910,
Refrigerant and Other Gases,Refrigerant Use,Perfluorinated Compounds,PFC-51-14 - n-C₆F₁₄,kg,eeb73335-0903-4b15-b0cf-509168fcb450,PFC-51-14 - n-C₆F₁₄,,GHG_TOTAL_KGCO2_e,7910,
Refrigerant and Other Gases,Refrigerant Use,Perfluorinated Compounds,PFC-91-18 - C₁₀F₁₈,kg,abb52729-932c-4be7-b196-36cf0a7cb4df,PFC-91-18 - C₁₀F₁₈,,GHG_CO2_KGCO2_e,7190,
Refrigerant and Other Gases,Refrigerant Use,Perfluorinated Compounds,PFC-91-18 - C₁₀F₁₈,kg,abb52729-932c-4be7-b196-36cf0a7cb4df,PFC-91-18 - C₁₀F₁₈,,GHG_TOTAL_KGCO2_e,7190,
Refrigerant and Other Gases,Refrigerant Use,Perfluorinated Compounds,Perfluorocyclopropane - c-C₃F₆,kg,be8016fb-464e-4c74-b5c7-014aeff25de2,Perfluorocyclopropane - c-C₃F₆,,GHG_CO2_KGCO2_e,9200,
Refrigerant and Other Gases,Refrigerant Use,Perfluorinated Compounds,Perfluorocyclopropane - c-C₃F₆,kg,be8016fb-464e-4c74-b5c7-014aeff25de2,Perfluorocyclopropane - c-C₃F₆,,GHG_TOTAL_KGCO2_e,9200,
Refrigerant and Other Gases,Refrigerant Use,Perfluorinated Compounds,Sulphur hexafluoride - SF₆,kg,5353ab0d-fa80-4ad6-9fdf-207803addca6,Sulphur hexafluoride - SF₆,,GHG_CO2_KGCO2_e,23500,
Refrigerant and Other Gases,Refrigerant Use,Perfluorinated Compounds,Sulphur hexafluoride - SF₆,kg,5353ab0d-fa80-4ad6-9fdf-207803addca6,Sulphur hexafluoride - SF₆,,GHG_TOTAL_KGCO2_e,23500,
Refrigerant and Other Gases,Refrigerant Use,Perfluorinated Compounds,Trifluoromethyl sulphur pentafluoride - SF₅CF₃,kg,ae3f440a-7916-4757-bd2e-e9393bb70da0,Trifluoromethyl sulphur pentafluoride - SF₅CF₃,,GHG_CO2_KGCO2_e,17400,
Refrigerant and Other Gases,Refrigerant Use,Perfluorinated Compounds,Trifluoromethyl sulphur pentafluoride - SF₅CF₃,kg,ae3f440a-7916-4757-bd2e-e9393bb70da0,Trifluoromethyl sulphur pentafluoride - SF₅CF₃,,GHG_TOTAL_KGCO2_e,17400,
Refrigerant and Other Gases,Refrigerant Use,Perfluoropolyethers,PFPMIE - CF₃OCF(CF₃)CF₂OCF₂OCF₃,kg,1ef76130-8d7b-4935-ae4e-f9d63a85757f,PFPMIE - CF₃OCF(CF₃)CF₂OCF₂OCF₃,,GHG_CO2_KGCO2_e,9710,
Refrigerant and Other Gases,Refrigerant Use,Perfluoropolyethers,PFPMIE - CF₃OCF(CF₃)CF₂OCF₂OCF₃,kg,1ef76130-8d7b-4935-ae4e-f9d63a85757f,PFPMIE - CF₃OCF(CF₃)CF₂OCF₂OCF₃,,GHG_TOTAL_KGCO2_e,9710,
Refrigerant and Other Gases,Refrigerant Use,Refrigerant blends: Azeotropes,507A - R-125/143a (50.0/50.0),kg,d4179a4e-05bb-4338-8370-51684c6ecb57,507A - R-125/143a (50.0/50.0),,GHG_CO2_KGCO2_e,3985,
Refrigerant and Other Gases,Refrigerant Use,Refrigerant blends: Azeotropes,507A - R-125/143a (50.0/50.0),kg,d4179a4e-05bb-4338-8370-51684c6ecb57,507A - R-125/143a (50.0/50.0),,GHG_TOTAL_KGCO2_e,3985,
Refrigerant and Other Gases,Refrigerant Use,Refrigerant blends: Zeotropes,403B - R-290/22/218 (5.0/56.0/39.0),kg,1551efbd-4ca2-47f1-8ebf-50e9f6603352,403B - R-290/22/218 (5.0/56.0/39.0),,GHG_CO2_KGCO2_e,4456.6,
Refrigerant and Other Gases,Refrigerant Use,Refrigerant blends: Zeotropes,403B - R-290/22/218 (5.0/56.0/39.0),kg,1551efbd-4ca2-47f1-8ebf-50e9f6603352,403B - R-290/22/218 (5.0/56.0/39.0),,GHG_TOTAL_KGCO2_e,4456.6,
Refrigerant and Other Gases,Refrigerant Use,Refrigerant blends: Zeotropes,404A - R-125/143a/134a (44.0/52.0/4.0),kg,f4b520f1-62b7-4a8f-913c-865be1cc87fb,404A - R-125/143a/134a (44.0/52.0/4.0),,GHG_CO2_KGCO2_e,3942.8,
Refrigerant and Other Gases,Refrigerant Use,Refrigerant blends: Zeotropes,404A - R-125/143a/134a (44.0/52.0/4.0),kg,f4b520f1-62b7-4a8f-913c-865be1cc87fb,404A - R-125/143a/134a (44.0/52.0/4.0),,GHG_TOTAL_KGCO2_e,3942.8,
Refrigerant and Other Gases,Refrigerant Use,Refrigerant blends: Zeotropes,406A - R-22/600a/142b (55.0/4.0/41.0),kg,795d9bb7-c9e1-4fcc-9f56-60468c248426,406A - R-22/600a/142b (55.0/4.0/41.0),,GHG_CO2_KGCO2_e,1779.92,
Refrigerant and Other Gases,Refrigerant Use,Refrigerant blends: Zeotropes,406A - R-22/600a/142b (55.0/4.0/41.0),kg,795d9bb7-c9e1-4fcc-9f56-60468c248426,406A - R-22/600a/142b (55.0/4.0/41.0),,GHG_TOTAL_KGCO2_e,1779.92,
Refrigerant and Other Gases,Refrigerant Use,Refrigerant blends: Zeotropes,407C - R-32/125/134a (23.0/25.0/52.0),kg,c724d775-f190-4fee-ad78-26f3d3596fd7,407C - R-32/125/134a (23.0/25.0/52.0),,GHG_CO2_KGCO2_e,1624.21,
Refrigerant and Other Gases,Refrigerant Use,Refrigerant blends: Zeotropes,407C - R-32/125/134a (23.0/25.0/52.0),kg,c724d775-f190-4fee-ad78-26f3d3596fd7,407C - R-32/125/134a (23.0/25.0/52.0),,GHG_TOTAL_KGCO2_e,1624.21,
Refrigerant and Other Gases,Refrigerant Use,Refrigerant blends: Zeotropes,407F - R-32/125/134a (30.0/30.0/40.0),kg,edb35901-8177-4ca6-9a4b-ef5b1b1065ba,407F - R-32/125/134a (30.0/30.0/40.0),,GHG_CO2_KGCO2_e,1674.1,
Refrigerant and Other Gases,Refrigerant Use,Refrigerant blends: Zeotropes,407F - R-32/125/134a (30.0/30.0/40.0),kg,edb35901-8177-4ca6-9a4b-ef5b1b1065ba,407F - R-32/125/134a (30.0/30.0/40.0),,GHG_TOTAL_KGCO2_e,1674.1,
Refrigerant and Other Gases,Refrigerant Use,Refrigerant blends: Zeotropes,408A - R-125/143a/22 (7.0/46.0/47.0),kg,13c7c315-b153-46c8-9e7d-d3d8e3eb8f88,408A - R-125/143a/22 (7.0/46.0/47.0),,GHG_CO2_KGCO2_e,3257.1,
Refrigerant and Other Gases,Refrigerant Use,Refrigerant blends: Zeotropes,408A - R-125/143a/22 (7.0/46.0/47.0),kg,13c7c315-b153-46c8-9e7d-d3d8e3eb8f88,408A - R-125/143a/22 (7.0/46.0/47.0),,GHG_TOTAL_KGCO2_e,3257.1,
Refrigerant and Other Gases,Refrigerant Use,Refrigerant blends: Zeotropes,409A - R-22/124/142b (60.0/25.0/15.0),kg,779491be-7543-4740-bbd2-e48df785af14,409A - R-22/124/142b (60.0/25.0/15.0),,GHG_CO2_KGCO2_e,1484.75,
Refrigerant and Other Gases,Refrigerant Use,Refrigerant blends: Zeotropes,409A - R-22/124/142b (60.0/25.0/15.0),kg,779491be-7543-4740-bbd2-e48df785af14,409A - R-22/124/142b (60.0/25.0/15.0),,GHG_TOTAL_KGCO2_e,1484.75,
Refrigerant and Other Gases,Refrigerant Use,Refrigerant blends: Zeotropes,409B - R-22/124/142b (65.0/25.0/10.0),kg,13a11293-ae31-4d54-aeca-cbb208f643a1,409B - R-22/124/142b (65.0/25.0/10.0),,GHG_CO2_KGCO2_e,1473.75,
Refrigerant and Other Gases,Refrigerant Use,Refrigerant blends: Zeotropes,409B - R-22/124/142b (65.0/25.0/10.0),kg,13a11293-ae31-4d54-aeca-cbb208f643a1,409B - R-22/124/142b (65.0/25.0/10.0),,GHG_TOTAL_KGCO2_e,1473.75,
Refrigerant and Other Gases,Refrigerant Use,Refrigerant blends: Zeotropes,410A - R-32/125 (50.0/50.0),kg,ff736967-fea2-4995-82da-f97f49f7fa84,410A - R-32/125 (50.0/50.0),,GHG_CO2_KGCO2_e,1923.5,
Refrigerant and Other Gases,Refrigerant Use,Refrigerant blends: Zeotropes,410A - R-32/125 (50.0/50.0),kg,ff736967-fea2-4995-82da-f97f49f7fa84,410A - R-32/125 (50.0/50.0),,GHG_TOTAL_KGCO2_e,1923.5,
Refrigerant and Other Gases,Refrigerant Use,Refrigerant blends: Zeotropes,413A - R-218/134a/600a (9.0/88.0/3.0),kg,80cc8c53-43bf-4d83-9ce1-4ebe0bd91fc9,413A - R-218/134a/600a (9.0/88.0/3.0),,GHG_CO2_KGCO2_e,1945.09,
Refrigerant and Other Gases,Refrigerant Use,Refrigerant blends: Zeotropes,413A - R-218/134a/600a (9.0/88.0/3.0),kg,80cc8c53-43bf-4d83-9ce1-4ebe0bd91fc9,413A - R-218/134a/600a (9.0/88.0/3.0),,GHG_TOTAL_KGCO2_e,1945.09,
Refrigerant and Other Gases,Refrigerant Use,Refrigerant blends: Zeotropes,416A - R-134a/124/600 (59.0/39.5/1.5),kg,b6d8e3d9-a365-4ad9-aeb0-15c286fe9af7,416A - R-134a/124/600 (59.0/39.5/1.5),,GHG_CO2_KGCO2_e,975.21,
Refrigerant and Other Gases,Refrigerant Use,Refrigerant blends: Zeotropes,416A - R-134a/124/600 (59.0/39.5/1.5),kg,b6d8e3d9-a365-4ad9-aeb0-15c286fe9af7,416A - R-134a/124/600 (59.0/39.5/1.5),,GHG_TOTAL_KGCO2_e,975.21,
Refrigerant and Other Gases,Refrigerant Use,Refrigerant blends: Zeotropes,417A - R-125/134a/600 (46.6/50.0/3.4),kg,85ddda67-b651-4fb4-9a76-34bb65dec79e,417A - R-125/134a/600 (46.6/50.0/3.4),,GHG_CO2_KGCO2_e,2127.32,
Refrigerant and Other Gases,Refrigerant Use,Refrigerant blends: Zeotropes,417A - R-125/134a/600 (46.6/50.0/3.4),kg,85ddda67-b651-4fb4-9a76-34bb65dec79e,417A - R-125/134a/600 (46.6/50.0/3.4),,GHG_TOTAL_KGCO2_e,2127.32,
Refrigerant and Other Gases,Refrigerant Use,Refrigerant blends: Zeotropes,422A - R-125/134a/600a (85.1/11.5/3.4),kg,0d197231-2858-4186-b535-d83bb13e3fd3,422A - R-125/134a/600a (85.1/11.5/3.4),,GHG_CO2_KGCO2_e,2847.27,
Refrigerant and Other Gases,Refrigerant Use,Refrigerant blends: Zeotropes,422A - R-125/134a/600a (85.1/11.5/3.4),kg,0d197231-2858-4186-b535-d83bb13e3fd3,422A - R-125/134a/600a (85.1/11.5/3.4),,GHG_TOTAL_KGCO2_e,2847.27,
Refrigerant and Other Gases,Refrigerant Use,Refrigerant blends: Zeotropes,436A - R-290/600 (56.0/44.0),kg,db8a61ba-a2a7-4539-badf-4e5e42acab56,436A - R-290/600 (56.0/44.0),,GHG_CO2_KGCO2_e,1.3536,
Refrigerant and Other Gases,Refrigerant Use,Refrigerant blends: Zeotropes,436A - R-290/600 (56.0/44.0),kg,db8a61ba-a2a7-4539-badf-4e5e42acab56,436A - R-290/600 (56.0/44.0),,GHG_TOTAL_KGCO2_e,1.3536,
Refrigerant and Other Gases,Refrigerant Use,Refrigerant blends: Zeotropes,436B - R-290/600 (52.0/48.0),kg,0bd7b684-7833-4b55-9f81-404405718646,436B - R-290/600 (52.0/48.0),,GHG_CO2_KGCO2_e,1.4712,
Refrigerant and Other Gases,Refrigerant Use,Refrigerant blends: Zeotropes,436B - R-290/600 (52.0/48.0),kg,0bd7b684-7833-4b55-9f81-404405718646,436B - R-290/600 (52.0/48.0),,GHG_TOTAL_KGCO2_e,1.4712,
Refrigerant and Other Gases,Refrigerant Use,Refrigerant blends: Zeotropes,502 - R-22/115 (48.8/51.2),kg,4e37cd66-8f89-446f-9091-8b655153de74,502 - R-22/115 (48.8/51.2),,GHG_CO2_KGCO2_e,4785.92,
Refrigerant and Other Gases,Refrigerant Use,Refrigerant blends: Zeotropes,502 - R-22/115 (48.8/51.2),kg,4e37cd66-8f89-446f-9091-8b655153de74,502 - R-22/115 (48.8/51.2),,GHG_TOTAL_KGCO2_e,4785.92,
Refrigerant and Other Gases,Refrigerant Use,Refrigerants,Carbon dioxide (R-744) - CO₂,kg,0813ed69-1350-4bcb-9166-18b75f8c734d,Carbon dioxide (R-744) - CO₂,,GHG_CO2_KGCO2_e,1,
Refrigerant and Other Gases,Refrigerant Use,Refrigerants,Carbon dioxide (R-744) - CO₂,kg,0813ed69-1350-4bcb-9166-18b75f8c734d,Carbon dioxide (R-744) - CO₂,,GHG_TOTAL_KGCO2_e,1,
Refrigerant and Other Gases,Refrigerant Use,Refrigerants,Isobutane (R-600a) - C₄H₁₀,kg,7f0a5fd1-8823-426e-9a2e-78d5ab392346,Isobutane (R-600a) - C₄H₁₀,,GHG_CO2_KGCO2_e,3,
Refrigerant and Other Gases,Refrigerant Use,Refrigerants,Isobutane (R-600a) - C₄H₁₀,kg,7f0a5fd1-8823-426e-9a2e-78d5ab392346,Isobutane (R-600a) - C₄H₁₀,,GHG_TOTAL_KGCO2_e,3,
Refrigerant and Other Gases,Refrigerant Use,Refrigerants,Methane - CH₄,kg,8fa5677a-11e7-4efd-bb30-9ab487a2e76a,Methane - CH₄,,GHG_CO2_KGCO2_e,28,
Refrigerant and Other Gases,Refrigerant Use,Refrigerants,Methane - CH₄,kg,8fa5677a-11e7-4efd-bb30-9ab487a2e76a,Methane - CH₄,,GHG_TOTAL_KGCO2_e,28,
Refrigerant and Other Gases,Refrigerant Use,Refrigerants,Nitrous oxide (R-744a) - N₂O,kg,10799065-b92d-4e7e-807b-74316f70b959,Nitrous oxide (R-744a) - N₂O,,GHG_CO2_KGCO2_e,265,
Refrigerant and Other Gases,Refrigerant Use,Refrigerants,Nitrous oxide (R-744a) - N₂O,kg,10799065-b92d-4e7e-807b-74316f70b959,Nitrous oxide (R-744a) - N₂O,,GHG_TOTAL_KGCO2_e,265,
Refrigerant and Other Gases,Refrigerant Use,Refrigerants,Propane (R-290) - C₃H₈,kg,9924e860-28dc-4ac0-ae2a-1a76b4426aed,Propane (R-290) - C₃H₈,,GHG_CO2_KGCO2_e,0.06,
Refrigerant and Other Gases,Refrigerant Use,Refrigerants,Propane (R-290) - C₃H₈,kg,9924e860-28dc-4ac0-ae2a-1a76b4426aed,Propane (R-290) - C₃H₈,,GHG_TOTAL_KGCO2_e,0.06,
Refrigerant and Other Gases,Refrigerant Use,Substances controlled by the Montreal Protocol,CFC-11 (R-11) - CCl₃F,kg,716265a3-1850-48d2-a231-6f981d108d66,CFC-11 (R-11) - CCl₃F,,GHG_CO2_KGCO2_e,4660,
Refrigerant and Other Gases,Refrigerant Use,Substances controlled by the Montreal Protocol,CFC-11 (R-11) - CCl₃F,kg,716265a3-1850-48d2-a231-6f981d108d66,CFC-11 (R-11) - CCl₃F,,GHG_TOTAL_KGCO2_e,4660,
Refrigerant and Other Gases,Refrigerant Use,Substances controlled by the Montreal Protocol,CFC-113 (R-113) - CCl₂FCClF₂,kg,e1efaf37-c31d-4ea4-813f-4b2794edad2d,CFC-113 (R-113) - CCl₂FCClF₂,,GHG_CO2_KGCO2_e,5820,
Refrigerant and Other Gases,Refrigerant Use,Substances controlled by the Montreal Protocol,CFC-113 (R-113) - CCl₂FCClF₂,kg,e1efaf37-c31d-4ea4-813f-4b2794edad2d,CFC-113 (R-113) - CCl₂FCClF₂,,GHG_TOTAL_KGCO2_e,5820,
Refrigerant and Other Gases,Refrigerant Use,Substances controlled by the Montreal Protocol,CFC-114 (R-114) - CClF₂CClF₂,kg,72f9436a-f512-4e4f-92d6-d5b757e5e6e4,CFC-114 (R-114) - CClF₂CClF₂,,GHG_CO2_KGCO2_e,8590,
Refrigerant and Other Gases,Refrigerant Use,Substances controlled by the Montreal Protocol,CFC-114 (R-114) - CClF₂CClF₂,kg,72f9436a-f512-4e4f-92d6-d5b757e5e6e4,CFC-114 (R-114) - CClF₂CClF₂,,GHG_TOTAL_KGCO2_e,8590,
Refrigerant and Other Gases,Refrigerant Use,Substances controlled by the Montreal Protocol,CFC-115 (R-115) - CClF₂CF₃,kg,adf7b7f1-ce08-4589-9fb9-8b8a1f611872,CFC-115 (R-115) - CClF₂CF₃,,GHG_CO2_KGCO2_e,7670,
Refrigerant and Other Gases,Refrigerant Use,Substances controlled by the Montreal Protocol,CFC-115 (R-115) - CClF₂CF₃,kg,adf7b7f1-ce08-4589-9fb9-8b8a1f611872,CFC-115 (R-115) - CClF₂CF₃,,GHG_TOTAL_KGCO2_e,7670,
Refrigerant and Other Gases,Refrigerant Use,Substances controlled by the Montreal Protocol,CFC-12 (R-12) - CCl₂F₂,kg,ba177106-e355-4c63-9692-0eac5952d3d2,CFC-12 (R-12) - CCl₂F₂,,GHG_CO2_KGCO2_e,10200,
Refrigerant and Other Gases,Refrigerant Use,Substances controlled by the Montreal Protocol,CFC-12 (R-12) - CCl₂F₂,kg,ba177106-e355-4c63-9692-0eac5952d3d2,CFC-12 (R-12) - CCl₂F₂,,GHG_TOTAL_KGCO2_e,10200,
Refrigerant and Other Gases,Refrigerant Use,Substances controlled by the Montreal Protocol,CFC-13 (R-13) - CClF₃,kg,da0ac088-6e2d-41f9-b9ea-d8d1296cd4aa,CFC-13 (R-13) - CClF₃,,GHG_CO2_KGCO2_e,13900,
Refrigerant and Other Gases,Refrigerant Use,Substances controlled by the Montreal Protocol,CFC-13 (R-13) - CClF₃,kg,da0ac088-6e2d-41f9-b9ea-d8d1296cd4aa,CFC-13 (R-13) - CClF₃,,GHG_TOTAL_KGCO2_e,13900,
Refrigerant and Other Gases,Refrigerant Use,Substances controlled by the Montreal Protocol,Carbon tetrachloride (R-10) - CCl₄,kg,3ab7fb82-57c3-4f63-8891-303ecde57c6e,Carbon tetrachloride (R-10) - CCl₄,,GHG_CO2_KGCO2_e,1730,
Refrigerant and Other Gases,Refrigerant Use,Substances controlled by the Montreal Protocol,Carbon tetrachloride (R-10) - CCl₄,kg,3ab7fb82-57c3-4f63-8891-303ecde57c6e,Carbon tetrachloride (R-10) - CCl₄,,GHG_TOTAL_KGCO2_e,1730,
Refrigerant and Other Gases,Refrigerant Use,Substances controlled by the Montreal Protocol,HCFC-123 (R-123) - CHCl₂CF₃,kg,040c1614-2676-4d50-a000-1c8a9a794bec,HCFC-123 (R-123) - CHCl₂CF₃,,GHG_CO2_KGCO2_e,79,
Refrigerant and Other Gases,Refrigerant Use,Substances controlled by the Montreal Protocol,HCFC-123 (R-123) - CHCl₂CF₃,kg,040c1614-2676-4d50-a000-1c8a9a794bec,HCFC-123 (R-123) - CHCl₂CF₃,,GHG_TOTAL_KGCO2_e,79,
Refrigerant and Other Gases,Refrigerant Use,Substances controlled by the Montreal Protocol,HCFC-124 (R-124) - CHClFCF₃,kg,5113a12c-5ab5-4a05-8dd8-10e367fed1c2,HCFC-124 (R-124) - CHClFCF₃,,GHG_CO2_KGCO2_e,527,
Refrigerant and Other Gases,Refrigerant Use,Substances controlled by the Montreal Protocol,HCFC-124 (R-124) - CHClFCF₃,kg,5113a12c-5ab5-4a05-8dd8-10e367fed1c2,HCFC-124 (R-124) - CHClFCF₃,,GHG_TOTAL_KGCO2_e,527,
Refrigerant and Other Gases,Refrigerant Use,Substances controlled by the Montreal Protocol,HCFC-141b (R-141b) - CH₃CCl₂F,kg,70173788-ad71-4eaf-bcfd-f2ae27a840ab,HCFC-141b (R-141b) - CH₃CCl₂F,,GHG_CO2_KGCO2_e,782,
Refrigerant and Other Gases,Refrigerant Use,Substances controlled by the Montreal Protocol,HCFC-141b (R-141b) - CH₃CCl₂F,kg,70173788-ad71-4eaf-bcfd-f2ae27a840ab,HCFC-141b (R-141b) - CH₃CCl₂F,,GHG_TOTAL_KGCO2_e,782,
Refrigerant and Other Gases,Refrigerant Use,Substances controlled by the Montreal Protocol,HCFC-142b (R-142b) - CH₃CClF₂,kg,a4751376-7f4f-494f-8795-c18d85b54a6e,HCFC-142b (R-142b) - CH₃CClF₂,,GHG_CO2_KGCO2_e,1980,
Refrigerant and Other Gases,Refrigerant Use,Substances controlled by the Montreal Protocol,HCFC-142b (R-142b) - CH₃CClF₂,kg,a4751376-7f4f-494f-8795-c18d85b54a6e,HCFC-142b (R-142b) - CH₃CClF₂,,GHG_TOTAL_KGCO2_e,1980,
Refrigerant and Other Gases,Refrigerant Use,Substances controlled by the Montreal Protocol,HCFC-21 - CHCl₂F,kg,df7a1b39-20e5-4b2e-aea2-3c37410f9a7f,HCFC-21 - CHCl₂F,,GHG_CO2_KGCO2_e,148,
Refrigerant and Other Gases,Refrigerant Use,Substances controlled by the Montreal Protocol,HCFC-21 - CHCl₂F,kg,df7a1b39-20e5-4b2e-aea2-3c37410f9a7f,HCFC-21 - CHCl₂F,,GHG_TOTAL_KGCO2_e,148,
Refrigerant and Other Gases,Refrigerant Use,Substances controlled by the Montreal Protocol,HCFC-22 (R-22) - CHClF₂,kg,f75ef5a6-cd44-4bb9-81b8-7540a8c49514,HCFC-22 (R-22) - CHClF₂,,GHG_CO2_KGCO2_e,1760,
Refrigerant and Other Gases,Refrigerant Use,Substances controlled by the Montreal Protocol,HCFC-22 (R-22) - CHClF₂,kg,f75ef5a6-cd44-4bb9-81b8-7540a8c49514,HCFC-22 (R-22) - CHClF₂,,GHG_TOTAL_KGCO2_e,1760,
Refrigerant and Other Gases,Refrigerant Use,Substances controlled by the Montreal Protocol,HCFC-225ca (R-225ca) - CHCl₂CF₂CF₃,kg,27e8e94b-58a9-4c4a-a472-c71a0e8cdfe9,HCFC-225ca (R-225ca) - CHCl₂CF₂CF₃,,GHG_CO2_KGCO2_e,127,
Refrigerant and Other Gases,Refrigerant Use,Substances controlled by the Montreal Protocol,HCFC-225ca (R-225ca) - CHCl₂CF₂CF₃,kg,27e8e94b-58a9-4c4a-a472-c71a0e8cdfe9,HCFC-225ca (R-225ca) - CHCl₂CF₂CF₃,,GHG_TOTAL_KGCO2_e,127,
Refrigerant and Other Gases,Refrigerant Use,Substances controlled by the Montreal Protocol,HCFC-225cb (R-225cb) - CHClFCF₂CClF₂,kg,21289e19-0e9c-44c8-8c42-6dd4bde00e50,HCFC-225cb (R-225cb) - CHClFCF₂CClF₂,,GHG_CO2_KGCO2_e,525,
Refrigerant and Other Gases,Refrigerant Use,Substances controlled by the Montreal Protocol,HCFC-225cb (R-225cb) - CHClFCF₂CClF₂,kg,21289e19-0e9c-44c8-8c42-6dd4bde00e50,HCFC-225cb (R-225cb) - CHClFCF₂CClF₂,,GHG_TOTAL_KGCO2_e,525,
Refrigerant and Other Gases,Refrigerant Use,Substances controlled by the Montreal Protocol,Halon-1211 (R-1211) - CBrClF₂,kg,ff53fe00-da89-473a-b766-0f2e8ef8626f,Halon-1211 (R-1211) - CBrClF₂,,GHG_CO2_KGCO2_e,1750,
Refrigerant and Other Gases,Refrigerant Use,Substances controlled by the Montreal Protocol,Halon-1211 (R-1211) - CBrClF₂,kg,ff53fe00-da89-473a-b766-0f2e8ef8626f,Halon-1211 (R-1211) - CBrClF₂,,GHG_TOTAL_KGCO2_e,1750,
Refrigerant and Other Gases,Refrigerant Use,Substances controlled by the Montreal Protocol,Halon-1301 (R-1301) - CBrF₃,kg,04867193-c20d-4ca3-a0d1-59fbddfb2d2f,Halon-1301 (R-1301) - CBrF₃,,GHG_CO2_KGCO2_e,6290,
Refrigerant and Other Gases,Refrigerant Use,Substances controlled by the Montreal Protocol,Halon-1301 (R-1301) - CBrF₃,kg,04867193-c20d-4ca3-a0d1-59fbddfb2d2f,Halon-1301 (R-1301) - CBrF₃,,GHG_TOTAL_KGCO2_e,6290,
Refrigerant and Other Gases,Refrigerant Use,Substances controlled by the Montreal Protocol,Halon-2402 (R-2402) - CBrF₂CBrF₂,kg,8ed6a724-af10-43c3-9764-46b819f544cf,Halon-2402 (R-2402) - CBrF₂CBrF₂,,GHG_CO2_KGCO2_e,1470,
Refrigerant and Other Gases,Refrigerant Use,Substances controlled by the Montreal Protocol,Halon-2402 (R-2402) - CBrF₂CBrF₂,kg,8ed6a724-af10-43c3-9764-46b819f544cf,Halon-2402 (R-2402) - CBrF₂CBrF₂,,GHG_TOTAL_KGCO2_e,1470,
Refrigerant and Other Gases,Refrigerant Use,Substances controlled by the Montreal Protocol,Methyl bromide - CH₃Br,kg,43d60ad6-14bd-4b62-a6ee-07931f55dc69,Methyl bromide - CH₃Br,,GHG_CO2_KGCO2_e,2,
Refrigerant and Other Gases,Refrigerant Use,Substances controlled by the Montreal Protocol,Methyl bromide - CH₃Br,kg,43d60ad6-14bd-4b62-a6ee-07931f55dc69,Methyl bromide - CH₃Br,,GHG_TOTAL_KGCO2_e,2,
Refrigerant and Other Gases,Refrigerant Use,Substances controlled by the Montreal Protocol,Methyl chloroform - CH₃CCl₃,kg,fcdfd799-62a8-46f8-be7e-92856f3ffd87,Methyl chloroform - CH₃CCl₃,,GHG_CO2_KGCO2_e,160,
Refrigerant and Other Gases,Refrigerant Use,Substances controlled by the Montreal Protocol,Methyl chloroform - CH₃CCl₃,kg,fcdfd799-62a8-46f8-be7e-92856f3ffd87,Methyl chloroform - CH₃CCl₃,,GHG_TOTAL_KGCO2_e,160,
Travel,Accommodation,Hotel Stays,Argentina,Room per night,4e629be6-eddb-4085-becd-7a8289e8ec5a,Argentina,Unknown,GHG_CH4_KGCO2_e,0,Unknown
Travel,Accommodation,Hotel Stays,Argentina,Room per night,4e629be6-eddb-4085-becd-7a8289e8ec5a,Argentina,Unknown,GHG_CO2_KGCO2_e,30.5,Unknown
Travel,Accommodation,Hotel Stays,Argentina,Room per night,4e629be6-eddb-4085-becd-7a8289e8ec5a,Argentina,Unknown,GHG_N2O_KGCO2_e,0,Unknown
Travel,Accommodation,Hotel Stays,Argentina,Room per night,4e629be6-eddb-4085-becd-7a8289e8ec5a,Argentina,Unknown,GHG_TOTAL_KGCO2_e,30.5,Unknown
Travel,Accommodation,Hotel Stays,Australia,Room per night,630d9d76-04ed-460f-8b15-9bd098cf3f16,Australia,Unknown,GHG_CH4_KGCO2_e,0,Unknown
Travel,Accommodation,Hotel Stays,Australia,Room per night,630d9d76-04ed-460f-8b15-9bd098cf3f16,Australia,Unknown,GHG_CO2_KGCO2_e,29.9039,Unknown
Travel,Accommodation,Hotel Stays,Australia,Room per night,630d9d76-04ed-460f-8b15-9bd098cf3f16,Australia,Unknown,GHG_N2O_KGCO2_e,0,Unknown
Travel,Accommodation,Hotel Stays,Australia,Room per night,630d9d76-04ed-460f-8b15-9bd098cf3f16,Australia,Unknown,GHG_TOTAL_KGCO2_e,29.9039,Unknown
Travel,Accommodation,Hotel Stays,Austria,Room per night,88473af7-67db-441d-a909-5e780ab3f667,Austria,Unknown,GHG_CH4_KGCO2_e,0,Unknown
Travel,Accommodation,Hotel Stays,Austria,Room per night,88473af7-67db-441d-a909-5e780ab3f667,Austria,Unknown,GHG_CO2_KGCO2_e,8.66548,Unknown
Travel,Accommodation,Hotel Stays,Austria,Room per night,88473af7-67db-441d-a909-5e780ab3f667,Austria,Unknown,GHG_N2O_KGCO2_e,0,Unknown
Travel,Accommodation,Hotel Stays,Austria,Room per night,88473af7-67db-441d-a909-5e780ab3f667,Austria,Unknown,GHG_TOTAL_KGCO2_e,8.66548,Unknown
Travel,Accommodation,Hotel Stays,Belgium,Room per night,7f730a4e-979e-43a2-8bb4-9a19f01c07cb,Belgium,Unknown,GHG_CH4_KGCO2_e,0,Unknown
Travel,Accommodation,Hotel Stays,Belgium,Room per night,7f730a4e-979e-43a2-8bb4-9a19f01c07cb,Belgium,Unknown,GHG_CO2_KGCO2_e,10.306,Unknown
Travel,Accommodation,Hotel Stays,Belgium,Room per night,7f730a4e-979e-43a2-8bb4-9a19f01c07cb,Belgium,Unknown,GHG_N2O_KGCO2_e,0,Unknown
Travel,Accommodation,Hotel Stays,Belgium,Room per night,7f730a4e-979e-43a2-8bb4-9a19f01c07cb,Belgium,Unknown,GHG_TOTAL_KGCO2_e,10.306,Unknown
Travel,Accommodation,Hotel Stays,Brazil,Room per night,8b77f792-0431-4c4b-9217-2983f1231a40,Brazil,Unknown,GHG_CH4_KGCO2_e,0,Unknown
Travel,Accommodation,Hotel Stays,Brazil,Room per night,8b77f792-0431-4c4b-9217-2983f1231a40,Brazil,Unknown,GHG_CO2_KGCO2_e,11.6152,Unknown
Travel,Accommodation,Hotel Stays,Brazil,Room per night,8b77f792-0431-4c4b-9217-2983f1231a40,Brazil,Unknown,GHG_N2O_KGCO2_e,0,Unknown
Travel,Accommodation,Hotel Stays,Brazil,Room per night,8b77f792-0431-4c4b-9217-2983f1231a40,Brazil,Unknown,GHG_TOTAL_KGCO2_e,11.6152,Unknown
Travel,Accommodation,Hotel Stays,Canada,Room per night,d060e9e7-db15-4a16-9d09-d8be47ca8440,Canada,Unknown,GHG_CH4_KGCO2_e,0,Unknown
Travel,Accommodation,Hotel Stays,Canada,Room per night,d060e9e7-db15-4a16-9d09-d8be47ca8440,Canada,Unknown,GHG_CO2_KGCO2_e,9.99379,Unknown
Travel,Accommodation,Hotel Stays,Canada,Room per night,d060e9e7-db15-4a16-9d09-d8be47ca8440,Canada,Unknown,GHG_N2O_KGCO2_e,0,Unknown
Travel,Accommodation,Hotel Stays,Canada,Room per night,d060e9e7-db15-4a16-9d09-d8be47ca8440,Canada,Unknown,GHG_TOTAL_KGCO2_e,9.99379,Unknown
Travel,Accommodation,Hotel Stays,Caribbean Region,Room per night,6bcc9fe7-8945-4477-b19d-dcd1521dca26,Caribbean Region,Unknown,GHG_CH4_KGCO2_e,0,Unknown
Travel,Accommodation,Hotel Stays,Caribbean Region,Room per night,6bcc9fe7-8945-4477-b19d-dcd1521dca26,Caribbean Region,Unknown,GHG_CO2_KGCO2_e,33.2014,Unknown
Travel,Accommodation,Hotel Stays,Caribbean Region,Room per night,6bcc9fe7-8945-4477-b19d-dcd1521dca26,Caribbean Region,Unknown,GHG_N2O_KGCO2_e,0,Unknown
Travel,Accommodation,Hotel Stays,Caribbean Region,Room per night,6bcc9fe7-8945-4477-b19d-dcd1521dca26,Caribbean Region,Unknown,GHG_TOTAL_KGCO2_e,33.2014,Unknown
Travel,Accommodation,Hotel Stays,Chile,Room per night,a6f2e636-bb29-4d4a-92a9-fc9d5e40070d,Chile,Unknown,GHG_CH4_KGCO2_e,0,Unknown
Travel,Accommodation,Hotel Stays,Chile,Room per night,a6f2e636-bb29-4d4a-92a9-fc9d5e40070d,Chile,Unknown,GHG_CO2_KGCO2_e,23.4645,Unknown
Travel,Accommodation,Hotel Stays,Chile,Room per night,a6f2e636-bb29-4d4a-92a9-fc9d5e40070d,Chile,Unknown,GHG_N2O_KGCO2_e,0,Unknown
Travel,Accommodation,Hotel Stays,Chile,Room per night,a6f2e636-bb29-4d4a-92a9-fc9d5e40070d,Chile,Unknown,GHG_TOTAL_KGCO2_e,23.4645,Unknown
Travel,Accommodation,Hotel Stays,China,Room per night,bc66fdf6-1cf5-4840-a968-3ab00a1067b4,China,Unknown,GHG_CH4_KGCO2_e,0,Unknown
Travel,Accommodation,Hotel Stays,China,Room per night,bc66fdf6-1cf5-4840-a968-3ab00a1067b4,China,Unknown,GHG_CO2_KGCO2_e,41.9961,Unknown
Travel,Accommodation,Hotel Stays,China,Room per night,bc66fdf6-1cf5-4840-a968-3ab00a1067b4,China,Unknown,GHG_N2O_KGCO2_e,0,Unknown
Travel,Accommodation,Hotel Stays,China,Room per night,bc66fdf6-1cf5-4840-a968-3ab00a1067b4,China,Unknown,GHG_TOTAL_KGCO2_e,41.9961,Unknown
Travel,Accommodation,Hotel Stays,Colombia,Room per night,d0f98549-3552-4be1-a4ce-26a0de415f5d,Colombia,Unknown,GHG_CH4_KGCO2_e,0,Unknown
Travel,Accommodation,Hotel Stays,Colombia,Room per night,d0f98549-3552-4be1-a4ce-26a0de415f5d,Colombia,Unknown,GHG_CO2_KGCO2_e,11.3694,Unknown
Travel,Accommodation,Hotel Stays,Colombia,Room per night,d0f98549-3552-4be1-a4ce-26a0de415f5d,Colombia,Unknown,GHG_N2O_KGCO2_e,0,Unknown
Travel,Accommodation,Hotel Stays,Colombia,Room per night,d0f98549-3552-4be1-a4ce-26a0de415f5d,Colombia,Unknown,GHG_TOTAL_KGCO2_e,11.3694,Unknown
Travel,Accommodation,Hotel Stays,Costa Rica,Room per night,ac06ad94-4f6e-4f63-9d4e-3e4de3eb1748,Costa Rica,Unknown,GHG_CH4_KGCO2_e,0,Unknown
Travel,Accommodation,Hotel Stays,Costa Rica,Room per night,ac06ad94-4f6e-4f63-9d4e-3e4de3eb1748,Costa Rica,Unknown,GHG_CO2_KGCO2_e,4.63807,Unknown
Travel,Accommodation,Hotel Stays,Costa Rica,Room per night,ac06ad94-4f6e-4f63-9d4e-3e4de3eb1748,Costa Rica,Unknown,GHG_N2O_KGCO2_e,0,Unknown
Travel,Accommodation,Hotel Stays,Costa Rica,Room per night,ac06ad94-4f6e-4f63-9d4e-3e4de3eb1748,Costa Rica,Unknown,GHG_TOTAL_KGCO2_e,4.63807,Unknown
Travel,Accommodation,Hotel Stays,Czech Republic,Room per night,8bb0faea-5c05-4216-818f-8abbfe1693a4,Czech Republic,Unknown,GHG_CH4_KGCO2_e,0,Unknown
Travel,Accommodation,Hotel Stays,Czech Republic,Room per night,8bb0faea-5c05-4216-818f-8abbfe1693a4,Czech Republic,Unknown,GHG_CO2_KGCO2_e,22.0474,Unknown
Travel,Accommodation,Hotel Stays,Czech Republic,Room per night,8bb0faea-5c05-4216-818f-8abbfe1693a4,Czech Republic,Unknown,GHG_N2O_KGCO2_e,0,Unknown
Travel,Accommodation,Hotel Stays,Czech Republic,Room per night,8bb0faea-5c05-4216-818f-8abbfe1693a4,Czech Republic,Unknown,GHG_TOTAL_KGCO2_e,22.0474,Unknown
Travel,Accommodation,Hotel Stays,Dominican Republic,Room per night,c9434e13-d101-4401-b7aa-14f597c80145,Dominican Republic,Unknown,GHG_CH4_KGCO2_e,0,Unknown
Travel,Accommodation,Hotel Stays,Dominican Republic,Room per night,c9434e13-d101-4401-b7aa-14f597c80145,Dominican Republic,Unknown,GHG_CO2_KGCO2_e,38.6601,Unknown
Travel,Accommodation,Hotel Stays,Dominican Republic,Room per night,c9434e13-d101-4401-b7aa-14f597c80145,Dominican Republic,Unknown,GHG_N2O_KGCO2_e,0,Unknown
Travel,Accommodation,Hotel Stays,Dominican Republic,Room per night,c9434e13-d101-4401-b7aa-14f597c80145,Dominican Republic,Unknown,GHG_TOTAL_KGCO2_e,38.6601,Unknown
Travel,Accommodation,Hotel Stays,Ecuador,Room per night,6b40d1a1-3daa-4d6f-9261-192f3a8dba47,Ecuador,Unknown,GHG_CH4_KGCO2_e,0,Unknown
Travel,Accommodation,Hotel Stays,Ecuador,Room per night,6b40d1a1-3daa-4d6f-9261-192f3a8dba47,Ecuador,Unknown,GHG_CO2_KGCO2_e,16.2383,Unknown
Travel,Accommodation,Hotel Stays,Ecuador,Room per night,6b40d1a1-3daa-4d6f-9261-192f3a8dba47,Ecuador,Unknown,GHG_N2O_KGCO2_e,0,Unknown
Travel,Accommodation,Hotel Stays,Ecuador,Room per night,6b40d1a1-3daa-4d6f-9261-192f3a8dba47,Ecuador,Unknown,GHG_TOTAL_KGCO2_e,16.2383,Unknown
Travel,Accommodation,Hotel Stays,Egypt,Room per night,dabf0ee5-ee51-458c-83dc-63daf929cca8,Egypt,Unknown,GHG_CH4_KGCO2_e,0,Unknown
Travel,Accommodation,Hotel Stays,Egypt,Room per night,dabf0ee5-ee51-458c-83dc-63daf929cca8,Egypt,Unknown,GHG_CO2_KGCO2_e,43.4324,Unknown
Travel,Accommodation,Hotel Stays,Egypt,Room per night,dabf0ee5-ee51-458c-83dc-63daf929cca8,Egypt,Unknown,GHG_N2O_KGCO2_e,0,Unknown
Travel,Accommodation,Hotel Stays,Egypt,Room per night,dabf0ee5-ee51-458c-83dc-63daf929cca8,Egypt,Unknown,GHG_TOTAL_KGCO2_e,43.4324,Unknown
Travel,Accommodation,Hotel Stays,Finland,Room per night,da6e4dca-6f8c-4c79-b678-ea274e7538c0,Finland,Unknown,GHG_CH4_KGCO2_e,0,Unknown
Travel,Accommodation,Hotel Stays,Finland,Room per night,da6e4dca-6f8c-4c79-b678-ea274e7538c0,Finland,Unknown,GHG_CO2_KGCO2_e,11.085,Unknown
Travel,Accommodation,Hotel Stays,Finland,Room per night,da6e4dca-6f8c-4c79-b678-ea274e7538c0,Finland,Unknown,GHG_N2O_KGCO2_e,0,Unknown
Travel,Accommodation,Hotel Stays,Finland,Room per night,da6e4dca-6f8c-4c79-b678-ea274e7538c0,Finland,Unknown,GHG_TOTAL_KGCO2_e,11.085,Unknown
Travel,Accommodation,Hotel Stays,France,Room per night,ca0eafa2-db30-4e63-86ca-c78affa0b640,France,Unknown,GHG_CH4_KGCO2_e,0,Unknown
Travel,Accommodation,Hotel Stays,France,Room per night,ca0eafa2-db30-4e63-86ca-c78affa0b640,France,Unknown,GHG_CO2_KGCO2_e,6.99968,Unknown
Travel,Accommodation,Hotel Stays,France,Room per night,ca0eafa2-db30-4e63-86ca-c78affa0b640,France,Unknown,GHG_N2O_KGCO2_e,0,Unknown
Travel,Accommodation,Hotel Stays,France,Room per night,ca0eafa2-db30-4e63-86ca-c78affa0b640,France,Unknown,GHG_TOTAL_KGCO2_e,6.99968,Unknown
Travel,Accommodation,Hotel Stays,Georgia,Room per night,770d7941-6133-4823-8f13-6560cb94642d,Georgia,Unknown,GHG_CH4_KGCO2_e,0,Unknown
Travel,Accommodation,Hotel Stays,Georgia,Room per night,770d7941-6133-4823-8f13-6560cb94642d,Georgia,Unknown,GHG_CO2_KGCO2_e,23.6745,Unknown
Travel,Accommodation,Hotel Stays,Georgia,Room per night,770d7941-6133-4823-8f13-6560cb94642d,Georgia,Unknown,GHG_N2O_KGCO2_e,0,Unknown
Travel,Accommodation,Hotel Stays,Georgia,Room per night,770d7941-6133-4823-8f13-6560cb94642d,Georgia,Unknown,GHG_TOTAL_KGCO2_e,23.6745,Unknown
Travel,Accommodation,Hotel Stays,Germany,Room per night,25b62bac-ab7f-4d1f-90d9-88bd5edb5ae6,Germany,Unknown,GHG_CH4_KGCO2_e,0,Unknown
Travel,Accommodation,Hotel Stays,Germany,Room per night,25b62bac-ab7f-4d1f-90d9-88bd5edb5ae6,Germany,Unknown,GHG_CO2_KGCO2_e,13.5052,Unknown
Travel,Accommodation,Hotel Stays,Germany,Room per night,25b62bac-ab7f-4d1f-90d9-88bd5edb5ae6,Germany,Unknown,GHG_N2O_KGCO2_e,0,Unknown
Travel,Accommodation,Hotel Stays,Germany,Room per night,25b62bac-ab7f-4d1f-90d9-88bd5edb5ae6,Germany,Unknown,GHG_TOTAL_KGCO2_e,13.5052,Unknown
Travel,Accommodation,Hotel Stays,Greece,Room per night,0db308f7-5aa1-48ea-ad32-124f7febe9e9,Greece,Unknown,GHG_CH4_KGCO2_e,0,Unknown
Travel,Accommodation,Hotel Stays,Greece,Room per night,0db308f7-5aa1-48ea-ad32-124f7febe9e9,Greece,Unknown,GHG_CO2_KGCO2_e,16.3115,Unknown
Travel,Accommodation,Hotel Stays,Greece,Room per night,0db308f7-5aa1-48ea-ad32-124f7febe9e9,Greece,Unknown,GHG_N2O_KGCO2_e,0,Unknown
Travel,Accommodation,Hotel Stays,Greece,Room per night,0db308f7-5aa1-48ea-ad32-124f7febe9e9,Greece,Unknown,GHG_TOTAL_KGCO2_e,16.3115,Unknown
Travel,Accommodation,Hotel Stays,Hong Kong,Room per night,d3425838-9b05-40c6-b31c-d27cf746c7ca,Hong Kong,Unknown,GHG_CH4_KGCO2_e,0,Unknown
Travel,Accommodation,Hotel Stays,Hong Kong,Room per night,d3425838-9b05-40c6-b31c-d27cf746c7ca,Hong Kong,Unknown,GHG_CO2_KGCO2_e,53.0916,Unknown
Travel,Accommodation,Hotel Stays,Hong Kong,Room per night,d3425838-9b05-40c6-b31c-d27cf746c7ca,Hong Kong,Unknown,GHG_N2O_KGCO2_e,0,Unknown
Travel,Accommodation,Hotel Stays,Hong Kong,Room per night,d3425838-9b05-40c6-b31c-d27cf746c7ca,Hong Kong,Unknown,GHG_TOTAL_KGCO2_e,53.0916,Unknown
Travel,Accommodation,Hotel Stays,Hungary,Room per night,91776846-453c-4204-8dd8-535b7cdf1f76,Hungary,Unknown,GHG_CH4_KGCO2_e,0,Unknown
Travel,Accommodation,Hotel Stays,Hungary,Room per night,91776846-453c-4204-8dd8-535b7cdf1f76,Hungary,Unknown,GHG_CO2_KGCO2_e,19.2408,Unknown
Travel,Accommodation,Hotel Stays,Hungary,Room per night,91776846-453c-4204-8dd8-535b7cdf1f76,Hungary,Unknown,GHG_N2O_KGCO2_e,0,Unknown
Travel,Accommodation,Hotel Stays,Hungary,Room per night,91776846-453c-4204-8dd8-535b7cdf1f76,Hungary,Unknown,GHG_TOTAL_KGCO2_e,19.2408,Unknown
Travel,Accommodation,Hotel Stays,India,Room per night,9aa2e4ad-ce99-4806-b8ec-3f1bfcabcb1e,India,Unknown,GHG_CH4_KGCO2_e,0,Unknown
Travel,Accommodation,Hotel Stays,India,Room per night,9aa2e4ad-ce99-4806-b8ec-3f1bfcabcb1e,India,Unknown,GHG_CO2_KGCO2_e,51.0974,Unknown
Travel,Accommodation,Hotel Stays,India,Room per night,9aa2e4ad-ce99-4806-b8ec-3f1bfcabcb1e,India,Unknown,GHG_N2O_KGCO2_e,0,Unknown
Travel,Accommodation,Hotel Stays,India,Room per night,9aa2e4ad-ce99-4806-b8ec-3f1bfcabcb1e,India,Unknown,GHG_TOTAL_KGCO2_e,51.0974,Unknown
Travel,Accommodation,Hotel Stays,Indonesia,Room per night,d6495ca2-5fe2-4434-95ee-9ace9547ea24,Indonesia,Unknown,GHG_CH4_KGCO2_e,0,Unknown
Travel,Accommodation,Hotel Stays,Indonesia,Room per night,d6495ca2-5fe2-4434-95ee-9ace9547ea24,Indonesia,Unknown,GHG_CO2_KGCO2_e,44.684,Unknown
Travel,Accommodation,Hotel Stays,Indonesia,Room per night,d6495ca2-5fe2-4434-95ee-9ace9547ea24,Indonesia,Unknown,GHG_N2O_KGCO2_e,0,Unknown
Travel,Accommodation,Hotel Stays,Indonesia,Room per night,d6495ca2-5fe2-4434-95ee-9ace9547ea24,Indonesia,Unknown,GHG_TOTAL_KGCO2_e,44.684,Unknown
Travel,Accommodation,Hotel Stays,Ireland,Room per night,c54f31a4-de37-498a-88b8-9701511ada5c,Ireland,Unknown,GHG_CH4_KGCO2_e,0,Unknown
Travel,Accommodation,Hotel Stays,Ireland,Room per night,c54f31a4-de37-498a-88b8-9701511ada5c,Ireland,Unknown,GHG_CO2_KGCO2_e,13.8604,Unknown
Travel,Accommodation,Hotel Stays,Ireland,Room per night,c54f31a4-de37-498a-88b8-9701511ada5c,Ireland,Unknown,GHG_N2O_KGCO2_e,0,Unknown
Travel,Accommodation,Hotel Stays,Ireland,Room per night,c54f31a4-de37-498a-88b8-9701511ada5c,Ireland,Unknown,GHG_TOTAL_KGCO2_e,13.8604,Unknown
Travel,Accommodation,Hotel Stays,Israel,Room per night,35583f4c-b290-4589-b1e6-466fbc2b4d74,Israel,Unknown,GHG_CH4_KGCO2_e,0,Unknown
Travel,Accommodation,Hotel Stays,Israel,Room per night,35583f4c-b290-4589-b1e6-466fbc2b4d74,Israel,Unknown,GHG_CO2_KGCO2_e,36.0594,Unknown
Travel,Accommodation,Hotel Stays,Israel,Room per night,35583f4c-b290-4589-b1e6-466fbc2b4d74,Israel,Unknown,GHG_N2O_KGCO2_e,0,Unknown
Travel,Accommodation,Hotel Stays,Israel,Room per night,35583f4c-b290-4589-b1e6-466fbc2b4d74,Israel,Unknown,GHG_TOTAL_KGCO2_e,36.0594,Unknown
Travel,Accommodation,Hotel Stays,Italy,Room per night,eb381dfc-25f7-4897-bc6b-61dadb68045f,Italy,Unknown,GHG_CH4_KGCO2_e,0,Unknown
Travel,Accommodation,Hotel Stays,Italy,Room per night,eb381dfc-25f7-4897-bc6b-61dadb68045f,Italy,Unknown,GHG_CO2_KGCO2_e,16.6438,Unknown
Travel,Accommodation,Hotel Stays,Italy,Room per night,eb381dfc-25f7-4897-bc6b-61dadb68045f,Italy,Unknown,GHG_N2O_KGCO2_e,0,Unknown
Travel,Accommodation,Hotel Stays,Italy,Room per night,eb381dfc-25f7-4897-bc6b-61dadb68045f,Italy,Unknown,GHG_TOTAL_KGCO2_e,16.6438,Unknown
Travel,Accommodation,Hotel Stays,Japan,Room per night,8030422b-a94f-4a24-b9f3-2d3e6d8bf2d2,Japan,Unknown,GHG_CH4_KGCO2_e,0,Unknown
Travel,Accommodation,Hotel Stays,Japan,Room per night,8030422b-a94f-4a24-b9f3-2d3e6d8bf2d2,Japan,Unknown,GHG_CO2_KGCO2_e,30.1141,Unknown
Travel,Accommodation,Hotel Stays,Japan,Room per night,8030422b-a94f-4a24-b9f3-2d3e6d8bf2d2,Japan,Unknown,GHG_N2O_KGCO2_e,0,Unknown
Travel,Accommodation,Hotel Stays,Japan,Room per night,8030422b-a94f-4a24-b9f3-2d3e6d8bf2d2,Japan,Unknown,GHG_TOTAL_KGCO2_e,30.1141,Unknown
Travel,Accommodation,Hotel Stays,Jordan,Room per night,fb5a3a41-f1cf-4658-8d1c-c54cad71d062,Jordan,Unknown,GHG_CH4_KGCO2_e,0,Unknown
Travel,Accommodation,Hotel Stays,Jordan,Room per night,fb5a3a41-f1cf-4658-8d1c-c54cad71d062,Jordan,Unknown,GHG_CO2_KGCO2_e,43.885,Unknown
Travel,Accommodation,Hotel Stays,Jordan,Room per night,fb5a3a41-f1cf-4658-8d1c-c54cad71d062,Jordan,Unknown,GHG_N2O_KGCO2_e,0,Unknown
Travel,Accommodation,Hotel Stays,Jordan,Room per night,fb5a3a41-f1cf-4658-8d1c-c54cad71d062,Jordan,Unknown,GHG_TOTAL_KGCO2_e,43.885,Unknown
Travel,Accommodation,Hotel Stays,Kazakhstan,Room per night,e0b48361-c87f-4ea3-b38e-c250d177630f,Kazakhstan,Unknown,GHG_CH4_KGCO2_e,0,Unknown
Travel,Accommodation,Hotel Stays,Kazakhstan,Room per night,e0b48361-c87f-4ea3-b38e-c250d177630f,Kazakhstan,Unknown,GHG_CO2_KGCO2_e,42.0011,Unknown
Travel,Accommodation,Hotel Stays,Kazakhstan,Room per night,e0b48361-c87f-4ea3-b38e-c250d177630f,Kazakhstan,Unknown,GHG_N2O_KGCO2_e,0,Unknown
Travel,Accommodation,Hotel Stays,Kazakhstan,Room per night,e0b48361-c87f-4ea3-b38e-c250d177630f,Kazakhstan,Unknown,GHG_TOTAL_KGCO2_e,42.0011,Unknown
Travel,Accommodation,Hotel Stays,Malaysia,Room per night,788557ed-90e1-46c7-8aae-fea29056ed6f,Malaysia,Unknown,GHG_CH4_KGCO2_e,0,Unknown
Travel,Accommodation,Hotel Stays,Malaysia,Room per night,788557ed-90e1-46c7-8aae-fea29056ed6f,Malaysia,Unknown,GHG_CO2_KGCO2_e,53.1705,Unknown
Travel,Accommodation,Hotel Stays,Malaysia,Room per night,788557ed-90e1-46c7-8aae-fea29056ed6f,Malaysia,Unknown,GHG_N2O_KGCO2_e,0,Unknown
Travel,Accommodation,Hotel Stays,Malaysia,Room per night,788557ed-90e1-46c7-8aae-fea29056ed6f,Malaysia,Unknown,GHG_TOTAL_KGCO2_e,53.1705,Unknown
Travel,Accommodation,Hotel Stays,Mexico,Room per night,3956bcc3-91c8-4548-80c6-7ee6ebcac3e1,Mexico,Unknown,GHG_CH4_KGCO2_e,0,Unknown
Travel,Accommodation,Hotel Stays,Mexico,Room per night,3956bcc3-91c8-4548-80c6-7ee6ebcac3e1,Mexico,Unknown,GHG_CO2_KGCO2_e,18.3703,Unknown
Travel,Accommodation,Hotel Stays,Mexico,Room per night,3956bcc3-91c8-4548-80c6-7ee6ebcac3e1,Mexico,Unknown,GHG_N2O_KGCO2_e,0,Unknown
Travel,Accommodation,Hotel Stays,Mexico,Room per night,3956bcc3-91c8-4548-80c6-7ee6ebcac3e1,Mexico,Unknown,GHG_TOTAL_KGCO2_e,18.3703,Unknown
Travel,Accommodation,Hotel Stays,Morocco,Room per night,b575f154-d852-4ff4-8f9a-938fa2aace19,Morocco,Unknown,GHG_CH4_KGCO2_e,0,Unknown
Travel,Accommodation,Hotel Stays,Morocco,Room per night,b575f154-d852-4ff4-8f9a-938fa2aace19,Morocco,Unknown,GHG_CO2_KGCO2_e,47.8092,Unknown
Travel,Accommodation,Hotel Stays,Morocco,Room per night,b575f154-d852-4ff4-8f9a-938fa2aace19,Morocco,Unknown,GHG_N2O_KGCO2_e,0,Unknown
Travel,Accommodation,Hotel Stays,Morocco,Room per night,b575f154-d852-4ff4-8f9a-938fa2aace19,Morocco,Unknown,GHG_TOTAL_KGCO2_e,47.8092,Unknown
Travel,Accommodation,Hotel Stays,Netherlands,Room per night,4b577f0d-b7ce-4cf1-baa1-c88e6babdf62,Netherlands,Unknown,GHG_CH4_KGCO2_e,0,Unknown
Travel,Accommodation,Hotel Stays,Netherlands,Room per night,4b577f0d-b7ce-4cf1-baa1-c88e6babdf62,Netherlands,Unknown,GHG_CO2_KGCO2_e,12.615,Unknown
Travel,Accommodation,Hotel Stays,Netherlands,Room per night,4b577f0d-b7ce-4cf1-baa1-c88e6babdf62,Netherlands,Unknown,GHG_N2O_KGCO2_e,0,Unknown
Travel,Accommodation,Hotel Stays,Netherlands,Room per night,4b577f0d-b7ce-4cf1-baa1-c88e6babdf62,Netherlands,Unknown,GHG_TOTAL_KGCO2_e,12.615,Unknown
Travel,Accommodation,Hotel Stays,New Zealand,Room per night,22a80144-9f89-4a7a-941e-f40943ee6bb4,New Zealand,Unknown,GHG_CH4_KGCO2_e,0,Unknown
Travel,Accommodation,Hotel Stays,New Zealand,Room per night,22a80144-9f89-4a7a-941e-f40943ee6bb4,New Zealand,Unknown,GHG_CO2_KGCO2_e,8.33691,Unknown
Travel,Accommodation,Hotel Stays,New Zealand,Room per night,22a80144-9f89-4a7a-941e-f40943ee6bb4,New Zealand,Unknown,GHG_N2O_KGCO2_e,0,Unknown
Travel,Accommodation,Hotel Stays,New Zealand,Room per night,22a80144-9f89-4a7a-941e-f40943ee6bb4,New Zealand,Unknown,GHG_TOTAL_KGCO2_e,8.33691,Unknown
Travel,Accommodation,Hotel Stays,Nigeria,Room per night,2dc99fd2-da14-46d3-91ed-82ca3b664960,Nigeria,Unknown,GHG_CH4_KGCO2_e,0,Unknown
Travel,Accommodation,Hotel Stays,Nigeria,Room per night,2dc99fd2-da14-46d3-91ed-82ca3b664960,Nigeria,Unknown,GHG_CO2_KGCO2_e,42.9759,Unknown
Travel,Accommodation,Hotel Stays,Nigeria,Room per night,2dc99fd2-da14-46d3-91ed-82ca3b664960,Nigeria,Unknown,GHG_N2O_KGCO2_e,0,Unknown
Travel,Accommodation,Hotel Stays,Nigeria,Room per night,2dc99fd2-da14-46d3-91ed-82ca3b664960,Nigeria,Unknown,GHG_TOTAL_KGCO2_e,42.9759,Unknown
Travel,Accommodation,Hotel Stays,Oman,Room per night,52cd4c1f-3901-4bb0-b8c0-bfa1e14dffac,Oman,Unknown,GHG_CH4_KGCO2_e,0,Unknown
Travel,Accommodation,Hotel Stays,Oman,Room per night,52cd4c1f-3901-4bb0-b8c0-bfa1e14dffac,Oman,Unknown,GHG_CO2_KGCO2_e,46.4389,Unknown
Travel,Accommodation,Hotel Stays,Oman,Room per night,52cd4c1f-3901-4bb0-b8c0-bfa1e14dffac,Oman,Unknown,GHG_N2O_KGCO2_e,0,Unknown
Travel,Accommodation,Hotel Stays,Oman,Room per night,52cd4c1f-3901-4bb0-b8c0-bfa1e14dffac,Oman,Unknown,GHG_TOTAL_KGCO2_e,46.4389,Unknown
Travel,Accommodation,Hotel Stays,Panama,Room per night,d35c5181-06d0-4bb1-8dcf-aa5ef0b9e9ca,Panama,Unknown,GHG_CH4_KGCO2_e,0,Unknown
Travel,Accommodation,Hotel Stays,Panama,Room per night,d35c5181-06d0-4bb1-8dcf-aa5ef0b9e9ca,Panama,Unknown,GHG_CO2_KGCO2_e,21.0694,Unknown
Travel,Accommodation,Hotel Stays,Panama,Room per night,d35c5181-06d0-4bb1-8dcf-aa5ef0b9e9ca,Panama,Unknown,GHG_N2O_KGCO2_e,0,Unknown
Travel,Accommodation,Hotel Stays,Panama,Room per night,d35c5181-06d0-4bb1-8dcf-aa5ef0b9e9ca,Panama,Unknown,GHG_TOTAL_KGCO2_e,21.0694,Unknown
Travel,Accommodation,Hotel Stays,Peru,Room per night,fa9d72e6-8dca-4502-b7f4-8ccf6fb212db,Peru,Unknown,GHG_CH4_KGCO2_e,0,Unknown
Travel,Accommodation,Hotel Stays,Peru,Room per night,fa9d72e6-8dca-4502-b7f4-8ccf6fb212db,Peru,Unknown,GHG_CO2_KGCO2_e,17.3733,Unknown
Travel,Accommodation,Hotel Stays,Peru,Room per night,fa9d72e6-8dca-4502-b7f4-8ccf6fb212db,Peru,Unknown,GHG_N2O_KGCO2_e,0,Unknown
Travel,Accommodation,Hotel Stays,Peru,Room per night,fa9d72e6-8dca-4502-b7f4-8ccf6fb212db,Peru,Unknown,GHG_TOTAL_KGCO2_e,17.3733,Unknown
Travel,Accommodation,Hotel Stays,Philippines,Room per night,23a20aa5-62b3-4d2f-acd0-3c2b0cbeb5c7,Philippines,Unknown,GHG_CH4_KGCO2_e,0,Unknown
Travel,Accommodation,Hotel Stays,Philippines,Room per night,23a20aa5-62b3-4d2f-acd0-3c2b0cbeb5c7,Philippines,Unknown,GHG_CO2_KGCO2_e,50.552,Unknown
Travel,Accommodation,Hotel Stays,Philippines,Room per night,23a20aa5-62b3-4d2f-acd0-3c2b0cbeb5c7,Philippines,Unknown,GHG_N2O_KGCO2_e,0,Unknown
Travel,Accommodation,Hotel Stays,Philippines,Room per night,23a20aa5-62b3-4d2f-acd0-3c2b0cbeb5c7,Philippines,Unknown,GHG_TOTAL_KGCO2_e,50.552,Unknown
Travel,Accommodation,Hotel Stays,Poland,Room per night,965cc11c-9899-4511-b086-014e2c6410d0,Poland,Unknown,GHG_CH4_KGCO2_e,0,Unknown
Travel,Accommodation,Hotel Stays,Poland,Room per night,965cc11c-9899-4511-b086-014e2c6410d0,Poland,Unknown,GHG_CO2_KGCO2_e,25.0656,Unknown
Travel,Accommodation,Hotel Stays,Poland,Room per night,965cc11c-9899-4511-b086-014e2c6410d0,Poland,Unknown,GHG_N2O_KGCO2_e,0,Unknown
Travel,Accommodation,Hotel Stays,Poland,Room per night,965cc11c-9899-4511-b086-014e2c6410d0,Poland,Unknown,GHG_TOTAL_KGCO2_e,25.0656,Unknown
Travel,Accommodation,Hotel Stays,Portugal,Room per night,f8dcce4a-b4ec-437a-bc93-89eb6ddea705,Portugal,Unknown,GHG_CH4_KGCO2_e,0,Unknown
Travel,Accommodation,Hotel Stays,Portugal,Room per night,f8dcce4a-b4ec-437a-bc93-89eb6ddea705,Portugal,Unknown,GHG_CO2_KGCO2_e,12.26,Unknown
Travel,Accommodation,Hotel Stays,Portugal,Room per night,f8dcce4a-b4ec-437a-bc93-89eb6ddea705,Portugal,Unknown,GHG_N2O_KGCO2_e,0,Unknown
Travel,Accommodation,Hotel Stays,Portugal,Room per night,f8dcce4a-b4ec-437a-bc93-89eb6ddea705,Portugal,Unknown,GHG_TOTAL_KGCO2_e,12.26,Unknown
Travel,Accommodation,Hotel Stays,Puerto Rico- USA,Room per night,a6d6f5ce-9cb3-4318-b489-217474f47331,Puerto Rico- USA,Unknown,GHG_CH4_KGCO2_e,0,Unknown
Travel,Accommodation,Hotel Stays,Puerto Rico- USA,Room per night,a6d6f5ce-9cb3-4318-b489-217474f47331,Puerto Rico- USA,Unknown,GHG_CO2_KGCO2_e,33.157,Unknown
Travel,Accommodation,Hotel Stays,Puerto Rico- USA,Room per night,a6d6f5ce-9cb3-4318-b489-217474f47331,Puerto Rico- USA,Unknown,GHG_N2O_KGCO2_e,0,Unknown
Travel,Accommodation,Hotel Stays,Puerto Rico- USA,Room per night,a6d6f5ce-9cb3-4318-b489-217474f47331,Puerto Rico- USA,Unknown,GHG_TOTAL_KGCO2_e,33.157,Unknown
Travel,Accommodation,Hotel Stays,Qatar,Room per night,881a2c6f-9a00-45c1-b622-fc9acef6fc75,Qatar,Unknown,GHG_CH4_KGCO2_e,0,Unknown
Travel,Accommodation,Hotel Stays,Qatar,Room per night,881a2c6f-9a00-45c1-b622-fc9acef6fc75,Qatar,Unknown,GHG_CO2_KGCO2_e,70.7759,Unknown
Travel,Accommodation,Hotel Stays,Qatar,Room per night,881a2c6f-9a00-45c1-b622-fc9acef6fc75,Qatar,Unknown,GHG_N2O_KGCO2_e,0,Unknown
Travel,Accommodation,Hotel Stays,Qatar,Room per night,881a2c6f-9a00-45c1-b622-fc9acef6fc75,Qatar,Unknown,GHG_TOTAL_KGCO2_e,70.7759,Unknown
Travel,Accommodation,Hotel Stays,Romania,Room per night,66203ece-3f60-4d2e-afe8-7675039dcbe5,Romania,Unknown,GHG_CH4_KGCO2_e,0,Unknown
Travel,Accommodation,Hotel Stays,Romania,Room per night,66203ece-3f60-4d2e-afe8-7675039dcbe5,Romania,Unknown,GHG_CO2_KGCO2_e,16.6843,Unknown
Travel,Accommodation,Hotel Stays,Romania,Room per night,66203ece-3f60-4d2e-afe8-7675039dcbe5,Romania,Unknown,GHG_N2O_KGCO2_e,0,Unknown
Travel,Accommodation,Hotel Stays,Romania,Room per night,66203ece-3f60-4d2e-afe8-7675039dcbe5,Romania,Unknown,GHG_TOTAL_KGCO2_e,16.6843,Unknown
Travel,Accommodation,Hotel Stays,Russian Federation,Room per night,cb979c26-6c53-4d1f-9f9e-99fcade16505,Russian Federation,Unknown,GHG_CH4_KGCO2_e,0,Unknown
Travel,Accommodation,Hotel Stays,Russian Federation,Room per night,cb979c26-6c53-4d1f-9f9e-99fcade16505,Russian Federation,Unknown,GHG_CO2_KGCO2_e,21.5086,Unknown
Travel,Accommodation,Hotel Stays,Russian Federation,Room per night,cb979c26-6c53-4d1f-9f9e-99fcade16505,Russian Federation,Unknown,GHG_N2O_KGCO2_e,0,Unknown
Travel,Accommodation,Hotel Stays,Russian Federation,Room per night,cb979c26-6c53-4d1f-9f9e-99fcade16505,Russian Federation,Unknown,GHG_TOTAL_KGCO2_e,21.5086,Unknown
Travel,Accommodation,Hotel Stays,Saudi Arabia,Room per night,c13d4236-4f85-42a6-86f7-5ba21bc24489,Saudi Arabia,Unknown,GHG_CH4_KGCO2_e,0,Unknown
Travel,Accommodation,Hotel Stays,Saudi Arabia,Room per night,c13d4236-4f85-42a6-86f7-5ba21bc24489,Saudi Arabia,Unknown,GHG_CO2_KGCO2_e,60.6826,Unknown
Travel,Accommodation,Hotel Stays,Saudi Arabia,Room per night,c13d4236-4f85-42a6-86f7-5ba21bc24489,Saudi Arabia,Unknown,GHG_N2O_KGCO2_e,0,Unknown
Travel,Accommodation,Hotel Stays,Saudi Arabia,Room per night,c13d4236-4f85-42a6-86f7-5ba21bc24489,Saudi Arabia,Unknown,GHG_TOTAL_KGCO2_e,60.6826,Unknown
Travel,Accommodation,Hotel Stays,Singapore,Room per night,d414f294-90fe-4d8c-9f4c-1f994f06fdc8,Singapore,Unknown,GHG_CH4_KGCO2_e,0,Unknown
Travel,Accommodation,Hotel Stays,Singapore,Room per night,d414f294-90fe-4d8c-9f4c-1f994f06fdc8,Singapore,Unknown,GHG_CO2_KGCO2_e,27.2271,Unknown
Travel,Accommodation,Hotel Stays,Singapore,Room per night,d414f294-90fe-4d8c-9f4c-1f994f06fdc8,Singapore,Unknown,GHG_N2O_KGCO2_e,0,Unknown
Travel,Accommodation,Hotel Stays,Singapore,Room per night,d414f294-90fe-4d8c-9f4c-1f994f06fdc8,Singapore,Unknown,GHG_TOTAL_KGCO2_e,27.2271,Unknown
Travel,Accommodation,Hotel Stays,Slovak Republic,Room per night,42ac1c9f-5319-4d10-97d5-1fed6c5c4ff9,Slovak Republic,Unknown,GHG_CH4_KGCO2_e,0,Unknown
Travel,Accommodation,Hotel Stays,Slovak Republic,Room per night,42ac1c9f-5319-4d10-97d5-1fed6c5c4ff9,Slovak Republic,Unknown,GHG_CO2_KGCO2_e,10.2154,Unknown
Travel,Accommodation,Hotel Stays,Slovak Republic,Room per night,42ac1c9f-5319-4d10-97d5-1fed6c5c4ff9,Slovak Republic,Unknown,GHG_N2O_KGCO2_e,0,Unknown
Travel,Accommodation,Hotel Stays,Slovak Republic,Room per night,42ac1c9f-5319-4d10-97d5-1fed6c5c4ff9,Slovak Republic,Unknown,GHG_TOTAL_KGCO2_e,10.2154,Unknown
Travel,Accommodation,Hotel Stays,South Africa,Room per night,0b115bd4-3f54-47d9-9d32-7ebf53102aaa,South Africa,Unknown,GHG_CH4_KGCO2_e,0,Unknown
Travel,Accommodation,Hotel Stays,South Africa,Room per night,0b115bd4-3f54-47d9-9d32-7ebf53102aaa,South Africa,Unknown,GHG_CO2_KGCO2_e,29.396,Unknown
Travel,Accommodation,Hotel Stays,South Africa,Room per night,0b115bd4-3f54-47d9-9d32-7ebf53102aaa,South Africa,Unknown,GHG_N2O_KGCO2_e,0,Unknown
Travel,Accommodation,Hotel Stays,South Africa,Room per night,0b115bd4-3f54-47d9-9d32-7ebf53102aaa,South Africa,Unknown,GHG_TOTAL_KGCO2_e,29.396,Unknown
Travel,Accommodation,Hotel Stays,South Korea,Room per night,445d1a5f-051e-4625-9bde-4d330372c90c,South Korea,Unknown,GHG_CH4_KGCO2_e,0,Unknown
Travel,Accommodation,Hotel Stays,South Korea,Room per night,445d1a5f-051e-4625-9bde-4d330372c90c,South Korea,Unknown,GHG_CO2_KGCO2_e,31.5832,Unknown
Travel,Accommodation,Hotel Stays,South Korea,Room per night,445d1a5f-051e-4625-9bde-4d330372c90c,South Korea,Unknown,GHG_N2O_KGCO2_e,0,Unknown
Travel,Accommodation,Hotel Stays,South Korea,Room per night,445d1a5f-051e-4625-9bde-4d330372c90c,South Korea,Unknown,GHG_TOTAL_KGCO2_e,31.5832,Unknown
Travel,Accommodation,Hotel Stays,Spain,Room per night,4f8b43e6-8bff-4b68-82e4-0b2ea886fcce,Spain,Unknown,GHG_CH4_KGCO2_e,0,Unknown
Travel,Accommodation,Hotel Stays,Spain,Room per night,4f8b43e6-8bff-4b68-82e4-0b2ea886fcce,Spain,Unknown,GHG_CO2_KGCO2_e,10.9898,Unknown
Travel,Accommodation,Hotel Stays,Spain,Room per night,4f8b43e6-8bff-4b68-82e4-0b2ea886fcce,Spain,Unknown,GHG_N2O_KGCO2_e,0,Unknown
Travel,Accommodation,Hotel Stays,Spain,Room per night,4f8b43e6-8bff-4b68-82e4-0b2ea886fcce,Spain,Unknown,GHG_TOTAL_KGCO2_e,10.9898,Unknown
Travel,Accommodation,Hotel Stays,Switzerland,Room per night,1c8adf23-0d64-4e6a-a278-436aae25f74c,Switzerland,Unknown,GHG_CH4_KGCO2_e,0,Unknown
Travel,Accommodation,Hotel Stays,Switzerland,Room per night,1c8adf23-0d64-4e6a-a278-436aae25f74c,Switzerland,Unknown,GHG_CO2_KGCO2_e,5.9885,Unknown
Travel,Accommodation,Hotel Stays,Switzerland,Room per night,1c8adf23-0d64-4e6a-a278-436aae25f74c,Switzerland,Unknown,GHG_N2O_KGCO2_e,0,Unknown
Travel,Accommodation,Hotel Stays,Switzerland,Room per night,1c8adf23-0d64-4e6a-a278-436aae25f74c,Switzerland,Unknown,GHG_TOTAL_KGCO2_e,5.9885,Unknown
Travel,Accommodation,Hotel Stays,Taiwan- China,Room per night,d13ad61a-7675-466f-9004-3a1415072183,Taiwan- China,Unknown,GHG_CH4_KGCO2_e,0,Unknown
Travel,Accommodation,Hotel Stays,Taiwan- China,Room per night,d13ad61a-7675-466f-9004-3a1415072183,Taiwan- China,Unknown,GHG_CO2_KGCO2_e,37.0227,Unknown
Travel,Accommodation,Hotel Stays,Taiwan- China,Room per night,d13ad61a-7675-466f-9004-3a1415072183,Taiwan- China,Unknown,GHG_N2O_KGCO2_e,0,Unknown
Travel,Accommodation,Hotel Stays,Taiwan- China,Room per night,d13ad61a-7675-466f-9004-3a1415072183,Taiwan- China,Unknown,GHG_TOTAL_KGCO2_e,37.0227,Unknown
Travel,Accommodation,Hotel Stays,Tanzania,Room per night,4bc0dad9-53b0-4431-b4d8-d60e9a2038cd,Tanzania,Unknown,GHG_CH4_KGCO2_e,0,Unknown
Travel,Accommodation,Hotel Stays,Tanzania,Room per night,4bc0dad9-53b0-4431-b4d8-d60e9a2038cd,Tanzania,Unknown,GHG_CO2_KGCO2_e,21.4907,Unknown
Travel,Accommodation,Hotel Stays,Tanzania,Room per night,4bc0dad9-53b0-4431-b4d8-d60e9a2038cd,Tanzania,Unknown,GHG_N2O_KGCO2_e,0,Unknown
Travel,Accommodation,Hotel Stays,Tanzania,Room per night,4bc0dad9-53b0-4431-b4d8-d60e9a2038cd,Tanzania,Unknown,GHG_TOTAL_KGCO2_e,21.4907,Unknown
Travel,Accommodation,Hotel Stays,Thailand,Room per night,3e20dc47-6f22-48d7-9f49-09f793cfcfc6,Thailand,Unknown,GHG_CH4_KGCO2_e,0,Unknown
Travel,Accommodation,Hotel Stays,Thailand,Room per night,3e20dc47-6f22-48d7-9f49-09f793cfcfc6,Thailand,Unknown,GHG_CO2_KGCO2_e,31.2815,Unknown
Travel,Accommodation,Hotel Stays,Thailand,Room per night,3e20dc47-6f22-48d7-9f49-09f793cfcfc6,Thailand,Unknown,GHG_N2O_KGCO2_e,0,Unknown
Travel,Accommodation,Hotel Stays,Thailand,Room per night,3e20dc47-6f22-48d7-9f49-09f793cfcfc6,Thailand,Unknown,GHG_TOTAL_KGCO2_e,31.2815,Unknown
Travel,Accommodation,Hotel Stays,Turkey,Room per night,ca94fc41-c37b-4d83-9a7f-a4f5548b6ec2,Turkey,Unknown,GHG_CH4_KGCO2_e,0,Unknown
Travel,Accommodation,Hotel Stays,Turkey,Room per night,ca94fc41-c37b-4d83-9a7f-a4f5548b6ec2,Turkey,Unknown,GHG_CO2_KGCO2_e,29.1942,Unknown
Travel,Accommodation,Hotel Stays,Turkey,Room per night,ca94fc41-c37b-4d83-9a7f-a4f5548b6ec2,Turkey,Unknown,GHG_N2O_KGCO2_e,0,Unknown
Travel,Accommodation,Hotel Stays,Turkey,Room per night,ca94fc41-c37b-4d83-9a7f-a4f5548b6ec2,Turkey,Unknown,GHG_TOTAL_KGCO2_e,29.1942,Unknown
Travel,Accommodation,Hotel Stays,United Arab Emirates,Room per night,f9730c0f-b1d1-411f-9ef5-a43693ae9770,United Arab Emirates,Unknown,GHG_CH4_KGCO2_e,0,Unknown
Travel,Accommodation,Hotel Stays,United Arab Emirates,Room per night,f9730c0f-b1d1-411f-9ef5-a43693ae9770,United Arab Emirates,Unknown,GHG_CO2_KGCO2_e,42.731,Unknown
Travel,Accommodation,Hotel Stays,United Arab Emirates,Room per night,f9730c0f-b1d1-411f-9ef5-a43693ae9770,United Arab Emirates,Unknown,GHG_N2O_KGCO2_e,0,Unknown
Travel,Accommodation,Hotel Stays,United Arab Emirates,Room per night,f9730c0f-b1d1-411f-9ef5-a43693ae9770,United Arab Emirates,Unknown,GHG_TOTAL_KGCO2_e,42.731,Unknown
Travel,Accommodation,Hotel Stays,United Kingdom,Room per night,e3bc1bcb-b35f-4e30-9842-6c2272bd2d06,United Kingdom,Unknown,GHG_CH4_KGCO2_e,0,Unknown
Travel,Accommodation,Hotel Stays,United Kingdom,Room per night,e3bc1bcb-b35f-4e30-9842-6c2272bd2d06,United Kingdom,Unknown,GHG_CO2_KGCO2_e,10.0313,Unknown
Travel,Accommodation,Hotel Stays,United Kingdom,Room per night,e3bc1bcb-b35f-4e30-9842-6c2272bd2d06,United Kingdom,Unknown,GHG_N2O_KGCO2_e,0,Unknown
Travel,Accommodation,Hotel Stays,United Kingdom,Room per night,e3bc1bcb-b35f-4e30-9842-6c2272bd2d06,United Kingdom,Unknown,GHG_TOTAL_KGCO2_e,10.0313,Unknown
Travel,Accommodation,Hotel Stays,United States,Room per night,e8af009d-85c7-403d-bb58-71967829d5f4,United States,Unknown,GHG_CH4_KGCO2_e,0,Unknown
Travel,Accommodation,Hotel Stays,United States,Room per night,e8af009d-85c7-403d-bb58-71967829d5f4,United States,Unknown,GHG_CO2_KGCO2_e,15.0548,Unknown
Travel,Accommodation,Hotel Stays,United States,Room per night,e8af009d-85c7-403d-bb58-71967829d5f4,United States,Unknown,GHG_N2O_KGCO2_e,0,Unknown
Travel,Accommodation,Hotel Stays,United States,Room per night,e8af009d-85c7-403d-bb58-71967829d5f4,United States,Unknown,GHG_TOTAL_KGCO2_e,15.0548,Unknown
Travel,Accommodation,Hotel Stays,Vietnam,Room per night,fe5fc659-66bc-43f7-a18b-bdfafda35b6e,Vietnam,Unknown,GHG_CH4_KGCO2_e,0,Unknown
Travel,Accommodation,Hotel Stays,Vietnam,Room per night,fe5fc659-66bc-43f7-a18b-bdfafda35b6e,Vietnam,Unknown,GHG_CO2_KGCO2_e,52.7891,Unknown
Travel,Accommodation,Hotel Stays,Vietnam,Room per night,fe5fc659-66bc-43f7-a18b-bdfafda35b6e,Vietnam,Unknown,GHG_N2O_KGCO2_e,0,Unknown
Travel,Accommodation,Hotel Stays,Vietnam,Room per night,fe5fc659-66bc-43f7-a18b-bdfafda35b6e,Vietnam,Unknown,GHG_TOTAL_KGCO2_e,52.7891,Unknown
Travel,Accommodation,Hotel Stays,Zambia,Room per night,69003790-98c8-4944-afe4-03f4d4f021b5,Zambia,Unknown,GHG_CH4_KGCO2_e,0,Unknown
Travel,Accommodation,Hotel Stays,Zambia,Room per night,69003790-98c8-4944-afe4-03f4d4f021b5,Zambia,Unknown,GHG_CO2_KGCO2_e,9.84687,Unknown
Travel,Accommodation,Hotel Stays,Zambia,Room per night,69003790-98c8-4944-afe4-03f4d4f021b5,Zambia,Unknown,GHG_N2O_KGCO2_e,0,Unknown
Travel,Accommodation,Hotel Stays,Zambia,Room per night,69003790-98c8-4944-afe4-03f4d4f021b5,Zambia,Unknown,GHG_TOTAL_KGCO2_e,9.84687,Unknown
Travel,Domestic Air Travel,With Radiative Forcing factors,Large aircraft,pkm,51ed4d10-1b9b-4d26-872a-fcad3cb24b5f,Large aircraft,,GHG_CH4_KGCO2_e,0.0000346,Unknown
Travel,Domestic Air Travel,With Radiative Forcing factors,Large aircraft,pkm,51ed4d10-1b9b-4d26-872a-fcad3cb24b5f,Large aircraft,,GHG_CO2_KGCO2_e,0.17682,Unknown
Travel,Domestic Air Travel,With Radiative Forcing factors,Large aircraft,pkm,51ed4d10-1b9b-4d26-872a-fcad3cb24b5f,Large aircraft,,GHG_N2O_KGCO2_e,0.00131052,Unknown
Travel,Domestic Air Travel,With Radiative Forcing factors,Large aircraft,pkm,51ed4d10-1b9b-4d26-872a-fcad3cb24b5f,Large aircraft,,GHG_TOTAL_KGCO2_e,0.178165,Unknown
Travel,Domestic Air Travel,With Radiative Forcing factors,Medium aircraft,pkm,3ff09271-a89d-457c-8b0b-67457ba96bd2,Medium aircraft,,GHG_CH4_KGCO2_e,0.00004,Unknown
Travel,Domestic Air Travel,With Radiative Forcing factors,Medium aircraft,pkm,3ff09271-a89d-457c-8b0b-67457ba96bd2,Medium aircraft,,GHG_CO2_KGCO2_e,0.204262,Unknown
Travel,Domestic Air Travel,With Radiative Forcing factors,Medium aircraft,pkm,3ff09271-a89d-457c-8b0b-67457ba96bd2,Medium aircraft,,GHG_N2O_KGCO2_e,0.00151391,Unknown
Travel,Domestic Air Travel,With Radiative Forcing factors,Medium aircraft,pkm,3ff09271-a89d-457c-8b0b-67457ba96bd2,Medium aircraft,,GHG_TOTAL_KGCO2_e,0.205816,Unknown
Travel,Domestic Air Travel,With Radiative Forcing factors,National average,pkm,67d1c1e7-5d16-4fbd-befb-f89930aafe36,National average,,GHG_CH4_KGCO2_e,0.0000383,Unknown
Travel,Domestic Air Travel,With Radiative Forcing factors,National average,pkm,67d1c1e7-5d16-4fbd-befb-f89930aafe36,National average,,GHG_CO2_KGCO2_e,0.195477,Unknown
Travel,Domestic Air Travel,With Radiative Forcing factors,National average,pkm,67d1c1e7-5d16-4fbd-befb-f89930aafe36,National average,,GHG_N2O_KGCO2_e,0.0014488,Unknown
Travel,Domestic Air Travel,With Radiative Forcing factors,National average,pkm,67d1c1e7-5d16-4fbd-befb-f89930aafe36,National average,,GHG_TOTAL_KGCO2_e,0.196964,Unknown
Travel,Domestic Air Travel,With Radiative Forcing factors,Small aircraft,pkm,8d78e184-b86a-4206-873b-a05a2ba78663,Small aircraft,,GHG_CH4_KGCO2_e,0.0028842,Unknown
Travel,Domestic Air Travel,With Radiative Forcing factors,Small aircraft,pkm,8d78e184-b86a-4206-873b-a05a2ba78663,Small aircraft,,GHG_CO2_KGCO2_e,0.578912,Unknown
Travel,Domestic Air Travel,With Radiative Forcing factors,Small aircraft,pkm,8d78e184-b86a-4206-873b-a05a2ba78663,Small aircraft,,GHG_N2O_KGCO2_e,0.0090416,Unknown
Travel,Domestic Air Travel,With Radiative Forcing factors,Small aircraft,pkm,8d78e184-b86a-4206-873b-a05a2ba78663,Small aircraft,,GHG_TOTAL_KGCO2_e,0.590838,Unknown
Travel,Domestic Air Travel,Without Radiative Forcing factors,Large aircraft,pkm,51ed4d10-1b9b-4d26-872a-fcad3cb24b5f:2,Large aircraft,,GHG_CH4_KGCO2_e,0.00002036,Unknown
Travel,Domestic Air Travel,Without Radiative Forcing factors,Large aircraft,pkm,51ed4d10-1b9b-4d26-872a-fcad3cb24b5f:2,Large aircraft,,GHG_CO2_KGCO2_e,0.104012,Unknown
Travel,Domestic Air Travel,Without Radiative Forcing factors,Large aircraft,pkm,51ed4d10-1b9b-4d26-872a-fcad3cb24b5f:2,Large aircraft,,GHG_N2O_KGCO2_e,0.00077089,Unknown
Travel,Domestic Air Travel,Without Radiative Forcing factors,Large aircraft,pkm,51ed4d10-1b9b-4d26-872a-fcad3cb24b5f:2,Large aircraft,,GHG_TOTAL_KGCO2_e,0.104803,Unknown
Travel,Domestic Air Travel,Without Radiative Forcing factors,Medium aircraft,pkm,3ff09271-a89d-457c-8b0b-67457ba96bd2:2,Medium aircraft,,GHG_CH4_KGCO2_e,0.00002352,Unknown
Travel,Domestic Air Travel,Without Radiative Forcing factors,Medium aircraft,pkm,3ff09271-a89d-457c-8b0b-67457ba96bd2:2,Medium aircraft,,GHG_CO2_KGCO2_e,0.120154,Unknown
Travel,Domestic Air Travel,Without Radiative Forcing factors,Medium aircraft,pkm,3ff09271-a89d-457c-8b0b-67457ba96bd2:2,Medium aircraft,,GHG_N2O_KGCO2_e,0.00089053,Unknown
Travel,Domestic Air Travel,Without Radiative Forcing factors,Medium aircraft,pkm,3ff09271-a89d-457c-8b0b-67457ba96bd2:2,Medium aircraft,,GHG_TOTAL_KGCO2_e,0.121068,Unknown
Travel,Domestic Air Travel,Without Radiative Forcing factors,National average,pkm,67d1c1e7-5d16-4fbd-befb-f89930aafe36:2,National average,,GHG_CH4_KGCO2_e,0.00002251,Unknown
Travel,Domestic Air Travel,Without Radiative Forcing factors,National average,pkm,67d1c1e7-5d16-4fbd-befb-f89930aafe36:2,National average,,GHG_CO2_KGCO2_e,0.114987,Unknown
Travel,Domestic Air Travel,Without Radiative Forcing factors,National average,pkm,67d1c1e7-5d16-4fbd-befb-f89930aafe36:2,National average,,GHG_N2O_KGCO2_e,0.00085224,Unknown
Travel,Domestic Air Travel,Without Radiative Forcing factors,National average,pkm,67d1c1e7-5d16-4fbd-befb-f89930aafe36:2,National average,,GHG_TOTAL_KGCO2_e,0.115861,Unknown
Travel,Domestic Air Travel,Without Radiative Forcing factors,Small aircraft,pkm,8d78e184-b86a-4206-873b-a05a2ba78663:2,Small aircraft,,GHG_CH4_KGCO2_e,0.0028842,Unknown
Travel,Domestic Air Travel,Without Radiative Forcing factors,Small aircraft,pkm,8d78e184-b86a-4206-873b-a05a2ba78663:2,Small aircraft,,GHG_CO2_KGCO2_e,0.340537,Unknown
Travel,Domestic Air Travel,Without Radiative Forcing factors,Small aircraft,pkm,8d78e184-b86a-4206-873b-a05a2ba78663:2,Small aircraft,,GHG_N2O_KGCO2_e,0.0090416,Unknown
Travel,Domestic Air Travel,Without Radiative Forcing factors,Small aircraft,pkm,8d78e184-b86a-4206-873b-a05a2ba78663:2,Small aircraft,,GHG_TOTAL_KGCO2_e,0.352462,Unknown
Travel,Helicopter,Helicopter,Bell 206B,hours,f606d3a5-cc6a-4807-a94d-6e2aaef86f84,Bell 206B,Combination of rotations and cruise per flight-hour,GHG_CH4_KGCO2_e,0.06229,Unknown
Travel,Helicopter,Helicopter,Bell 206B,hours,f606d3a5-cc6a-4807-a94d-6e2aaef86f84,Bell 206B,Combination of rotations and cruise per flight-hour,GHG_CO2_KGCO2_e,318.185,Unknown
Travel,Helicopter,Helicopter,Bell 206B,hours,f606d3a5-cc6a-4807-a94d-6e2aaef86f84,Bell 206B,Combination of rotations and cruise per flight-hour,GHG_N2O_KGCO2_e,2.35812,Unknown
Travel,Helicopter,Helicopter,Bell 206B,hours,f606d3a5-cc6a-4807-a94d-6e2aaef86f84,Bell 206B,Combination of rotations and cruise per flight-hour,GHG_TOTAL_KGCO2_e,320.606,Unknown
Travel,Helicopter,Helicopter,Eurocopter AS 350B Squirrel,hours,ffe60626-db07-450b-8216-4dd4a72a29b5,Eurocopter AS 350B Squirrel,Combination of rotations and cruise per flight-hour,GHG_CH4_KGCO2_e,0.0903539,Unknown
Travel,Helicopter,Helicopter,Eurocopter AS 350B Squirrel,hours,ffe60626-db07-450b-8216-4dd4a72a29b5,Eurocopter AS 350B Squirrel,Combination of rotations and cruise per flight-hour,GHG_CO2_KGCO2_e,461.54,Unknown
Travel,Helicopter,Helicopter,Eurocopter AS 350B Squirrel,hours,ffe60626-db07-450b-8216-4dd4a72a29b5,Eurocopter AS 350B Squirrel,Combination of rotations and cruise per flight-hour,GHG_N2O_KGCO2_e,3.42054,Unknown
Travel,Helicopter,Helicopter,Eurocopter AS 350B Squirrel,hours,ffe60626-db07-450b-8216-4dd4a72a29b5,Eurocopter AS 350B Squirrel,Combination of rotations and cruise per flight-hour,GHG_TOTAL_KGCO2_e,465.05,Unknown
Travel,Helicopter,Helicopter,Eurocopter AS 350B3 Squirrel,hours,69a957e4-ddbb-492e-be11-880a39237ead,Eurocopter AS 350B3 Squirrel,Combination of rotations and cruise per flight-hour,GHG_CH4_KGCO2_e,0.0934813,Unknown
Travel,Helicopter,Helicopter,Eurocopter AS 350B3 Squirrel,hours,69a957e4-ddbb-492e-be11-880a39237ead,Eurocopter AS 350B3 Squirrel,Combination of rotations and cruise per flight-hour,GHG_CO2_KGCO2_e,477.515,Unknown
Travel,Helicopter,Helicopter,Eurocopter AS 350B3 Squirrel,hours,69a957e4-ddbb-492e-be11-880a39237ead,Eurocopter AS 350B3 Squirrel,Combination of rotations and cruise per flight-hour,GHG_N2O_KGCO2_e,3.53893,Unknown
Travel,Helicopter,Helicopter,Eurocopter AS 350B3 Squirrel,hours,69a957e4-ddbb-492e-be11-880a39237ead,Eurocopter AS 350B3 Squirrel,Combination of rotations and cruise per flight-hour,GHG_TOTAL_KGCO2_e,481.147,Unknown
Travel,Helicopter,Helicopter,Robinson R22 Beta,hours,bd79823f-3de6-485c-b4e5-5b8866210cb1,Robinson R22 Beta,Combination of rotations and cruise per flight-hour,GHG_CH4_KGCO2_e,0.0452945,Unknown
Travel,Helicopter,Helicopter,Robinson R22 Beta,hours,bd79823f-3de6-485c-b4e5-5b8866210cb1,Robinson R22 Beta,Combination of rotations and cruise per flight-hour,GHG_CO2_KGCO2_e,224.4,Unknown
Travel,Helicopter,Helicopter,Robinson R22 Beta,hours,bd79823f-3de6-485c-b4e5-5b8866210cb1,Robinson R22 Beta,Combination of rotations and cruise per flight-hour,GHG_N2O_KGCO2_e,1.71472,Unknown
Travel,Helicopter,Helicopter,Robinson R22 Beta,hours,bd79823f-3de6-485c-b4e5-5b8866210cb1,Robinson R22 Beta,Combination of rotations and cruise per flight-hour,GHG_TOTAL_KGCO2_e,226.16,Unknown
Travel,Helicopter,Helicopter,Robinson R44,hours,9ec391d9-2484-438b-9448-6034748ce73b,Robinson R44,Combination of rotations and cruise per flight-hour,GHG_CH4_KGCO2_e,0.0376825,Unknown
Travel,Helicopter,Helicopter,Robinson R44,hours,9ec391d9-2484-438b-9448-6034748ce73b,Robinson R44,Combination of rotations and cruise per flight-hour,GHG_CO2_KGCO2_e,186.688,Unknown
Travel,Helicopter,Helicopter,Robinson R44,hours,9ec391d9-2484-438b-9448-6034748ce73b,Robinson R44,Combination of rotations and cruise per flight-hour,GHG_N2O_KGCO2_e,1.42655,Unknown
Travel,Helicopter,Helicopter,Robinson R44,hours,9ec391d9-2484-438b-9448-6034748ce73b,Robinson R44,Combination of rotations and cruise per flight-hour,GHG_TOTAL_KGCO2_e,188.153,Unknown
Travel,Individual Aircraft,With radiative forcing factors,Aerospatiale/Alenia ATR 72,pkm,2bf3f026-ef41-41a9-bcda-50b401808f38,Aerospatiale/Alenia ATR 72,,GHG_CH4_KGCO2_e,0.0000220611,
Travel,Individual Aircraft,With radiative forcing factors,Aerospatiale/Alenia ATR 72,pkm,2bf3f026-ef41-41a9-bcda-50b401808f38,Aerospatiale/Alenia ATR 72,,GHG_CO2_KGCO2_e,0.191575,
Travel,Individual Aircraft,With radiative forcing factors,Aerospatiale/Alenia ATR 72,pkm,2bf3f026-ef41-41a9-bcda-50b401808f38,Aerospatiale/Alenia ATR 72,,GHG_N2O_KGCO2_e,0.000835171,
Travel,Individual Aircraft,With radiative forcing factors,Aerospatiale/Alenia ATR 72,pkm,2bf3f026-ef41-41a9-bcda-50b401808f38,Aerospatiale/Alenia ATR 72,,GHG_TOTAL_KGCO2_e,0.192432,
Travel,Individual Aircraft,With radiative forcing factors,Airbus A320,pkm,a9f31137-b794-4443-a1b8-39f34dcfc05a,Airbus A320,,GHG_CH4_KGCO2_e,0.0000214723,
Travel,Individual Aircraft,With radiative forcing factors,Airbus A320,pkm,a9f31137-b794-4443-a1b8-39f34dcfc05a,Airbus A320,,GHG_CO2_KGCO2_e,0.186462,
Travel,Individual Aircraft,With radiative forcing factors,Airbus A320,pkm,a9f31137-b794-4443-a1b8-39f34dcfc05a,Airbus A320,,GHG_N2O_KGCO2_e,0.00081288,
Travel,Individual Aircraft,With radiative forcing factors,Airbus A320,pkm,a9f31137-b794-4443-a1b8-39f34dcfc05a,Airbus A320,,GHG_TOTAL_KGCO2_e,0.187296,
Travel,Individual Aircraft,With radiative forcing factors,Beechcraft Beech 1900D,pkm,518b8374-13d7-4b3d-ab01-360eab73dd30,Beechcraft Beech 1900D,,GHG_CH4_KGCO2_e,0.0000347948,
Travel,Individual Aircraft,With radiative forcing factors,Beechcraft Beech 1900D,pkm,518b8374-13d7-4b3d-ab01-360eab73dd30,Beechcraft Beech 1900D,,GHG_CO2_KGCO2_e,0.302151,
Travel,Individual Aircraft,With radiative forcing factors,Beechcraft Beech 1900D,pkm,518b8374-13d7-4b3d-ab01-360eab73dd30,Beechcraft Beech 1900D,,GHG_N2O_KGCO2_e,0.00131723,
Travel,Individual Aircraft,With radiative forcing factors,Beechcraft Beech 1900D,pkm,518b8374-13d7-4b3d-ab01-360eab73dd30,Beechcraft Beech 1900D,,GHG_TOTAL_KGCO2_e,0.303503,
Travel,Individual Aircraft,With radiative forcing factors,British Aerospace Jetstream 32,pkm,85b0004a-0d8a-47c8-bcf5-69e5f5868b4c,British Aerospace Jetstream 32,,GHG_CH4_KGCO2_e,0.0000442516,
Travel,Individual Aircraft,With radiative forcing factors,British Aerospace Jetstream 32,pkm,85b0004a-0d8a-47c8-bcf5-69e5f5868b4c,British Aerospace Jetstream 32,,GHG_CO2_KGCO2_e,0.384273,
Travel,Individual Aircraft,With radiative forcing factors,British Aerospace Jetstream 32,pkm,85b0004a-0d8a-47c8-bcf5-69e5f5868b4c,British Aerospace Jetstream 32,,GHG_N2O_KGCO2_e,0.00167524,
Travel,Individual Aircraft,With radiative forcing factors,British Aerospace Jetstream 32,pkm,85b0004a-0d8a-47c8-bcf5-69e5f5868b4c,British Aerospace Jetstream 32,,GHG_TOTAL_KGCO2_e,0.385992,
Travel,Individual Aircraft,With radiative forcing factors,Cessna Light Aircraft,pkm,b23810bc-f1bc-4b16-a723-576efa929605,Cessna Light Aircraft,,GHG_CH4_KGCO2_e,0.000102959,
Travel,Individual Aircraft,With radiative forcing factors,Cessna Light Aircraft,pkm,b23810bc-f1bc-4b16-a723-576efa929605,Cessna Light Aircraft,,GHG_CO2_KGCO2_e,0.89408,
Travel,Individual Aircraft,With radiative forcing factors,Cessna Light Aircraft,pkm,b23810bc-f1bc-4b16-a723-576efa929605,Cessna Light Aircraft,,GHG_N2O_KGCO2_e,0.00389774,
Travel,Individual Aircraft,With radiative forcing factors,Cessna Light Aircraft,pkm,b23810bc-f1bc-4b16-a723-576efa929605,Cessna Light Aircraft,,GHG_TOTAL_KGCO2_e,0.898081,
Travel,Individual Aircraft,With radiative forcing factors,De Havilland Canada DHC-8-300 Dash 8/8Q,pkm,c362689e-07fd-4969-8974-6c26ad7dac20,De Havilland Canada DHC-8-300 Dash 8/8Q,,GHG_CH4_KGCO2_e,0.0000427632,
Travel,Individual Aircraft,With radiative forcing factors,De Havilland Canada DHC-8-300 Dash 8/8Q,pkm,c362689e-07fd-4969-8974-6c26ad7dac20,De Havilland Canada DHC-8-300 Dash 8/8Q,,GHG_CO2_KGCO2_e,0.371348,
Travel,Individual Aircraft,With radiative forcing factors,De Havilland Canada DHC-8-300 Dash 8/8Q,pkm,c362689e-07fd-4969-8974-6c26ad7dac20,De Havilland Canada DHC-8-300 Dash 8/8Q,,GHG_N2O_KGCO2_e,0.00161889,
Travel,Individual Aircraft,With radiative forcing factors,De Havilland Canada DHC-8-300 Dash 8/8Q,pkm,c362689e-07fd-4969-8974-6c26ad7dac20,De Havilland Canada DHC-8-300 Dash 8/8Q,,GHG_TOTAL_KGCO2_e,0.37301,
Travel,Individual Aircraft,With radiative forcing factors,FOKKER F50,pkm,5dba105d-20a5-49e7-aa13-8d8cc6a94139,FOKKER F50,,GHG_CH4_KGCO2_e,0.0000169224,
Travel,Individual Aircraft,With radiative forcing factors,FOKKER F50,pkm,5dba105d-20a5-49e7-aa13-8d8cc6a94139,FOKKER F50,,GHG_CO2_KGCO2_e,0.146951,
Travel,Individual Aircraft,With radiative forcing factors,FOKKER F50,pkm,5dba105d-20a5-49e7-aa13-8d8cc6a94139,FOKKER F50,,GHG_N2O_KGCO2_e,0.000640633,
Travel,Individual Aircraft,With radiative forcing factors,FOKKER F50,pkm,5dba105d-20a5-49e7-aa13-8d8cc6a94139,FOKKER F50,,GHG_TOTAL_KGCO2_e,0.147608,
Travel,Individual Aircraft,With radiative forcing factors,Pilatus PC-12,pkm,cea16de5-91f8-46a2-95b2-ae8de506c29c,Pilatus PC-12,,GHG_CH4_KGCO2_e,0.0000350944,
Travel,Individual Aircraft,With radiative forcing factors,Pilatus PC-12,pkm,cea16de5-91f8-46a2-95b2-ae8de506c29c,Pilatus PC-12,,GHG_CO2_KGCO2_e,0.304754,
Travel,Individual Aircraft,With radiative forcing factors,Pilatus PC-12,pkm,cea16de5-91f8-46a2-95b2-ae8de506c29c,Pilatus PC-12,,GHG_N2O_KGCO2_e,0.00132857,
Travel,Individual Aircraft,With radiative forcing factors,Pilatus PC-12,pkm,cea16de5-91f8-46a2-95b2-ae8de506c29c,Pilatus PC-12,,GHG_TOTAL_KGCO2_e,0.306117,
Travel,Individual Aircraft,With radiative forcing factors,Saab SF-340,pkm,7cb59186-d4e2-4e5f-8aa6-50955dc2e6df,Saab SF-340,,GHG_CH4_KGCO2_e,0.0000180737,
Travel,Individual Aircraft,With radiative forcing factors,Saab SF-340,pkm,7cb59186-d4e2-4e5f-8aa6-50955dc2e6df,Saab SF-340,,GHG_CO2_KGCO2_e,0.156948,
Travel,Individual Aircraft,With radiative forcing factors,Saab SF-340,pkm,7cb59186-d4e2-4e5f-8aa6-50955dc2e6df,Saab SF-340,,GHG_N2O_KGCO2_e,0.000684217,
Travel,Individual Aircraft,With radiative forcing factors,Saab SF-340,pkm,7cb59186-d4e2-4e5f-8aa6-50955dc2e6df,Saab SF-340,,GHG_TOTAL_KGCO2_e,0.157651,
Travel,Individual Aircraft,Without radiative forcing factors,Aerospatiale/Alenia ATR 72,pkm,2bf3f026-ef41-41a9-bcda-50b401808f38:2,Aerospatiale/Alenia ATR 72,,GHG_CH4_KGCO2_e,0.0000220611,
Travel,Individual Aircraft,Without radiative forcing factors,Aerospatiale/Alenia ATR 72,pkm,2bf3f026-ef41-41a9-bcda-50b401808f38:2,Aerospatiale/Alenia ATR 72,,GHG_CO2_KGCO2_e,0.112691,
Travel,Individual Aircraft,Without radiative forcing factors,Aerospatiale/Alenia ATR 72,pkm,2bf3f026-ef41-41a9-bcda-50b401808f38:2,Aerospatiale/Alenia ATR 72,,GHG_N2O_KGCO2_e,0.000835171,
Travel,Individual Aircraft,Without radiative forcing factors,Aerospatiale/Alenia ATR 72,pkm,2bf3f026-ef41-41a9-bcda-50b401808f38:2,Aerospatiale/Alenia ATR 72,,GHG_TOTAL_KGCO2_e,0.113548,
Travel,Individual Aircraft,Without radiative forcing factors,Airbus A320,pkm,a9f31137-b794-4443-a1b8-39f34dcfc05a:2,Airbus A320,,GHG_CH4_KGCO2_e,0.0000214723,
Travel,Individual Aircraft,Without radiative forcing factors,Airbus A320,pkm,a9f31137-b794-4443-a1b8-39f34dcfc05a:2,Airbus A320,,GHG_CO2_KGCO2_e,0.109683,
Travel,Individual Aircraft,Without radiative forcing factors,Airbus A320,pkm,a9f31137-b794-4443-a1b8-39f34dcfc05a:2,Airbus A320,,GHG_N2O_KGCO2_e,0.00081288,
Travel,Individual Aircraft,Without radiative forcing factors,Airbus A320,pkm,a9f31137-b794-4443-a1b8-39f34dcfc05a:2,Airbus A320,,GHG_TOTAL_KGCO2_e,0.110518,
Travel,Individual Aircraft,Without radiative forcing factors,Beechcraft Beech 1900D,pkm,518b8374-13d7-4b3d-ab01-360eab73dd30:2,Beechcraft Beech 1900D,,GHG_CH4_KGCO2_e,0.0000347948,
Travel,Individual Aircraft,Without radiative forcing factors,Beechcraft Beech 1900D,pkm,518b8374-13d7-4b3d-ab01-360eab73dd30:2,Beechcraft Beech 1900D,,GHG_CO2_KGCO2_e,0.177736,
Travel,Individual Aircraft,Without radiative forcing factors,Beechcraft Beech 1900D,pkm,518b8374-13d7-4b3d-ab01-360eab73dd30:2,Beechcraft Beech 1900D,,GHG_N2O_KGCO2_e,0.00131723,
Travel,Individual Aircraft,Without radiative forcing factors,Beechcraft Beech 1900D,pkm,518b8374-13d7-4b3d-ab01-360eab73dd30:2,Beechcraft Beech 1900D,,GHG_TOTAL_KGCO2_e,0.179088,
Travel,Individual Aircraft,Without radiative forcing factors,British Aerospace Jetstream 32,pkm,85b0004a-0d8a-47c8-bcf5-69e5f5868b4c:2,British Aerospace Jetstream 32,,GHG_CH4_KGCO2_e,0.0000442516,
Travel,Individual Aircraft,Without radiative forcing factors,British Aerospace Jetstream 32,pkm,85b0004a-0d8a-47c8-bcf5-69e5f5868b4c:2,British Aerospace Jetstream 32,,GHG_CO2_KGCO2_e,0.226043,
Travel,Individual Aircraft,Without radiative forcing factors,British Aerospace Jetstream 32,pkm,85b0004a-0d8a-47c8-bcf5-69e5f5868b4c:2,British Aerospace Jetstream 32,,GHG_N2O_KGCO2_e,0.00167524,
Travel,Individual Aircraft,Without radiative forcing factors,British Aerospace Jetstream 32,pkm,85b0004a-0d8a-47c8-bcf5-69e5f5868b4c:2,British Aerospace Jetstream 32,,GHG_TOTAL_KGCO2_e,0.227762,
Travel,Individual Aircraft,Without radiative forcing factors,Cessna Light Aircraft,pkm,b23810bc-f1bc-4b16-a723-576efa929605:2,Cessna Light Aircraft,,GHG_CH4_KGCO2_e,0.000102959,
Travel,Individual Aircraft,Without radiative forcing factors,Cessna Light Aircraft,pkm,b23810bc-f1bc-4b16-a723-576efa929605:2,Cessna Light Aircraft,,GHG_CO2_KGCO2_e,0.525929,
Travel,Individual Aircraft,Without radiative forcing factors,Cessna Light Aircraft,pkm,b23810bc-f1bc-4b16-a723-576efa929605:2,Cessna Light Aircraft,,GHG_N2O_KGCO2_e,0.00389774,
Travel,Individual Aircraft,Without radiative forcing factors,Cessna Light Aircraft,pkm,b23810bc-f1bc-4b16-a723-576efa929605:2,Cessna Light Aircraft,,GHG_TOTAL_KGCO2_e,0.52993,
Travel,Individual Aircraft,Without radiative forcing factors,De Havilland Canada DHC-8-300 Dash 8/8Q,pkm,c362689e-07fd-4969-8974-6c26ad7dac20:2,De Havilland Canada DHC-8-300 Dash 8/8Q,,GHG_CH4_KGCO2_e,0.0000427632,
Travel,Individual Aircraft,Without radiative forcing factors,De Havilland Canada DHC-8-300 Dash 8/8Q,pkm,c362689e-07fd-4969-8974-6c26ad7dac20:2,De Havilland Canada DHC-8-300 Dash 8/8Q,,GHG_CO2_KGCO2_e,0.21844,
Travel,Individual Aircraft,Without radiative forcing factors,De Havilland Canada DHC-8-300 Dash 8/8Q,pkm,c362689e-07fd-4969-8974-6c26ad7dac20:2,De Havilland Canada DHC-8-300 Dash 8/8Q,,GHG_N2O_KGCO2_e,0.00161889,
Travel,Individual Aircraft,Without radiative forcing factors,De Havilland Canada DHC-8-300 Dash 8/8Q,pkm,c362689e-07fd-4969-8974-6c26ad7dac20:2,De Havilland Canada DHC-8-300 Dash 8/8Q,,GHG_TOTAL_KGCO2_e,0.220102,
Travel,Individual Aircraft,Without radiative forcing factors,FOKKER F50,pkm,5dba105d-20a5-49e7-aa13-8d8cc6a94139:2,FOKKER F50,,GHG_CH4_KGCO2_e,0.0000169224,
Travel,Individual Aircraft,Without radiative forcing factors,FOKKER F50,pkm,5dba105d-20a5-49e7-aa13-8d8cc6a94139:2,FOKKER F50,,GHG_CO2_KGCO2_e,0.0864417,
Travel,Individual Aircraft,Without radiative forcing factors,FOKKER F50,pkm,5dba105d-20a5-49e7-aa13-8d8cc6a94139:2,FOKKER F50,,GHG_N2O_KGCO2_e,0.000640633,
Travel,Individual Aircraft,Without radiative forcing factors,FOKKER F50,pkm,5dba105d-20a5-49e7-aa13-8d8cc6a94139:2,FOKKER F50,,GHG_TOTAL_KGCO2_e,0.0870993,
Travel,Individual Aircraft,Without radiative forcing factors,Pilatus PC-12,pkm,cea16de5-91f8-46a2-95b2-ae8de506c29c:2,Pilatus PC-12,,GHG_CH4_KGCO2_e,0.0000350944,
Travel,Individual Aircraft,Without radiative forcing factors,Pilatus PC-12,pkm,cea16de5-91f8-46a2-95b2-ae8de506c29c:2,Pilatus PC-12,,GHG_CO2_KGCO2_e,0.179267,
Travel,Individual Aircraft,Without radiative forcing factors,Pilatus PC-12,pkm,cea16de5-91f8-46a2-95b2-ae8de506c29c:2,Pilatus PC-12,,GHG_N2O_KGCO2_e,0.00132857,
Travel,Individual Aircraft,Without radiative forcing factors,Pilatus PC-12,pkm,cea16de5-91f8-46a2-95b2-ae8de506c29c:2,Pilatus PC-12,,GHG_TOTAL_KGCO2_e,0.180631,
Travel,Individual Aircraft,Without radiative forcing factors,Saab SF-340,pkm,7cb59186-d4e2-4e5f-8aa6-50955dc2e6df:2,Saab SF-340,,GHG_CH4_KGCO2_e,0.0000180737,
Travel,Individual Aircraft,Without radiative forcing factors,Saab SF-340,pkm,7cb59186-d4e2-4e5f-8aa6-50955dc2e6df:2,Saab SF-340,,GHG_CO2_KGCO2_e,0.0923226,
Travel,Individual Aircraft,Without radiative forcing factors,Saab SF-340,pkm,7cb59186-d4e2-4e5f-8aa6-50955dc2e6df:2,Saab SF-340,,GHG_N2O_KGCO2_e,0.000684217,
Travel,Individual Aircraft,Without radiative forcing factors,Saab SF-340,pkm,7cb59186-d4e2-4e5f-8aa6-50955dc2e6df:2,Saab SF-340,,GHG_TOTAL_KGCO2_e,0.0930249,
Travel,International Air Travel,With Radiative Forcing,Long-haul (>3700km): Average passenger,pkm,2b4ef086-ef39-4d0d-b58d-fb25fbb2ae93,Long-haul (>3700km): Average passenger,,GHG_CH4_KGCO2_e,0.00001,Unknown
Travel,International Air Travel,With Radiative Forcing,Long-haul (>3700km): Average passenger,pkm,2b4ef086-ef39-4d0d-b58d-fb25fbb2ae93,Long-haul (>3700km): Average passenger,,GHG_CO2_KGCO2_e,0.15152,Unknown
Travel,International Air Travel,With Radiative Forcing,Long-haul (>3700km): Average passenger,pkm,2b4ef086-ef39-4d0d-b58d-fb25fbb2ae93,Long-haul (>3700km): Average passenger,,GHG_N2O_KGCO2_e,0.00129,Unknown
Travel,International Air Travel,With Radiative Forcing,Long-haul (>3700km): Average passenger,pkm,2b4ef086-ef39-4d0d-b58d-fb25fbb2ae93,Long-haul (>3700km): Average passenger,,GHG_TOTAL_KGCO2_e,0.15282,Unknown
Travel,International Air Travel,With Radiative Forcing,Long-haul (>3700km): Business class,pkm,ab75f8ef-cfc2-4d30-9848-a7b8205631c6,Long-haul (>3700km): Business class,,GHG_CH4_KGCO2_e,0.00002,Unknown
Travel,International Air Travel,With Radiative Forcing,Long-haul (>3700km): Business class,pkm,ab75f8ef-cfc2-4d30-9848-a7b8205631c6,Long-haul (>3700km): Business class,,GHG_CO2_KGCO2_e,0.33652,Unknown
Travel,International Air Travel,With Radiative Forcing,Long-haul (>3700km): Business class,pkm,ab75f8ef-cfc2-4d30-9848-a7b8205631c6,Long-haul (>3700km): Business class,,GHG_N2O_KGCO2_e,0.00285,Unknown
Travel,International Air Travel,With Radiative Forcing,Long-haul (>3700km): Business class,pkm,ab75f8ef-cfc2-4d30-9848-a7b8205631c6,Long-haul (>3700km): Business class,,GHG_TOTAL_KGCO2_e,0.33939,Unknown
Travel,International Air Travel,With Radiative Forcing,Long-haul (>3700km): Economy class,pkm,aa63989e-d125-477b-92dc-a000b1b1d4b7,Long-haul (>3700km): Economy class,,GHG_CH4_KGCO2_e,0.00001,Unknown
Travel,International Air Travel,With Radiative Forcing,Long-haul (>3700km): Economy class,pkm,aa63989e-d125-477b-92dc-a000b1b1d4b7,Long-haul (>3700km): Economy class,,GHG_CO2_KGCO2_e,0.11604,Unknown
Travel,International Air Travel,With Radiative Forcing,Long-haul (>3700km): Economy class,pkm,aa63989e-d125-477b-92dc-a000b1b1d4b7,Long-haul (>3700km): Economy class,,GHG_N2O_KGCO2_e,0.00099,Unknown
Travel,International Air Travel,With Radiative Forcing,Long-haul (>3700km): Economy class,pkm,aa63989e-d125-477b-92dc-a000b1b1d4b7,Long-haul (>3700km): Economy class,,GHG_TOTAL_KGCO2_e,0.11704,Unknown
Travel,International Air Travel,With Radiative Forcing,Long-haul (>3700km): First class,pkm,bfd0f268-1dba-4d23-8282-aaeaf3c7afa2,Long-haul (>3700km): First class,,GHG_CH4_KGCO2_e,0.00003,Unknown
Travel,International Air Travel,With Radiative Forcing,Long-haul (>3700km): First class,pkm,bfd0f268-1dba-4d23-8282-aaeaf3c7afa2,Long-haul (>3700km): First class,,GHG_CO2_KGCO2_e,0.46417,Unknown
Travel,International Air Travel,With Radiative Forcing,Long-haul (>3700km): First class,pkm,bfd0f268-1dba-4d23-8282-aaeaf3c7afa2,Long-haul (>3700km): First class,,GHG_N2O_KGCO2_e,0.00394,Unknown
Travel,International Air Travel,With Radiative Forcing,Long-haul (>3700km): First class,pkm,bfd0f268-1dba-4d23-8282-aaeaf3c7afa2,Long-haul (>3700km): First class,,GHG_TOTAL_KGCO2_e,0.46814,Unknown
Travel,International Air Travel,With Radiative Forcing,Long-haul (>3700km): Premium economy class,pkm,a329b349-4150-4a96-9a3a-cbc1a185e48d,Long-haul (>3700km): Premium economy class,,GHG_CH4_KGCO2_e,0.00001,Unknown
Travel,International Air Travel,With Radiative Forcing,Long-haul (>3700km): Premium economy class,pkm,a329b349-4150-4a96-9a3a-cbc1a185e48d,Long-haul (>3700km): Premium economy class,,GHG_CO2_KGCO2_e,0.18567,Unknown
Travel,International Air Travel,With Radiative Forcing,Long-haul (>3700km): Premium economy class,pkm,a329b349-4150-4a96-9a3a-cbc1a185e48d,Long-haul (>3700km): Premium economy class,,GHG_N2O_KGCO2_e,0.00157,Unknown
Travel,International Air Travel,With Radiative Forcing,Long-haul (>3700km): Premium economy class,pkm,a329b349-4150-4a96-9a3a-cbc1a185e48d,Long-haul (>3700km): Premium economy class,,GHG_TOTAL_KGCO2_e,0.18725,Unknown
Travel,International Air Travel,With Radiative Forcing,Short-haul (<3700km): Average passenger,pkm,29cc3bf4-6af1-414d-8f21-c1af715b1ef5,Short-haul (<3700km): Average passenger,,GHG_CH4_KGCO2_e,0.00001,Unknown
Travel,International Air Travel,With Radiative Forcing,Short-haul (<3700km): Average passenger,pkm,29cc3bf4-6af1-414d-8f21-c1af715b1ef5,Short-haul (<3700km): Average passenger,,GHG_CO2_KGCO2_e,0.12693,Unknown
Travel,International Air Travel,With Radiative Forcing,Short-haul (<3700km): Average passenger,pkm,29cc3bf4-6af1-414d-8f21-c1af715b1ef5,Short-haul (<3700km): Average passenger,,GHG_N2O_KGCO2_e,0.00092,Unknown
Travel,International Air Travel,With Radiative Forcing,Short-haul (<3700km): Average passenger,pkm,29cc3bf4-6af1-414d-8f21-c1af715b1ef5,Short-haul (<3700km): Average passenger,,GHG_TOTAL_KGCO2_e,0.12786,Unknown
Travel,International Air Travel,With Radiative Forcing,Short-haul (<3700km): Business class,pkm,6233a005-da81-4cf9-ad5f-45626e9e3e4d,Short-haul (<3700km): Business class,,GHG_CH4_KGCO2_e,0.00001,Unknown
Travel,International Air Travel,With Radiative Forcing,Short-haul (<3700km): Business class,pkm,6233a005-da81-4cf9-ad5f-45626e9e3e4d,Short-haul (<3700km): Business class,,GHG_CO2_KGCO2_e,0.18727,Unknown
Travel,International Air Travel,With Radiative Forcing,Short-haul (<3700km): Business class,pkm,6233a005-da81-4cf9-ad5f-45626e9e3e4d,Short-haul (<3700km): Business class,,GHG_N2O_KGCO2_e,0.00135,Unknown
Travel,International Air Travel,With Radiative Forcing,Short-haul (<3700km): Business class,pkm,6233a005-da81-4cf9-ad5f-45626e9e3e4d,Short-haul (<3700km): Business class,,GHG_TOTAL_KGCO2_e,0.18863,Unknown
Travel,International Air Travel,With Radiative Forcing,Short-haul (<3700km): Economy class,pkm,30641960-fec5-475c-b81b-37204c609f27,Short-haul (<3700km): Economy class,,GHG_CH4_KGCO2_e,0.00001,Unknown
Travel,International Air Travel,With Radiative Forcing,Short-haul (<3700km): Economy class,pkm,30641960-fec5-475c-b81b-37204c609f27,Short-haul (<3700km): Economy class,,GHG_CO2_KGCO2_e,0.12485,Unknown
Travel,International Air Travel,With Radiative Forcing,Short-haul (<3700km): Economy class,pkm,30641960-fec5-475c-b81b-37204c609f27,Short-haul (<3700km): Economy class,,GHG_N2O_KGCO2_e,0.0009,Unknown
Travel,International Air Travel,With Radiative Forcing,Short-haul (<3700km): Economy class,pkm,30641960-fec5-475c-b81b-37204c609f27,Short-haul (<3700km): Economy class,,GHG_TOTAL_KGCO2_e,0.12576,Unknown
Travel,International Air Travel,Without Radiative Forcing,Long-haul (>3700km): Average passenger,pkm,2b4ef086-ef39-4d0d-b58d-fb25fbb2ae93:2,Long-haul (>3700km): Average passenger,,GHG_CH4_KGCO2_e,0.00001,Unknown
Travel,International Air Travel,Without Radiative Forcing,Long-haul (>3700km): Average passenger,pkm,2b4ef086-ef39-4d0d-b58d-fb25fbb2ae93:2,Long-haul (>3700km): Average passenger,,GHG_CO2_KGCO2_e,0.08913,Unknown
Travel,International Air Travel,Without Radiative Forcing,Long-haul (>3700km): Average passenger,pkm,2b4ef086-ef39-4d0d-b58d-fb25fbb2ae93:2,Long-haul (>3700km): Average passenger,,GHG_N2O_KGCO2_e,0.00129,Unknown
Travel,International Air Travel,Without Radiative Forcing,Long-haul (>3700km): Average passenger,pkm,2b4ef086-ef39-4d0d-b58d-fb25fbb2ae93:2,Long-haul (>3700km): Average passenger,,GHG_TOTAL_KGCO2_e,0.09043,Unknown
Travel,International Air Travel,Without Radiative Forcing,Long-haul (>3700km): Business class,pkm,ab75f8ef-cfc2-4d30-9848-a7b8205631c6:2,Long-haul (>3700km): Business class,,GHG_CH4_KGCO2_e,0.00002,Unknown
Travel,International Air Travel,Without Radiative Forcing,Long-haul (>3700km): Business class,pkm,ab75f8ef-cfc2-4d30-9848-a7b8205631c6:2,Long-haul (>3700km): Business class,,GHG_CO2_KGCO2_e,0.19795,Unknown
Travel,International Air Travel,Without Radiative Forcing,Long-haul (>3700km): Business class,pkm,ab75f8ef-cfc2-4d30-9848-a7b8205631c6:2,Long-haul (>3700km): Business class,,GHG_N2O_KGCO2_e,0.00285,Unknown
Travel,International Air Travel,Without Radiative Forcing,Long-haul (>3700km): Business class,pkm,ab75f8ef-cfc2-4d30-9848-a7b8205631c6:2,Long-haul (>3700km): Business class,,GHG_TOTAL_KGCO2_e,0.20082,Unknown
Travel,International Air Travel,Without Radiative Forcing,Long-haul (>3700km): Economy class,pkm,aa63989e-d125-477b-92dc-a000b1b1d4b7:2,Long-haul (>3700km): Economy class,,GHG_CH4_KGCO2_e,0.00001,Unknown
Travel,International Air Travel,Without Radiative Forcing,Long-haul (>3700km): Economy class,pkm,aa63989e-d125-477b-92dc-a000b1b1d4b7:2,Long-haul (>3700km): Economy class,,GHG_CO2_KGCO2_e,0.06826,Unknown
Travel,International Air Travel,Without Radiative Forcing,Long-haul (>3700km): Economy class,pkm,aa63989e-d125-477b-92dc-a000b1b1d4b7:2,Long-haul (>3700km): Economy class,,GHG_N2O_KGCO2_e,0.00099,Unknown
Travel,International Air Travel,Without Radiative Forcing,Long-haul (>3700km): Economy class,pkm,aa63989e-d125-477b-92dc-a000b1b1d4b7:2,Long-haul (>3700km): Economy class,,GHG_TOTAL_KGCO2_e,0.06926,Unknown
Travel,International Air Travel,Without Radiative Forcing,Long-haul (>3700km): First class,pkm,bfd0f268-1dba-4d23-8282-aaeaf3c7afa2:2,Long-haul (>3700km): First class,,GHG_CH4_KGCO2_e,0.00003,Unknown
Travel,International Air Travel,Without Radiative Forcing,Long-haul (>3700km): First class,pkm,bfd0f268-1dba-4d23-8282-aaeaf3c7afa2:2,Long-haul (>3700km): First class,,GHG_CO2_KGCO2_e,0.27304,Unknown
Travel,International Air Travel,Without Radiative Forcing,Long-haul (>3700km): First class,pkm,bfd0f268-1dba-4d23-8282-aaeaf3c7afa2:2,Long-haul (>3700km): First class,,GHG_N2O_KGCO2_e,0.00394,Unknown
Travel,International Air Travel,Without Radiative Forcing,Long-haul (>3700km): First class,pkm,bfd0f268-1dba-4d23-8282-aaeaf3c7afa2:2,Long-haul (>3700km): First class,,GHG_TOTAL_KGCO2_e,0.27701,Unknown
Travel,International Air Travel,Without Radiative Forcing,Long-haul (>3700km): Premium economy class,pkm,a329b349-4150-4a96-9a3a-cbc1a185e48d:2,Long-haul (>3700km): Premium economy class,,GHG_CH4_KGCO2_e,0.00001,Unknown
Travel,International Air Travel,Without Radiative Forcing,Long-haul (>3700km): Premium economy class,pkm,a329b349-4150-4a96-9a3a-cbc1a185e48d:2,Long-haul (>3700km): Premium economy class,,GHG_CO2_KGCO2_e,0.10922,Unknown
Travel,International Air Travel,Without Radiative Forcing,Long-haul (>3700km): Premium economy class,pkm,a329b349-4150-4a96-9a3a-cbc1a185e48d:2,Long-haul (>3700km): Premium economy class,,GHG_N2O_KGCO2_e,0.00157,Unknown
Travel,International Air Travel,Without Radiative Forcing,Long-haul (>3700km): Premium economy class,pkm,a329b349-4150-4a96-9a3a-cbc1a185e48d:2,Long-haul (>3700km): Premium economy class,,GHG_TOTAL_KGCO2_e,0.1108,Unknown
Travel,International Air Travel,Without Radiative Forcing,Short-haul (<3700km): Average passenger,pkm,29cc3bf4-6af1-414d-8f21-c1af715b1ef5:2,Short-haul (<3700km): Average passenger,,GHG_CH4_KGCO2_e,0.00001,Unknown
Travel,International Air Travel,Without Radiative Forcing,Short-haul (<3700km): Average passenger,pkm,29cc3bf4-6af1-414d-8f21-c1af715b1ef5:2,Short-haul (<3700km): Average passenger,,GHG_CO2_KGCO2_e,0.07466,Unknown
Travel,International Air Travel,Without Radiative Forcing,Short-haul (<3700km): Average passenger,pkm,29cc3bf4-6af1-414d-8f21-c1af715b1ef5:2,Short-haul (<3700km): Average passenger,,GHG_N2O_KGCO2_e,0.00092,Unknown
Travel,International Air Travel,Without Radiative Forcing,Short-haul (<3700km): Average passenger,pkm,29cc3bf4-6af1-414d-8f21-c1af715b1ef5:2,Short-haul (<3700km): Average passenger,,GHG_TOTAL_KGCO2_e,0.07559,Unknown
Travel,International Air Travel,Without Radiative Forcing,Short-haul (<3700km): Business class,pkm,6233a005-da81-4cf9-ad5f-45626e9e3e4d:2,Short-haul (<3700km): Business class,,GHG_CH4_KGCO2_e,0.00001,Unknown
Travel,International Air Travel,Without Radiative Forcing,Short-haul (<3700km): Business class,pkm,6233a005-da81-4cf9-ad5f-45626e9e3e4d:2,Short-haul (<3700km): Business class,,GHG_CO2_KGCO2_e,0.11016,Unknown
Travel,International Air Travel,Without Radiative Forcing,Short-haul (<3700km): Business class,pkm,6233a005-da81-4cf9-ad5f-45626e9e3e4d:2,Short-haul (<3700km): Business class,,GHG_N2O_KGCO2_e,0.00135,Unknown
Travel,International Air Travel,Without Radiative Forcing,Short-haul (<3700km): Business class,pkm,6233a005-da81-4cf9-ad5f-45626e9e3e4d:2,Short-haul (<3700km): Business class,,GHG_TOTAL_KGCO2_e,0.11152,Unknown
Travel,International Air Travel,Without Radiative Forcing,Short-haul (<3700km): Economy class,pkm,30641960-fec5-475c-b81b-37204c609f27:2,Short-haul (<3700km): Economy class,,GHG_CH4_KGCO2_e,0.00001,Unknown
Travel,International Air Travel,Without Radiative Forcing,Short-haul (<3700km): Economy class,pkm,30641960-fec5-475c-b81b-37204c609f27:2,Short-haul (<3700km): Economy class,,GHG_CO2_KGCO2_e,0.07344,Unknown
Travel,International Air Travel,Without Radiative Forcing,Short-haul (<3700km): Economy class,pkm,30641960-fec5-475c-b81b-37204c609f27:2,Short-haul (<3700km): Economy class,,GHG_N2O_KGCO2_e,0.0009,Unknown
Travel,International Air Travel,Without Radiative Forcing,Short-haul (<3700km): Economy class,pkm,30641960-fec5-475c-b81b-37204c609f27:2,Short-haul (<3700km): Economy class,,GHG_TOTAL_KGCO2_e,0.07435,Unknown
Travel,Light Passenger Vehicle,2010-2015 Fleet,Diesel hybrid vehicle: 1350 - <1600 cc,km,62e8495e-4b28-4099-b3cc-b71f2ffcd482:2,Diesel hybrid vehicle: 1350 - <1600 cc,Unknown,GHG_CH4_KGCO2_e,0.000236931,Unknown
Travel,Light Passenger Vehicle,2010-2015 Fleet,Diesel hybrid vehicle: 1350 - <1600 cc,km,62e8495e-4b28-4099-b3cc-b71f2ffcd482:2,Diesel hybrid vehicle: 1350 - <1600 cc,Unknown,GHG_CO2_KGCO2_e,0.157819,Unknown
Travel,Light Passenger Vehicle,2010-2015 Fleet,Diesel hybrid vehicle: 1350 - <1600 cc,km,62e8495e-4b28-4099-b3cc-b71f2ffcd482:2,Diesel hybrid vehicle: 1350 - <1600 cc,Unknown,GHG_N2O_KGCO2_e,0.00224239,Unknown
Travel,Light Passenger Vehicle,2010-2015 Fleet,Diesel hybrid vehicle: 1350 - <1600 cc,km,62e8495e-4b28-4099-b3cc-b71f2ffcd482:2,Diesel hybrid vehicle: 1350 - <1600 cc,Unknown,GHG_TOTAL_KGCO2_e,0.160299,Unknown
Travel,Light Passenger Vehicle,2010-2015 Fleet,Diesel hybrid vehicle: 1600 - <2000 cc,km,2dd4c7df-44d3-4956-b9eb-90ddf25ea9e8:2,Diesel hybrid vehicle: 1600 - <2000 cc,Unknown,GHG_CH4_KGCO2_e,0.00025112,Unknown
Travel,Light Passenger Vehicle,2010-2015 Fleet,Diesel hybrid vehicle: 1600 - <2000 cc,km,2dd4c7df-44d3-4956-b9eb-90ddf25ea9e8:2,Diesel hybrid vehicle: 1600 - <2000 cc,Unknown,GHG_CO2_KGCO2_e,0.16727,Unknown
Travel,Light Passenger Vehicle,2010-2015 Fleet,Diesel hybrid vehicle: 1600 - <2000 cc,km,2dd4c7df-44d3-4956-b9eb-90ddf25ea9e8:2,Diesel hybrid vehicle: 1600 - <2000 cc,Unknown,GHG_N2O_KGCO2_e,0.00237667,Unknown
Travel,Light Passenger Vehicle,2010-2015 Fleet,Diesel hybrid vehicle: 1600 - <2000 cc,km,2dd4c7df-44d3-4956-b9eb-90ddf25ea9e8:2,Diesel hybrid vehicle: 1600 - <2000 cc,Unknown,GHG_TOTAL_KGCO2_e,0.169898,Unknown
Travel,Light Passenger Vehicle,2010-2015 Fleet,Diesel hybrid vehicle: 2000 - <3000 cc,km,471ddfb0-0bb5-44c7-a9b8-1163d1238203:2,Diesel hybrid vehicle: 2000 - <3000 cc,Unknown,GHG_CH4_KGCO2_e,0.000308721,Unknown
Travel,Light Passenger Vehicle,2010-2015 Fleet,Diesel hybrid vehicle: 2000 - <3000 cc,km,471ddfb0-0bb5-44c7-a9b8-1163d1238203:2,Diesel hybrid vehicle: 2000 - <3000 cc,Unknown,GHG_CO2_KGCO2_e,0.205638,Unknown
Travel,Light Passenger Vehicle,2010-2015 Fleet,Diesel hybrid vehicle: 2000 - <3000 cc,km,471ddfb0-0bb5-44c7-a9b8-1163d1238203:2,Diesel hybrid vehicle: 2000 - <3000 cc,Unknown,GHG_N2O_KGCO2_e,0.00292182,Unknown
Travel,Light Passenger Vehicle,2010-2015 Fleet,Diesel hybrid vehicle: 2000 - <3000 cc,km,471ddfb0-0bb5-44c7-a9b8-1163d1238203:2,Diesel hybrid vehicle: 2000 - <3000 cc,Unknown,GHG_TOTAL_KGCO2_e,0.208869,Unknown
Travel,Light Passenger Vehicle,2010-2015 Fleet,Diesel hybrid vehicle: <1350 cc,km,18e855cb-bd9b-4ab1-9dcd-b4e935bbd37e:2,Diesel hybrid vehicle: <1350 cc,Unknown,GHG_CH4_KGCO2_e,0.00024621,Unknown
Travel,Light Passenger Vehicle,2010-2015 Fleet,Diesel hybrid vehicle: <1350 cc,km,18e855cb-bd9b-4ab1-9dcd-b4e935bbd37e:2,Diesel hybrid vehicle: <1350 cc,Unknown,GHG_CO2_KGCO2_e,0.164,Unknown
Travel,Light Passenger Vehicle,2010-2015 Fleet,Diesel hybrid vehicle: <1350 cc,km,18e855cb-bd9b-4ab1-9dcd-b4e935bbd37e:2,Diesel hybrid vehicle: <1350 cc,Unknown,GHG_N2O_KGCO2_e,0.0023302,Unknown
Travel,Light Passenger Vehicle,2010-2015 Fleet,Diesel hybrid vehicle: <1350 cc,km,18e855cb-bd9b-4ab1-9dcd-b4e935bbd37e:2,Diesel hybrid vehicle: <1350 cc,Unknown,GHG_TOTAL_KGCO2_e,0.166576,Unknown
Travel,Light Passenger Vehicle,2010-2015 Fleet,Diesel hybrid vehicle: ≥3000 cc,km,9a9e249b-c2a0-43de-bd51-26b0343bfdd3:2,Diesel hybrid vehicle: >=3000 cc,Unknown,GHG_CH4_KGCO2_e,0.000342454,Unknown
Travel,Light Passenger Vehicle,2010-2015 Fleet,Diesel hybrid vehicle: ≥3000 cc,km,9a9e249b-c2a0-43de-bd51-26b0343bfdd3:2,Diesel hybrid vehicle: >=3000 cc,Unknown,GHG_CO2_KGCO2_e,0.228108,Unknown
Travel,Light Passenger Vehicle,2010-2015 Fleet,Diesel hybrid vehicle: ≥3000 cc,km,9a9e249b-c2a0-43de-bd51-26b0343bfdd3:2,Diesel hybrid vehicle: >=3000 cc,Unknown,GHG_N2O_KGCO2_e,0.00324108,Unknown
Travel,Light Passenger Vehicle,2010-2015 Fleet,Diesel hybrid vehicle: ≥3000 cc,km,9a9e249b-c2a0-43de-bd51-26b0343bfdd3:2,Diesel hybrid vehicle: >=3000 cc,Unknown,GHG_TOTAL_KGCO2_e,0.231691,Unknown
Travel,Light Passenger Vehicle,2010-2015 Fleet,Diesel vehicle: 1350 - <1600 cc,km,291accc6-c910-4e54-8f52-4522a23134a3:2,Diesel vehicle: 1350 - <1600 cc,Unknown,GHG_CH4_KGCO2_e,0.000264833,Unknown
Travel,Light Passenger Vehicle,2010-2015 Fleet,Diesel vehicle: 1350 - <1600 cc,km,291accc6-c910-4e54-8f52-4522a23134a3:2,Diesel vehicle: 1350 - <1600 cc,Unknown,GHG_CO2_KGCO2_e,0.176405,Unknown
Travel,Light Passenger Vehicle,2010-2015 Fleet,Diesel vehicle: 1350 - <1600 cc,km,291accc6-c910-4e54-8f52-4522a23134a3:2,Diesel vehicle: 1350 - <1600 cc,Unknown,GHG_N2O_KGCO2_e,0.00250646,Unknown
Travel,Light Passenger Vehicle,2010-2015 Fleet,Diesel vehicle: 1350 - <1600 cc,km,291accc6-c910-4e54-8f52-4522a23134a3:2,Diesel vehicle: 1350 - <1600 cc,Unknown,GHG_TOTAL_KGCO2_e,0.179176,Unknown
Travel,Light Passenger Vehicle,2010-2015 Fleet,Diesel vehicle: 1600 - <2000 cc,km,28d64843-9461-437e-97ea-d1d9d7720a38:2,Diesel vehicle: 1600 - <2000 cc,Unknown,GHG_CH4_KGCO2_e,0.000280692,Unknown
Travel,Light Passenger Vehicle,2010-2015 Fleet,Diesel vehicle: 1600 - <2000 cc,km,28d64843-9461-437e-97ea-d1d9d7720a38:2,Diesel vehicle: 1600 - <2000 cc,Unknown,GHG_CO2_KGCO2_e,0.186969,Unknown
Travel,Light Passenger Vehicle,2010-2015 Fleet,Diesel vehicle: 1600 - <2000 cc,km,28d64843-9461-437e-97ea-d1d9d7720a38:2,Diesel vehicle: 1600 - <2000 cc,Unknown,GHG_N2O_KGCO2_e,0.00265655,Unknown
Travel,Light Passenger Vehicle,2010-2015 Fleet,Diesel vehicle: 1600 - <2000 cc,km,28d64843-9461-437e-97ea-d1d9d7720a38:2,Diesel vehicle: 1600 - <2000 cc,Unknown,GHG_TOTAL_KGCO2_e,0.189906,Unknown
Travel,Light Passenger Vehicle,2010-2015 Fleet,Diesel vehicle: 2000 - <3000 cc,km,b030ab15-dee9-4d9a-bd62-e9280eedac7c:2,Diesel vehicle: 2000 - <3000 cc,Unknown,GHG_CH4_KGCO2_e,0.000345042,Unknown
Travel,Light Passenger Vehicle,2010-2015 Fleet,Diesel vehicle: 2000 - <3000 cc,km,b030ab15-dee9-4d9a-bd62-e9280eedac7c:2,Diesel vehicle: 2000 - <3000 cc,Unknown,GHG_CO2_KGCO2_e,0.229832,Unknown
Travel,Light Passenger Vehicle,2010-2015 Fleet,Diesel vehicle: 2000 - <3000 cc,km,b030ab15-dee9-4d9a-bd62-e9280eedac7c:2,Diesel vehicle: 2000 - <3000 cc,Unknown,GHG_N2O_KGCO2_e,0.00326558,Unknown
Travel,Light Passenger Vehicle,2010-2015 Fleet,Diesel vehicle: 2000 - <3000 cc,km,b030ab15-dee9-4d9a-bd62-e9280eedac7c:2,Diesel vehicle: 2000 - <3000 cc,Unknown,GHG_TOTAL_KGCO2_e,0.233443,Unknown
Travel,Light Passenger Vehicle,2010-2015 Fleet,Diesel vehicle: <1350 cc,km,807bd8d7-fa4f-4aae-8b08-bbda4e270126:2,Diesel vehicle: <1350 cc,Unknown,GHG_CH4_KGCO2_e,0.000275205,Unknown
Travel,Light Passenger Vehicle,2010-2015 Fleet,Diesel vehicle: <1350 cc,km,807bd8d7-fa4f-4aae-8b08-bbda4e270126:2,Diesel vehicle: <1350 cc,Unknown,GHG_CO2_KGCO2_e,0.183313,Unknown
Travel,Light Passenger Vehicle,2010-2015 Fleet,Diesel vehicle: <1350 cc,km,807bd8d7-fa4f-4aae-8b08-bbda4e270126:2,Diesel vehicle: <1350 cc,Unknown,GHG_N2O_KGCO2_e,0.00260462,Unknown
Travel,Light Passenger Vehicle,2010-2015 Fleet,Diesel vehicle: <1350 cc,km,807bd8d7-fa4f-4aae-8b08-bbda4e270126:2,Diesel vehicle: <1350 cc,Unknown,GHG_TOTAL_KGCO2_e,0.186193,Unknown
Travel,Light Passenger Vehicle,2010-2015 Fleet,Diesel vehicle: ≥3000 cc,km,8c526723-44b7-4093-a53f-5455b9015b0c:2,Diesel vehicle: >=3000 cc,Unknown,GHG_CH4_KGCO2_e,0.000382744,Unknown
Travel,Light Passenger Vehicle,2010-2015 Fleet,Diesel vehicle: ≥3000 cc,km,8c526723-44b7-4093-a53f-5455b9015b0c:2,Diesel vehicle: >=3000 cc,Unknown,GHG_CO2_KGCO2_e,0.254945,Unknown
Travel,Light Passenger Vehicle,2010-2015 Fleet,Diesel vehicle: ≥3000 cc,km,8c526723-44b7-4093-a53f-5455b9015b0c:2,Diesel vehicle: >=3000 cc,Unknown,GHG_N2O_KGCO2_e,0.0036224,Unknown
Travel,Light Passenger Vehicle,2010-2015 Fleet,Diesel vehicle: ≥3000 cc,km,8c526723-44b7-4093-a53f-5455b9015b0c:2,Diesel vehicle: >=3000 cc,Unknown,GHG_TOTAL_KGCO2_e,0.25895,Unknown
Travel,Light Passenger Vehicle,2010-2015 Fleet,Electric vehicle: 1350 - <1600 cc,km,ee00bdee-9c77-45dd-8d4f-da51ff079705,Electric vehicle: 1350 - <1600 cc,Unknown,GHG_CH4_KGCO2_e,0.000497997,Unknown
Travel,Light Passenger Vehicle,2010-2015 Fleet,Electric vehicle: 1350 - <1600 cc,km,ee00bdee-9c77-45dd-8d4f-da51ff079705,Electric vehicle: 1350 - <1600 cc,Unknown,GHG_CO2_KGCO2_e,0.0157502,Unknown
Travel,Light Passenger Vehicle,2010-2015 Fleet,Electric vehicle: 1350 - <1600 cc,km,ee00bdee-9c77-45dd-8d4f-da51ff079705,Electric vehicle: 1350 - <1600 cc,Unknown,GHG_N2O_KGCO2_e,0.0000254036,Unknown
Travel,Light Passenger Vehicle,2010-2015 Fleet,Electric vehicle: 1350 - <1600 cc,km,ee00bdee-9c77-45dd-8d4f-da51ff079705,Electric vehicle: 1350 - <1600 cc,Unknown,GHG_TOTAL_KGCO2_e,0.0162736,Unknown
Travel,Light Passenger Vehicle,2010-2015 Fleet,Electric vehicle: 1600 - <2000 cc,km,6625d4f4-855a-4ef9-9c3f-c002d87c06aa,Electric vehicle: 1600 - <2000 cc,Unknown,GHG_CH4_KGCO2_e,0.000560731,Unknown
Travel,Light Passenger Vehicle,2010-2015 Fleet,Electric vehicle: 1600 - <2000 cc,km,6625d4f4-855a-4ef9-9c3f-c002d87c06aa,Electric vehicle: 1600 - <2000 cc,Unknown,GHG_CO2_KGCO2_e,0.0177343,Unknown
Travel,Light Passenger Vehicle,2010-2015 Fleet,Electric vehicle: 1600 - <2000 cc,km,6625d4f4-855a-4ef9-9c3f-c002d87c06aa,Electric vehicle: 1600 - <2000 cc,Unknown,GHG_N2O_KGCO2_e,0.0000286038,Unknown
Travel,Light Passenger Vehicle,2010-2015 Fleet,Electric vehicle: 1600 - <2000 cc,km,6625d4f4-855a-4ef9-9c3f-c002d87c06aa,Electric vehicle: 1600 - <2000 cc,Unknown,GHG_TOTAL_KGCO2_e,0.0183236,Unknown
Travel,Light Passenger Vehicle,2010-2015 Fleet,Electric vehicle: 2000 - <3000 cc,km,5bd09007-6ac2-4ac2-a536-9047df73a97a,Electric vehicle: 2000 - <3000 cc,Unknown,GHG_CH4_KGCO2_e,0.000622819,Unknown
Travel,Light Passenger Vehicle,2010-2015 Fleet,Electric vehicle: 2000 - <3000 cc,km,5bd09007-6ac2-4ac2-a536-9047df73a97a,Electric vehicle: 2000 - <3000 cc,Unknown,GHG_CO2_KGCO2_e,0.019698,Unknown
Travel,Light Passenger Vehicle,2010-2015 Fleet,Electric vehicle: 2000 - <3000 cc,km,5bd09007-6ac2-4ac2-a536-9047df73a97a,Electric vehicle: 2000 - <3000 cc,Unknown,GHG_N2O_KGCO2_e,0.000031771,Unknown
Travel,Light Passenger Vehicle,2010-2015 Fleet,Electric vehicle: 2000 - <3000 cc,km,5bd09007-6ac2-4ac2-a536-9047df73a97a,Electric vehicle: 2000 - <3000 cc,Unknown,GHG_TOTAL_KGCO2_e,0.0203526,Unknown
Travel,Light Passenger Vehicle,2010-2015 Fleet,Electric vehicle: <1350 cc,km,6c8354b2-224c-4f79-b036-082eec61e050,Electric vehicle: <1350 cc,Unknown,GHG_CH4_KGCO2_e,0.000481181,Unknown
Travel,Light Passenger Vehicle,2010-2015 Fleet,Electric vehicle: <1350 cc,km,6c8354b2-224c-4f79-b036-082eec61e050,Electric vehicle: <1350 cc,Unknown,GHG_CO2_KGCO2_e,0.0152184,Unknown
Travel,Light Passenger Vehicle,2010-2015 Fleet,Electric vehicle: <1350 cc,km,6c8354b2-224c-4f79-b036-082eec61e050,Electric vehicle: <1350 cc,Unknown,GHG_N2O_KGCO2_e,0.0000245458,Unknown
Travel,Light Passenger Vehicle,2010-2015 Fleet,Electric vehicle: <1350 cc,km,6c8354b2-224c-4f79-b036-082eec61e050,Electric vehicle: <1350 cc,Unknown,GHG_TOTAL_KGCO2_e,0.0157241,Unknown
Travel,Light Passenger Vehicle,2010-2015 Fleet,Electric vehicle: ≥3000 cc,km,38806ec9-8226-4ebc-92b1-2297d3d67e7e,Electric vehicle: >=3000 cc,Unknown,GHG_CH4_KGCO2_e,0.000745055,Unknown
Travel,Light Passenger Vehicle,2010-2015 Fleet,Electric vehicle: ≥3000 cc,km,38806ec9-8226-4ebc-92b1-2297d3d67e7e,Electric vehicle: >=3000 cc,Unknown,GHG_CO2_KGCO2_e,0.0235639,Unknown
Travel,Light Passenger Vehicle,2010-2015 Fleet,Electric vehicle: ≥3000 cc,km,38806ec9-8226-4ebc-92b1-2297d3d67e7e,Electric vehicle: >=3000 cc,Unknown,GHG_N2O_KGCO2_e,0.0000380065,Unknown
Travel,Light Passenger Vehicle,2010-2015 Fleet,Electric vehicle: ≥3000 cc,km,38806ec9-8226-4ebc-92b1-2297d3d67e7e,Electric vehicle: >=3000 cc,Unknown,GHG_TOTAL_KGCO2_e,0.024347,Unknown
Travel,Light Passenger Vehicle,2010-2015 Fleet,"Motorcycle: <60cc, electricity",km,010a2eb9-b775-4795-8956-cb250ea34a0b,"Motorcycle: <60cc, electricity",Unknown,GHG_CH4_KGCO2_e,0.000118451,Unknown
Travel,Light Passenger Vehicle,2010-2015 Fleet,"Motorcycle: <60cc, electricity",km,010a2eb9-b775-4795-8956-cb250ea34a0b,"Motorcycle: <60cc, electricity",Unknown,GHG_CO2_KGCO2_e,0.00374625,Unknown
Travel,Light Passenger Vehicle,2010-2015 Fleet,"Motorcycle: <60cc, electricity",km,010a2eb9-b775-4795-8956-cb250ea34a0b,"Motorcycle: <60cc, electricity",Unknown,GHG_N2O_KGCO2_e,0.00000604235,Unknown
Travel,Light Passenger Vehicle,2010-2015 Fleet,"Motorcycle: <60cc, electricity",km,010a2eb9-b775-4795-8956-cb250ea34a0b,"Motorcycle: <60cc, electricity",Unknown,GHG_TOTAL_KGCO2_e,0.00387074,Unknown
Travel,Light Passenger Vehicle,2010-2015 Fleet,"Motorcycle: <60cc, petrol",km,fbf55efc-7f1e-400b-a12f-79f7e35b64d1:2,"Motorcycle: <60cc, petrol",Unknown,GHG_CH4_KGCO2_e,0.000741218,Unknown
Travel,Light Passenger Vehicle,2010-2015 Fleet,"Motorcycle: <60cc, petrol",km,fbf55efc-7f1e-400b-a12f-79f7e35b64d1:2,"Motorcycle: <60cc, petrol",Unknown,GHG_CO2_KGCO2_e,0.0554934,Unknown
Travel,Light Passenger Vehicle,2010-2015 Fleet,"Motorcycle: <60cc, petrol",km,fbf55efc-7f1e-400b-a12f-79f7e35b64d1:2,"Motorcycle: <60cc, petrol",Unknown,GHG_N2O_KGCO2_e,0.00170063,Unknown
Travel,Light Passenger Vehicle,2010-2015 Fleet,"Motorcycle: <60cc, petrol",km,fbf55efc-7f1e-400b-a12f-79f7e35b64d1:2,"Motorcycle: <60cc, petrol",Unknown,GHG_TOTAL_KGCO2_e,0.0579353,Unknown
Travel,Light Passenger Vehicle,2010-2015 Fleet,"Motorcycle: ≥ 60cc, electricity",km,4b786e81-2ec9-448d-9d53-f777962f8dcd,"Motorcycle: >=60cc, electricity",Unknown,GHG_CH4_KGCO2_e,0.000236901,Unknown
Travel,Light Passenger Vehicle,2010-2015 Fleet,"Motorcycle: ≥ 60cc, electricity",km,4b786e81-2ec9-448d-9d53-f777962f8dcd,"Motorcycle: >=60cc, electricity",Unknown,GHG_CO2_KGCO2_e,0.00749249,Unknown
Travel,Light Passenger Vehicle,2010-2015 Fleet,"Motorcycle: ≥ 60cc, electricity",km,4b786e81-2ec9-448d-9d53-f777962f8dcd,"Motorcycle: >=60cc, electricity",Unknown,GHG_N2O_KGCO2_e,0.0000120847,Unknown
Travel,Light Passenger Vehicle,2010-2015 Fleet,"Motorcycle: ≥ 60cc, electricity",km,4b786e81-2ec9-448d-9d53-f777962f8dcd,"Motorcycle: >=60cc, electricity",Unknown,GHG_TOTAL_KGCO2_e,0.00774148,Unknown
Travel,Light Passenger Vehicle,2010-2015 Fleet,"Motorcycle: ≥ 60cc, petrol",km,ae33aca5-68d0-471e-89ae-5552dc7f0b33:2,"Motorcycle: >=60cc, petrol",Unknown,GHG_CH4_KGCO2_e,0.00148244,Unknown
Travel,Light Passenger Vehicle,2010-2015 Fleet,"Motorcycle: ≥ 60cc, petrol",km,ae33aca5-68d0-471e-89ae-5552dc7f0b33:2,"Motorcycle: >=60cc, petrol",Unknown,GHG_CO2_KGCO2_e,0.110987,Unknown
Travel,Light Passenger Vehicle,2010-2015 Fleet,"Motorcycle: ≥ 60cc, petrol",km,ae33aca5-68d0-471e-89ae-5552dc7f0b33:2,"Motorcycle: >=60cc, petrol",Unknown,GHG_N2O_KGCO2_e,0.00340126,Unknown
Travel,Light Passenger Vehicle,2010-2015 Fleet,"Motorcycle: ≥ 60cc, petrol",km,ae33aca5-68d0-471e-89ae-5552dc7f0b33:2,"Motorcycle: >=60cc, petrol",Unknown,GHG_TOTAL_KGCO2_e,0.115871,Unknown
Travel,Light Passenger Vehicle,2010-2015 Fleet,PHEV (Diesel) - Diesel consumption: 1350 - <1600 cc,km,2bf3649d-d653-46c9-bfc8-13347e7cb340,PHEV (Diesel) - Diesel consumption: 1350 - <1600 cc,Unknown,GHG_CH4_KGCO2_e,0.000123994,Unknown
Travel,Light Passenger Vehicle,2010-2015 Fleet,PHEV (Diesel) - Diesel consumption: 1350 - <1600 cc,km,2bf3649d-d653-46c9-bfc8-13347e7cb340,PHEV (Diesel) - Diesel consumption: 1350 - <1600 cc,Unknown,GHG_CO2_KGCO2_e,0.0825922,Unknown
Travel,Light Passenger Vehicle,2010-2015 Fleet,PHEV (Diesel) - Diesel consumption: 1350 - <1600 cc,km,2bf3649d-d653-46c9-bfc8-13347e7cb340,PHEV (Diesel) - Diesel consumption: 1350 - <1600 cc,Unknown,GHG_N2O_KGCO2_e,0.00117352,Unknown
Travel,Light Passenger Vehicle,2010-2015 Fleet,PHEV (Diesel) - Diesel consumption: 1350 - <1600 cc,km,2bf3649d-d653-46c9-bfc8-13347e7cb340,PHEV (Diesel) - Diesel consumption: 1350 - <1600 cc,Unknown,GHG_TOTAL_KGCO2_e,0.0838897,Unknown
Travel,Light Passenger Vehicle,2010-2015 Fleet,PHEV (Diesel) - Diesel consumption: 1600 - <2000 cc,km,4cf20c73-3089-48db-bf0a-521197c6ad7b,PHEV (Diesel) - Diesel consumption: 1600 - <2000 cc,Unknown,GHG_CH4_KGCO2_e,0.000131419,Unknown
Travel,Light Passenger Vehicle,2010-2015 Fleet,PHEV (Diesel) - Diesel consumption: 1600 - <2000 cc,km,4cf20c73-3089-48db-bf0a-521197c6ad7b,PHEV (Diesel) - Diesel consumption: 1600 - <2000 cc,Unknown,GHG_CO2_KGCO2_e,0.0875381,Unknown
Travel,Light Passenger Vehicle,2010-2015 Fleet,PHEV (Diesel) - Diesel consumption: 1600 - <2000 cc,km,4cf20c73-3089-48db-bf0a-521197c6ad7b,PHEV (Diesel) - Diesel consumption: 1600 - <2000 cc,Unknown,GHG_N2O_KGCO2_e,0.00124379,Unknown
Travel,Light Passenger Vehicle,2010-2015 Fleet,PHEV (Diesel) - Diesel consumption: 1600 - <2000 cc,km,4cf20c73-3089-48db-bf0a-521197c6ad7b,PHEV (Diesel) - Diesel consumption: 1600 - <2000 cc,Unknown,GHG_TOTAL_KGCO2_e,0.0889133,Unknown
Travel,Light Passenger Vehicle,2010-2015 Fleet,PHEV (Diesel) - Diesel consumption: 2000 - <3000 cc,km,7bb34659-7bf7-44a6-9079-244fd97e3d75,PHEV (Diesel) - Diesel consumption: 2000 - <3000 cc,Unknown,GHG_CH4_KGCO2_e,0.000161564,Unknown
Travel,Light Passenger Vehicle,2010-2015 Fleet,PHEV (Diesel) - Diesel consumption: 2000 - <3000 cc,km,7bb34659-7bf7-44a6-9079-244fd97e3d75,PHEV (Diesel) - Diesel consumption: 2000 - <3000 cc,Unknown,GHG_CO2_KGCO2_e,0.107617,Unknown
Travel,Light Passenger Vehicle,2010-2015 Fleet,PHEV (Diesel) - Diesel consumption: 2000 - <3000 cc,km,7bb34659-7bf7-44a6-9079-244fd97e3d75,PHEV (Diesel) - Diesel consumption: 2000 - <3000 cc,Unknown,GHG_N2O_KGCO2_e,0.00152909,Unknown
Travel,Light Passenger Vehicle,2010-2015 Fleet,PHEV (Diesel) - Diesel consumption: 2000 - <3000 cc,km,7bb34659-7bf7-44a6-9079-244fd97e3d75,PHEV (Diesel) - Diesel consumption: 2000 - <3000 cc,Unknown,GHG_TOTAL_KGCO2_e,0.109308,Unknown
Travel,Light Passenger Vehicle,2010-2015 Fleet,PHEV (Diesel) - Diesel consumption: <1350 cc,km,370f9c6a-db5c-4fc6-9db4-a2a0f3c09067,PHEV (Diesel) - Diesel consumption: <1350 cc,Unknown,GHG_CH4_KGCO2_e,0.00012885,Unknown
Travel,Light Passenger Vehicle,2010-2015 Fleet,PHEV (Diesel) - Diesel consumption: <1350 cc,km,370f9c6a-db5c-4fc6-9db4-a2a0f3c09067,PHEV (Diesel) - Diesel consumption: <1350 cc,Unknown,GHG_CO2_KGCO2_e,0.0858267,Unknown
Travel,Light Passenger Vehicle,2010-2015 Fleet,PHEV (Diesel) - Diesel consumption: <1350 cc,km,370f9c6a-db5c-4fc6-9db4-a2a0f3c09067,PHEV (Diesel) - Diesel consumption: <1350 cc,Unknown,GHG_N2O_KGCO2_e,0.00121947,Unknown
Travel,Light Passenger Vehicle,2010-2015 Fleet,PHEV (Diesel) - Diesel consumption: <1350 cc,km,370f9c6a-db5c-4fc6-9db4-a2a0f3c09067,PHEV (Diesel) - Diesel consumption: <1350 cc,Unknown,GHG_TOTAL_KGCO2_e,0.087175,Unknown
Travel,Light Passenger Vehicle,2010-2015 Fleet,PHEV (Diesel) - Diesel consumption: ≥3000 cc,km,785e250c-ec89-4f3e-b316-263d585ce6a5,PHEV (Diesel) - Diesel consumption: >=3000 cc,Unknown,GHG_CH4_KGCO2_e,0.000179218,Unknown
Travel,Light Passenger Vehicle,2010-2015 Fleet,PHEV (Diesel) - Diesel consumption: ≥3000 cc,km,785e250c-ec89-4f3e-b316-263d585ce6a5,PHEV (Diesel) - Diesel consumption: >=3000 cc,Unknown,GHG_CO2_KGCO2_e,0.119376,Unknown
Travel,Light Passenger Vehicle,2010-2015 Fleet,PHEV (Diesel) - Diesel consumption: ≥3000 cc,km,785e250c-ec89-4f3e-b316-263d585ce6a5,PHEV (Diesel) - Diesel consumption: >=3000 cc,Unknown,GHG_N2O_KGCO2_e,0.00169617,Unknown
Travel,Light Passenger Vehicle,2010-2015 Fleet,PHEV (Diesel) - Diesel consumption: ≥3000 cc,km,785e250c-ec89-4f3e-b316-263d585ce6a5,PHEV (Diesel) - Diesel consumption: >=3000 cc,Unknown,GHG_TOTAL_KGCO2_e,0.121252,Unknown
Travel,Light Passenger Vehicle,2010-2015 Fleet,PHEV (Diesel) - Electricity consumption: 1350 - <1600 cc,km,113ca09f-3781-405f-b349-7e463e53b8ac,PHEV (Diesel) - Electricity consumption: 1350 - <1600 cc,Unknown,GHG_CH4_KGCO2_e,0.000240273,Unknown
Travel,Light Passenger Vehicle,2010-2015 Fleet,PHEV (Diesel) - Electricity consumption: 1350 - <1600 cc,km,113ca09f-3781-405f-b349-7e463e53b8ac,PHEV (Diesel) - Electricity consumption: 1350 - <1600 cc,Unknown,GHG_CO2_KGCO2_e,0.00759914,Unknown
Travel,Light Passenger Vehicle,2010-2015 Fleet,PHEV (Diesel) - Electricity consumption: 1350 - <1600 cc,km,113ca09f-3781-405f-b349-7e463e53b8ac,PHEV (Diesel) - Electricity consumption: 1350 - <1600 cc,Unknown,GHG_N2O_KGCO2_e,0.0000122567,Unknown
Travel,Light Passenger Vehicle,2010-2015 Fleet,PHEV (Diesel) - Electricity consumption: 1350 - <1600 cc,km,113ca09f-3781-405f-b349-7e463e53b8ac,PHEV (Diesel) - Electricity consumption: 1350 - <1600 cc,Unknown,GHG_TOTAL_KGCO2_e,0.00785167,Unknown
Travel,Light Passenger Vehicle,2010-2015 Fleet,PHEV (Diesel) - Electricity consumption: 1600 - <2000 cc,km,5e998f19-3cad-40aa-96fd-96ea9f7c09b8,PHEV (Diesel) - Electricity consumption: 1600 - <2000 cc,Unknown,GHG_CH4_KGCO2_e,0.000263265,Unknown
Travel,Light Passenger Vehicle,2010-2015 Fleet,PHEV (Diesel) - Electricity consumption: 1600 - <2000 cc,km,5e998f19-3cad-40aa-96fd-96ea9f7c09b8,PHEV (Diesel) - Electricity consumption: 1600 - <2000 cc,Unknown,GHG_CO2_KGCO2_e,0.00832631,Unknown
Travel,Light Passenger Vehicle,2010-2015 Fleet,PHEV (Diesel) - Electricity consumption: 1600 - <2000 cc,km,5e998f19-3cad-40aa-96fd-96ea9f7c09b8,PHEV (Diesel) - Electricity consumption: 1600 - <2000 cc,Unknown,GHG_N2O_KGCO2_e,0.0000134296,Unknown
Travel,Light Passenger Vehicle,2010-2015 Fleet,PHEV (Diesel) - Electricity consumption: 1600 - <2000 cc,km,5e998f19-3cad-40aa-96fd-96ea9f7c09b8,PHEV (Diesel) - Electricity consumption: 1600 - <2000 cc,Unknown,GHG_TOTAL_KGCO2_e,0.008603,Unknown
Travel,Light Passenger Vehicle,2010-2015 Fleet,PHEV (Diesel) - Electricity consumption: 2000 - <3000 cc,km,2e676d81-890c-4350-b4aa-3860150b964a,PHEV (Diesel) - Electricity consumption: 2000 - <3000 cc,Unknown,GHG_CH4_KGCO2_e,0.000297978,Unknown
Travel,Light Passenger Vehicle,2010-2015 Fleet,PHEV (Diesel) - Electricity consumption: 2000 - <3000 cc,km,2e676d81-890c-4350-b4aa-3860150b964a,PHEV (Diesel) - Electricity consumption: 2000 - <3000 cc,Unknown,GHG_CO2_KGCO2_e,0.00942417,Unknown
Travel,Light Passenger Vehicle,2010-2015 Fleet,PHEV (Diesel) - Electricity consumption: 2000 - <3000 cc,km,2e676d81-890c-4350-b4aa-3860150b964a,PHEV (Diesel) - Electricity consumption: 2000 - <3000 cc,Unknown,GHG_N2O_KGCO2_e,0.0000152003,Unknown
Travel,Light Passenger Vehicle,2010-2015 Fleet,PHEV (Diesel) - Electricity consumption: 2000 - <3000 cc,km,2e676d81-890c-4350-b4aa-3860150b964a,PHEV (Diesel) - Electricity consumption: 2000 - <3000 cc,Unknown,GHG_TOTAL_KGCO2_e,0.00973735,Unknown
Travel,Light Passenger Vehicle,2010-2015 Fleet,PHEV (Diesel) - Electricity consumption: <1350 cc,km,ed15bc40-116e-4d4c-bd47-47faabab907c,PHEV (Diesel) - Electricity consumption: <1350 cc,Unknown,GHG_CH4_KGCO2_e,0.000250163,Unknown
Travel,Light Passenger Vehicle,2010-2015 Fleet,PHEV (Diesel) - Electricity consumption: <1350 cc,km,ed15bc40-116e-4d4c-bd47-47faabab907c,PHEV (Diesel) - Electricity consumption: <1350 cc,Unknown,GHG_CO2_KGCO2_e,0.00791193,Unknown
Travel,Light Passenger Vehicle,2010-2015 Fleet,PHEV (Diesel) - Electricity consumption: <1350 cc,km,ed15bc40-116e-4d4c-bd47-47faabab907c,PHEV (Diesel) - Electricity consumption: <1350 cc,Unknown,GHG_N2O_KGCO2_e,0.0000127612,Unknown
Travel,Light Passenger Vehicle,2010-2015 Fleet,PHEV (Diesel) - Electricity consumption: <1350 cc,km,ed15bc40-116e-4d4c-bd47-47faabab907c,PHEV (Diesel) - Electricity consumption: <1350 cc,Unknown,GHG_TOTAL_KGCO2_e,0.00817485,Unknown
Travel,Light Passenger Vehicle,2010-2015 Fleet,PHEV (Diesel) - Electricity consumption: ≥3000 cc,km,f20ef63f-4ac4-4362-aa01-fe7008686ed2,PHEV (Diesel) - Electricity consumption: >=3000 cc,Unknown,GHG_CH4_KGCO2_e,0.00035243,Unknown
Travel,Light Passenger Vehicle,2010-2015 Fleet,PHEV (Diesel) - Electricity consumption: ≥3000 cc,km,f20ef63f-4ac4-4362-aa01-fe7008686ed2,PHEV (Diesel) - Electricity consumption: >=3000 cc,Unknown,GHG_CO2_KGCO2_e,0.0111463,Unknown
Travel,Light Passenger Vehicle,2010-2015 Fleet,PHEV (Diesel) - Electricity consumption: ≥3000 cc,km,f20ef63f-4ac4-4362-aa01-fe7008686ed2,PHEV (Diesel) - Electricity consumption: >=3000 cc,Unknown,GHG_N2O_KGCO2_e,0.000017978,Unknown
Travel,Light Passenger Vehicle,2010-2015 Fleet,PHEV (Diesel) - Electricity consumption: ≥3000 cc,km,f20ef63f-4ac4-4362-aa01-fe7008686ed2,PHEV (Diesel) - Electricity consumption: >=3000 cc,Unknown,GHG_TOTAL_KGCO2_e,0.0115167,Unknown
Travel,Light Passenger Vehicle,2010-2015 Fleet,PHEV (Petrol) - Electricity consumption: 1350 - <1600 cc,km,e24c3fef-79d4-4800-b50c-ef19cb99101f,PHEV (Petrol) - Electricity consumption: 1350 - <1600 cc,Unknown,GHG_CH4_KGCO2_e,0.000237378,Unknown
Travel,Light Passenger Vehicle,2010-2015 Fleet,PHEV (Petrol) - Electricity consumption: 1350 - <1600 cc,km,e24c3fef-79d4-4800-b50c-ef19cb99101f,PHEV (Petrol) - Electricity consumption: 1350 - <1600 cc,Unknown,GHG_CO2_KGCO2_e,0.00750759,Unknown
Travel,Light Passenger Vehicle,2010-2015 Fleet,PHEV (Petrol) - Electricity consumption: 1350 - <1600 cc,km,e24c3fef-79d4-4800-b50c-ef19cb99101f,PHEV (Petrol) - Electricity consumption: 1350 - <1600 cc,Unknown,GHG_N2O_KGCO2_e,0.0000121091,Unknown
Travel,Light Passenger Vehicle,2010-2015 Fleet,PHEV (Petrol) - Electricity consumption: 1350 - <1600 cc,km,e24c3fef-79d4-4800-b50c-ef19cb99101f,PHEV (Petrol) - Electricity consumption: 1350 - <1600 cc,Unknown,GHG_TOTAL_KGCO2_e,0.00775708,Unknown
Travel,Light Passenger Vehicle,2010-2015 Fleet,PHEV (Petrol) - Electricity consumption: 1600 - <2000 cc,km,2c075f6a-f0b8-4f0a-ace7-e0c9aa9d5d8c,PHEV (Petrol) - Electricity consumption: 1600 - <2000 cc,Unknown,GHG_CH4_KGCO2_e,0.000267282,Unknown
Travel,Light Passenger Vehicle,2010-2015 Fleet,PHEV (Petrol) - Electricity consumption: 1600 - <2000 cc,km,2c075f6a-f0b8-4f0a-ace7-e0c9aa9d5d8c,PHEV (Petrol) - Electricity consumption: 1600 - <2000 cc,Unknown,GHG_CO2_KGCO2_e,0.00845335,Unknown
Travel,Light Passenger Vehicle,2010-2015 Fleet,PHEV (Petrol) - Electricity consumption: 1600 - <2000 cc,km,2c075f6a-f0b8-4f0a-ace7-e0c9aa9d5d8c,PHEV (Petrol) - Electricity consumption: 1600 - <2000 cc,Unknown,GHG_N2O_KGCO2_e,0.0000136345,Unknown
Travel,Light Passenger Vehicle,2010-2015 Fleet,PHEV (Petrol) - Electricity consumption: 1600 - <2000 cc,km,2c075f6a-f0b8-4f0a-ace7-e0c9aa9d5d8c,PHEV (Petrol) - Electricity consumption: 1600 - <2000 cc,Unknown,GHG_TOTAL_KGCO2_e,0.00873427,Unknown
Travel,Light Passenger Vehicle,2010-2015 Fleet,PHEV (Petrol) - Electricity consumption: 2000 - <3000 cc,km,a76cab77-9213-4460-8a18-bd6dba1536e3,PHEV (Petrol) - Electricity consumption: 2000 - <3000 cc,Unknown,GHG_CH4_KGCO2_e,0.000296877,Unknown
Travel,Light Passenger Vehicle,2010-2015 Fleet,PHEV (Petrol) - Electricity consumption: 2000 - <3000 cc,km,a76cab77-9213-4460-8a18-bd6dba1536e3,PHEV (Petrol) - Electricity consumption: 2000 - <3000 cc,Unknown,GHG_CO2_KGCO2_e,0.00938936,Unknown
Travel,Light Passenger Vehicle,2010-2015 Fleet,PHEV (Petrol) - Electricity consumption: 2000 - <3000 cc,km,a76cab77-9213-4460-8a18-bd6dba1536e3,PHEV (Petrol) - Electricity consumption: 2000 - <3000 cc,Unknown,GHG_N2O_KGCO2_e,0.0000151442,Unknown
Travel,Light Passenger Vehicle,2010-2015 Fleet,PHEV (Petrol) - Electricity consumption: 2000 - <3000 cc,km,a76cab77-9213-4460-8a18-bd6dba1536e3,PHEV (Petrol) - Electricity consumption: 2000 - <3000 cc,Unknown,GHG_TOTAL_KGCO2_e,0.00970138,Unknown
Travel,Light Passenger Vehicle,2010-2015 Fleet,PHEV (Petrol) - Electricity consumption: <1350 cc,km,09f484f0-c937-474a-9c3c-fcab26051f2e,PHEV (Petrol) - Electricity consumption: <1350 cc,Unknown,GHG_CH4_KGCO2_e,0.000229363,Unknown
Travel,Light Passenger Vehicle,2010-2015 Fleet,PHEV (Petrol) - Electricity consumption: <1350 cc,km,09f484f0-c937-474a-9c3c-fcab26051f2e,PHEV (Petrol) - Electricity consumption: <1350 cc,Unknown,GHG_CO2_KGCO2_e,0.00725409,Unknown
Travel,Light Passenger Vehicle,2010-2015 Fleet,PHEV (Petrol) - Electricity consumption: <1350 cc,km,09f484f0-c937-474a-9c3c-fcab26051f2e,PHEV (Petrol) - Electricity consumption: <1350 cc,Unknown,GHG_N2O_KGCO2_e,0.0000117002,Unknown
Travel,Light Passenger Vehicle,2010-2015 Fleet,PHEV (Petrol) - Electricity consumption: <1350 cc,km,09f484f0-c937-474a-9c3c-fcab26051f2e,PHEV (Petrol) - Electricity consumption: <1350 cc,Unknown,GHG_TOTAL_KGCO2_e,0.00749515,Unknown
Travel,Light Passenger Vehicle,2010-2015 Fleet,PHEV (Petrol) - Electricity consumption: ≥3000 cc,km,65dd5d2a-9323-4e94-88b1-a89ace146a73,PHEV (Petrol) - Electricity consumption: >=3000 cc,Unknown,GHG_CH4_KGCO2_e,0.000355143,Unknown
Travel,Light Passenger Vehicle,2010-2015 Fleet,PHEV (Petrol) - Electricity consumption: ≥3000 cc,km,65dd5d2a-9323-4e94-88b1-a89ace146a73,PHEV (Petrol) - Electricity consumption: >=3000 cc,Unknown,GHG_CO2_KGCO2_e,0.0112321,Unknown
Travel,Light Passenger Vehicle,2010-2015 Fleet,PHEV (Petrol) - Electricity consumption: ≥3000 cc,km,65dd5d2a-9323-4e94-88b1-a89ace146a73,PHEV (Petrol) - Electricity consumption: >=3000 cc,Unknown,GHG_N2O_KGCO2_e,0.0000181164,Unknown
Travel,Light Passenger Vehicle,2010-2015 Fleet,PHEV (Petrol) - Electricity consumption: ≥3000 cc,km,65dd5d2a-9323-4e94-88b1-a89ace146a73,PHEV (Petrol) - Electricity consumption: >=3000 cc,Unknown,GHG_TOTAL_KGCO2_e,0.0116054,Unknown
Travel,Light Passenger Vehicle,2010-2015 Fleet,PHEV (Petrol) - Petrol consumption: 1350 - <1600 cc,km,e216e46d-5985-4230-9270-d2deef5761d0,PHEV (Petrol) - Petrol consumption: 1350 - <1600 cc,Unknown,GHG_CH4_KGCO2_e,0.000902783,Unknown
Travel,Light Passenger Vehicle,2010-2015 Fleet,PHEV (Petrol) - Petrol consumption: 1350 - <1600 cc,km,e216e46d-5985-4230-9270-d2deef5761d0,PHEV (Petrol) - Petrol consumption: 1350 - <1600 cc,Unknown,GHG_CO2_KGCO2_e,0.0675895,Unknown
Travel,Light Passenger Vehicle,2010-2015 Fleet,PHEV (Petrol) - Petrol consumption: 1350 - <1600 cc,km,e216e46d-5985-4230-9270-d2deef5761d0,PHEV (Petrol) - Petrol consumption: 1350 - <1600 cc,Unknown,GHG_N2O_KGCO2_e,0.00207132,Unknown
Travel,Light Passenger Vehicle,2010-2015 Fleet,PHEV (Petrol) - Petrol consumption: 1350 - <1600 cc,km,e216e46d-5985-4230-9270-d2deef5761d0,PHEV (Petrol) - Petrol consumption: 1350 - <1600 cc,Unknown,GHG_TOTAL_KGCO2_e,0.0705636,Unknown
Travel,Light Passenger Vehicle,2010-2015 Fleet,PHEV (Petrol) - Petrol consumption: 1600 - <2000 cc,km,6fb61601-bf8c-414f-9119-f63e01205005,PHEV (Petrol) - Petrol consumption: 1600 - <2000 cc,Unknown,GHG_CH4_KGCO2_e,0.00101651,Unknown
Travel,Light Passenger Vehicle,2010-2015 Fleet,PHEV (Petrol) - Petrol consumption: 1600 - <2000 cc,km,6fb61601-bf8c-414f-9119-f63e01205005,PHEV (Petrol) - Petrol consumption: 1600 - <2000 cc,Unknown,GHG_CO2_KGCO2_e,0.076104,Unknown
Travel,Light Passenger Vehicle,2010-2015 Fleet,PHEV (Petrol) - Petrol consumption: 1600 - <2000 cc,km,6fb61601-bf8c-414f-9119-f63e01205005,PHEV (Petrol) - Petrol consumption: 1600 - <2000 cc,Unknown,GHG_N2O_KGCO2_e,0.00233225,Unknown
Travel,Light Passenger Vehicle,2010-2015 Fleet,PHEV (Petrol) - Petrol consumption: 1600 - <2000 cc,km,6fb61601-bf8c-414f-9119-f63e01205005,PHEV (Petrol) - Petrol consumption: 1600 - <2000 cc,Unknown,GHG_TOTAL_KGCO2_e,0.0794527,Unknown
Travel,Light Passenger Vehicle,2010-2015 Fleet,PHEV (Petrol) - Petrol consumption: 2000 - <3000 cc,km,d14dca11-48a4-4904-a887-932c19803100,PHEV (Petrol) - Petrol consumption: 2000 - <3000 cc,Unknown,GHG_CH4_KGCO2_e,0.00112906,Unknown
Travel,Light Passenger Vehicle,2010-2015 Fleet,PHEV (Petrol) - Petrol consumption: 2000 - <3000 cc,km,d14dca11-48a4-4904-a887-932c19803100,PHEV (Petrol) - Petrol consumption: 2000 - <3000 cc,Unknown,GHG_CO2_KGCO2_e,0.0845307,Unknown
Travel,Light Passenger Vehicle,2010-2015 Fleet,PHEV (Petrol) - Petrol consumption: 2000 - <3000 cc,km,d14dca11-48a4-4904-a887-932c19803100,PHEV (Petrol) - Petrol consumption: 2000 - <3000 cc,Unknown,GHG_N2O_KGCO2_e,0.00259049,Unknown
Travel,Light Passenger Vehicle,2010-2015 Fleet,PHEV (Petrol) - Petrol consumption: 2000 - <3000 cc,km,d14dca11-48a4-4904-a887-932c19803100,PHEV (Petrol) - Petrol consumption: 2000 - <3000 cc,Unknown,GHG_TOTAL_KGCO2_e,0.0882503,Unknown
Travel,Light Passenger Vehicle,2010-2015 Fleet,PHEV (Petrol) - Petrol consumption: <1350 cc,km,8b0bdbb4-58d5-4cdf-bc16-1758a447cba3,PHEV (Petrol) - Petrol consumption: <1350 cc,Unknown,GHG_CH4_KGCO2_e,0.000872299,Unknown
Travel,Light Passenger Vehicle,2010-2015 Fleet,PHEV (Petrol) - Petrol consumption: <1350 cc,km,8b0bdbb4-58d5-4cdf-bc16-1758a447cba3,PHEV (Petrol) - Petrol consumption: <1350 cc,Unknown,GHG_CO2_KGCO2_e,0.0653072,Unknown
Travel,Light Passenger Vehicle,2010-2015 Fleet,PHEV (Petrol) - Petrol consumption: <1350 cc,km,8b0bdbb4-58d5-4cdf-bc16-1758a447cba3,PHEV (Petrol) - Petrol consumption: <1350 cc,Unknown,GHG_N2O_KGCO2_e,0.00200138,Unknown
Travel,Light Passenger Vehicle,2010-2015 Fleet,PHEV (Petrol) - Petrol consumption: <1350 cc,km,8b0bdbb4-58d5-4cdf-bc16-1758a447cba3,PHEV (Petrol) - Petrol consumption: <1350 cc,Unknown,GHG_TOTAL_KGCO2_e,0.0681809,Unknown
Travel,Light Passenger Vehicle,2010-2015 Fleet,PHEV (Petrol) - Petrol consumption: ≥3000 cc,km,1ae8cd94-af27-4910-8ce9-33f0cff9c97c,PHEV (Petrol) - Petrol consumption: >=3000 cc,Unknown,GHG_CH4_KGCO2_e,0.00135066,Unknown
Travel,Light Passenger Vehicle,2010-2015 Fleet,PHEV (Petrol) - Petrol consumption: ≥3000 cc,km,1ae8cd94-af27-4910-8ce9-33f0cff9c97c,PHEV (Petrol) - Petrol consumption: >=3000 cc,Unknown,GHG_CO2_KGCO2_e,0.101121,Unknown
Travel,Light Passenger Vehicle,2010-2015 Fleet,PHEV (Petrol) - Petrol consumption: ≥3000 cc,km,1ae8cd94-af27-4910-8ce9-33f0cff9c97c,PHEV (Petrol) - Petrol consumption: >=3000 cc,Unknown,GHG_N2O_KGCO2_e,0.00309891,Unknown
Travel,Light Passenger Vehicle,2010-2015 Fleet,PHEV (Petrol) - Petrol consumption: ≥3000 cc,km,1ae8cd94-af27-4910-8ce9-33f0cff9c97c,PHEV (Petrol) - Petrol consumption: >=3000 cc,Unknown,GHG_TOTAL_KGCO2_e,0.10557,Unknown
Travel,Light Passenger Vehicle,2010-2015 Fleet,Petrol hybrid vehicle: 1350 - <1600 cc,km,d84d245d-2bfd-4bf5-960e-f6b96286aecb:2,Petrol hybrid vehicle: 1350 - <1600 cc,Unknown,GHG_CH4_KGCO2_e,0.00172506,Unknown
Travel,Light Passenger Vehicle,2010-2015 Fleet,Petrol hybrid vehicle: 1350 - <1600 cc,km,d84d245d-2bfd-4bf5-960e-f6b96286aecb:2,Petrol hybrid vehicle: 1350 - <1600 cc,Unknown,GHG_CO2_KGCO2_e,0.129152,Unknown
Travel,Light Passenger Vehicle,2010-2015 Fleet,Petrol hybrid vehicle: 1350 - <1600 cc,km,d84d245d-2bfd-4bf5-960e-f6b96286aecb:2,Petrol hybrid vehicle: 1350 - <1600 cc,Unknown,GHG_N2O_KGCO2_e,0.00395794,Unknown
Travel,Light Passenger Vehicle,2010-2015 Fleet,Petrol hybrid vehicle: 1350 - <1600 cc,km,d84d245d-2bfd-4bf5-960e-f6b96286aecb:2,Petrol hybrid vehicle: 1350 - <1600 cc,Unknown,GHG_TOTAL_KGCO2_e,0.134835,Unknown
Travel,Light Passenger Vehicle,2010-2015 Fleet,Petrol hybrid vehicle: 1600 - <2000 cc,km,6b094449-b30f-4067-ba3f-819a95ac0147:2,Petrol hybrid vehicle: 1600 - <2000 cc,Unknown,GHG_CH4_KGCO2_e,0.00194238,Unknown
Travel,Light Passenger Vehicle,2010-2015 Fleet,Petrol hybrid vehicle: 1600 - <2000 cc,km,6b094449-b30f-4067-ba3f-819a95ac0147:2,Petrol hybrid vehicle: 1600 - <2000 cc,Unknown,GHG_CO2_KGCO2_e,0.145422,Unknown
Travel,Light Passenger Vehicle,2010-2015 Fleet,Petrol hybrid vehicle: 1600 - <2000 cc,km,6b094449-b30f-4067-ba3f-819a95ac0147:2,Petrol hybrid vehicle: 1600 - <2000 cc,Unknown,GHG_N2O_KGCO2_e,0.00445653,Unknown
Travel,Light Passenger Vehicle,2010-2015 Fleet,Petrol hybrid vehicle: 1600 - <2000 cc,km,6b094449-b30f-4067-ba3f-819a95ac0147:2,Petrol hybrid vehicle: 1600 - <2000 cc,Unknown,GHG_TOTAL_KGCO2_e,0.151821,Unknown
Travel,Light Passenger Vehicle,2010-2015 Fleet,Petrol hybrid vehicle: 2000 - <3000 cc,km,da33b951-acd2-46d9-84d4-cad4acf7ce59:2,Petrol hybrid vehicle: 2000 - <3000 cc,Unknown,GHG_CH4_KGCO2_e,0.00215745,Unknown
Travel,Light Passenger Vehicle,2010-2015 Fleet,Petrol hybrid vehicle: 2000 - <3000 cc,km,da33b951-acd2-46d9-84d4-cad4acf7ce59:2,Petrol hybrid vehicle: 2000 - <3000 cc,Unknown,GHG_CO2_KGCO2_e,0.161524,Unknown
Travel,Light Passenger Vehicle,2010-2015 Fleet,Petrol hybrid vehicle: 2000 - <3000 cc,km,da33b951-acd2-46d9-84d4-cad4acf7ce59:2,Petrol hybrid vehicle: 2000 - <3000 cc,Unknown,GHG_N2O_KGCO2_e,0.00494999,Unknown
Travel,Light Passenger Vehicle,2010-2015 Fleet,Petrol hybrid vehicle: 2000 - <3000 cc,km,da33b951-acd2-46d9-84d4-cad4acf7ce59:2,Petrol hybrid vehicle: 2000 - <3000 cc,Unknown,GHG_TOTAL_KGCO2_e,0.168631,Unknown
Travel,Light Passenger Vehicle,2010-2015 Fleet,Petrol hybrid vehicle: <1350 cc,km,66a70980-ce51-456f-a619-4bf39f662438:2,Petrol hybrid vehicle: <1350 cc,Unknown,GHG_CH4_KGCO2_e,0.00166681,Unknown
Travel,Light Passenger Vehicle,2010-2015 Fleet,Petrol hybrid vehicle: <1350 cc,km,66a70980-ce51-456f-a619-4bf39f662438:2,Petrol hybrid vehicle: <1350 cc,Unknown,GHG_CO2_KGCO2_e,0.124791,Unknown
Travel,Light Passenger Vehicle,2010-2015 Fleet,Petrol hybrid vehicle: <1350 cc,km,66a70980-ce51-456f-a619-4bf39f662438:2,Petrol hybrid vehicle: <1350 cc,Unknown,GHG_N2O_KGCO2_e,0.00382429,Unknown
Travel,Light Passenger Vehicle,2010-2015 Fleet,Petrol hybrid vehicle: <1350 cc,km,66a70980-ce51-456f-a619-4bf39f662438:2,Petrol hybrid vehicle: <1350 cc,Unknown,GHG_TOTAL_KGCO2_e,0.130282,Unknown
Travel,Light Passenger Vehicle,2010-2015 Fleet,Petrol hybrid vehicle: ≥3000 cc,km,022c1e05-acf4-438a-bc46-47bae55f3dc6:2,Petrol hybrid vehicle: >=3000 cc,Unknown,GHG_CH4_KGCO2_e,0.00258087,Unknown
Travel,Light Passenger Vehicle,2010-2015 Fleet,Petrol hybrid vehicle: ≥3000 cc,km,022c1e05-acf4-438a-bc46-47bae55f3dc6:2,Petrol hybrid vehicle: >=3000 cc,Unknown,GHG_CO2_KGCO2_e,0.193225,Unknown
Travel,Light Passenger Vehicle,2010-2015 Fleet,Petrol hybrid vehicle: ≥3000 cc,km,022c1e05-acf4-438a-bc46-47bae55f3dc6:2,Petrol hybrid vehicle: >=3000 cc,Unknown,GHG_N2O_KGCO2_e,0.00592148,Unknown
Travel,Light Passenger Vehicle,2010-2015 Fleet,Petrol hybrid vehicle: ≥3000 cc,km,022c1e05-acf4-438a-bc46-47bae55f3dc6:2,Petrol hybrid vehicle: >=3000 cc,Unknown,GHG_TOTAL_KGCO2_e,0.201727,Unknown
Travel,Light Passenger Vehicle,2010-2015 Fleet,Petrol vehicle: 1350 - <1600 cc,km,cef3dd05-2092-4db1-a926-7ea370f1aa13:2,Petrol vehicle: 1350 - <1600 cc,Unknown,GHG_CH4_KGCO2_e,0.00218508,Unknown
Travel,Light Passenger Vehicle,2010-2015 Fleet,Petrol vehicle: 1350 - <1600 cc,km,cef3dd05-2092-4db1-a926-7ea370f1aa13:2,Petrol vehicle: 1350 - <1600 cc,Unknown,GHG_CO2_KGCO2_e,0.163592,Unknown
Travel,Light Passenger Vehicle,2010-2015 Fleet,Petrol vehicle: 1350 - <1600 cc,km,cef3dd05-2092-4db1-a926-7ea370f1aa13:2,Petrol vehicle: 1350 - <1600 cc,Unknown,GHG_N2O_KGCO2_e,0.00501338,Unknown
Travel,Light Passenger Vehicle,2010-2015 Fleet,Petrol vehicle: 1350 - <1600 cc,km,cef3dd05-2092-4db1-a926-7ea370f1aa13:2,Petrol vehicle: 1350 - <1600 cc,Unknown,GHG_TOTAL_KGCO2_e,0.170791,Unknown
Travel,Light Passenger Vehicle,2010-2015 Fleet,Petrol vehicle: 1600 - <2000 cc,km,c5b87e80-7447-4c06-80b7-2bfe98060688:2,Petrol vehicle: 1600 - <2000 cc,Unknown,GHG_CH4_KGCO2_e,0.00246034,Unknown
Travel,Light Passenger Vehicle,2010-2015 Fleet,Petrol vehicle: 1600 - <2000 cc,km,c5b87e80-7447-4c06-80b7-2bfe98060688:2,Petrol vehicle: 1600 - <2000 cc,Unknown,GHG_CO2_KGCO2_e,0.184201,Unknown
Travel,Light Passenger Vehicle,2010-2015 Fleet,Petrol vehicle: 1600 - <2000 cc,km,c5b87e80-7447-4c06-80b7-2bfe98060688:2,Petrol vehicle: 1600 - <2000 cc,Unknown,GHG_N2O_KGCO2_e,0.00564494,Unknown
Travel,Light Passenger Vehicle,2010-2015 Fleet,Petrol vehicle: 1600 - <2000 cc,km,c5b87e80-7447-4c06-80b7-2bfe98060688:2,Petrol vehicle: 1600 - <2000 cc,Unknown,GHG_TOTAL_KGCO2_e,0.192306,Unknown
Travel,Light Passenger Vehicle,2010-2015 Fleet,Petrol vehicle: 2000 - <3000 cc,km,fbc71414-1150-4181-a103-0049d57b1b3b:2,Petrol vehicle: 2000 - <3000 cc,Unknown,GHG_CH4_KGCO2_e,0.00273277,Unknown
Travel,Light Passenger Vehicle,2010-2015 Fleet,Petrol vehicle: 2000 - <3000 cc,km,fbc71414-1150-4181-a103-0049d57b1b3b:2,Petrol vehicle: 2000 - <3000 cc,Unknown,GHG_CO2_KGCO2_e,0.204597,Unknown
Travel,Light Passenger Vehicle,2010-2015 Fleet,Petrol vehicle: 2000 - <3000 cc,km,fbc71414-1150-4181-a103-0049d57b1b3b:2,Petrol vehicle: 2000 - <3000 cc,Unknown,GHG_N2O_KGCO2_e,0.00626999,Unknown
Travel,Light Passenger Vehicle,2010-2015 Fleet,Petrol vehicle: 2000 - <3000 cc,km,fbc71414-1150-4181-a103-0049d57b1b3b:2,Petrol vehicle: 2000 - <3000 cc,Unknown,GHG_TOTAL_KGCO2_e,0.213599,Unknown
Travel,Light Passenger Vehicle,2010-2015 Fleet,Petrol vehicle: <1350 cc,km,b693c1fa-60c0-48a7-a22a-94f8682227e5:2,Petrol vehicle: <1350 cc,Unknown,GHG_CH4_KGCO2_e,0.0021113,Unknown
Travel,Light Passenger Vehicle,2010-2015 Fleet,Petrol vehicle: <1350 cc,km,b693c1fa-60c0-48a7-a22a-94f8682227e5:2,Petrol vehicle: <1350 cc,Unknown,GHG_CO2_KGCO2_e,0.158068,Unknown
Travel,Light Passenger Vehicle,2010-2015 Fleet,Petrol vehicle: <1350 cc,km,b693c1fa-60c0-48a7-a22a-94f8682227e5:2,Petrol vehicle: <1350 cc,Unknown,GHG_N2O_KGCO2_e,0.0048441,Unknown
Travel,Light Passenger Vehicle,2010-2015 Fleet,Petrol vehicle: <1350 cc,km,b693c1fa-60c0-48a7-a22a-94f8682227e5:2,Petrol vehicle: <1350 cc,Unknown,GHG_TOTAL_KGCO2_e,0.165024,Unknown
Travel,Light Passenger Vehicle,2010-2015 Fleet,Petrol vehicle: ≥3000 cc,km,3aa231e2-7cac-41d5-9aaf-0518c2d813ff:2,Petrol vehicle: >=3000 cc,Unknown,GHG_CH4_KGCO2_e,0.00326911,Unknown
Travel,Light Passenger Vehicle,2010-2015 Fleet,Petrol vehicle: ≥3000 cc,km,3aa231e2-7cac-41d5-9aaf-0518c2d813ff:2,Petrol vehicle: >=3000 cc,Unknown,GHG_CO2_KGCO2_e,0.244751,Unknown
Travel,Light Passenger Vehicle,2010-2015 Fleet,Petrol vehicle: ≥3000 cc,km,3aa231e2-7cac-41d5-9aaf-0518c2d813ff:2,Petrol vehicle: >=3000 cc,Unknown,GHG_N2O_KGCO2_e,0.00750054,Unknown
Travel,Light Passenger Vehicle,2010-2015 Fleet,Petrol vehicle: ≥3000 cc,km,3aa231e2-7cac-41d5-9aaf-0518c2d813ff:2,Petrol vehicle: >=3000 cc,Unknown,GHG_TOTAL_KGCO2_e,0.255521,Unknown
Travel,Light Passenger Vehicle,2015-2020 Fleet,Diesel hybrid vehicle: 1350 - <1600 cc,km,62e8495e-4b28-4099-b3cc-b71f2ffcd482:3,Diesel hybrid vehicle: 1350 - <1600 cc,Unknown,GHG_CH4_KGCO2_e,0.000223039,Unknown
Travel,Light Passenger Vehicle,2015-2020 Fleet,Diesel hybrid vehicle: 1350 - <1600 cc,km,62e8495e-4b28-4099-b3cc-b71f2ffcd482:3,Diesel hybrid vehicle: 1350 - <1600 cc,Unknown,GHG_CO2_KGCO2_e,0.148566,Unknown
Travel,Light Passenger Vehicle,2015-2020 Fleet,Diesel hybrid vehicle: 1350 - <1600 cc,km,62e8495e-4b28-4099-b3cc-b71f2ffcd482:3,Diesel hybrid vehicle: 1350 - <1600 cc,Unknown,GHG_N2O_KGCO2_e,0.00211091,Unknown
Travel,Light Passenger Vehicle,2015-2020 Fleet,Diesel hybrid vehicle: 1350 - <1600 cc,km,62e8495e-4b28-4099-b3cc-b71f2ffcd482:3,Diesel hybrid vehicle: 1350 - <1600 cc,Unknown,GHG_TOTAL_KGCO2_e,0.1509,Unknown
Travel,Light Passenger Vehicle,2015-2020 Fleet,Diesel hybrid vehicle: 1600 - <2000 cc,km,2dd4c7df-44d3-4956-b9eb-90ddf25ea9e8:3,Diesel hybrid vehicle: 1600 - <2000 cc,Unknown,GHG_CH4_KGCO2_e,0.000236396,Unknown
Travel,Light Passenger Vehicle,2015-2020 Fleet,Diesel hybrid vehicle: 1600 - <2000 cc,km,2dd4c7df-44d3-4956-b9eb-90ddf25ea9e8:3,Diesel hybrid vehicle: 1600 - <2000 cc,Unknown,GHG_CO2_KGCO2_e,0.157463,Unknown
Travel,Light Passenger Vehicle,2015-2020 Fleet,Diesel hybrid vehicle: 1600 - <2000 cc,km,2dd4c7df-44d3-4956-b9eb-90ddf25ea9e8:3,Diesel hybrid vehicle: 1600 - <2000 cc,Unknown,GHG_N2O_KGCO2_e,0.00223732,Unknown
Travel,Light Passenger Vehicle,2015-2020 Fleet,Diesel hybrid vehicle: 1600 - <2000 cc,km,2dd4c7df-44d3-4956-b9eb-90ddf25ea9e8:3,Diesel hybrid vehicle: 1600 - <2000 cc,Unknown,GHG_TOTAL_KGCO2_e,0.159936,Unknown
Travel,Light Passenger Vehicle,2015-2020 Fleet,Diesel hybrid vehicle: 2000 - <3000 cc,km,471ddfb0-0bb5-44c7-a9b8-1163d1238203:3,Diesel hybrid vehicle: 2000 - <3000 cc,Unknown,GHG_CH4_KGCO2_e,0.000290619,Unknown
Travel,Light Passenger Vehicle,2015-2020 Fleet,Diesel hybrid vehicle: 2000 - <3000 cc,km,471ddfb0-0bb5-44c7-a9b8-1163d1238203:3,Diesel hybrid vehicle: 2000 - <3000 cc,Unknown,GHG_CO2_KGCO2_e,0.193581,Unknown
Travel,Light Passenger Vehicle,2015-2020 Fleet,Diesel hybrid vehicle: 2000 - <3000 cc,km,471ddfb0-0bb5-44c7-a9b8-1163d1238203:3,Diesel hybrid vehicle: 2000 - <3000 cc,Unknown,GHG_N2O_KGCO2_e,0.0027505,Unknown
Travel,Light Passenger Vehicle,2015-2020 Fleet,Diesel hybrid vehicle: 2000 - <3000 cc,km,471ddfb0-0bb5-44c7-a9b8-1163d1238203:3,Diesel hybrid vehicle: 2000 - <3000 cc,Unknown,GHG_TOTAL_KGCO2_e,0.196622,Unknown
Travel,Light Passenger Vehicle,2015-2020 Fleet,Diesel hybrid vehicle: <1350 cc,km,18e855cb-bd9b-4ab1-9dcd-b4e935bbd37e:3,Diesel hybrid vehicle: <1350 cc,Unknown,GHG_CH4_KGCO2_e,0.000231774,Unknown
Travel,Light Passenger Vehicle,2015-2020 Fleet,Diesel hybrid vehicle: <1350 cc,km,18e855cb-bd9b-4ab1-9dcd-b4e935bbd37e:3,Diesel hybrid vehicle: <1350 cc,Unknown,GHG_CO2_KGCO2_e,0.154384,Unknown
Travel,Light Passenger Vehicle,2015-2020 Fleet,Diesel hybrid vehicle: <1350 cc,km,18e855cb-bd9b-4ab1-9dcd-b4e935bbd37e:3,Diesel hybrid vehicle: <1350 cc,Unknown,GHG_N2O_KGCO2_e,0.00219357,Unknown
Travel,Light Passenger Vehicle,2015-2020 Fleet,Diesel hybrid vehicle: <1350 cc,km,18e855cb-bd9b-4ab1-9dcd-b4e935bbd37e:3,Diesel hybrid vehicle: <1350 cc,Unknown,GHG_TOTAL_KGCO2_e,0.156809,Unknown
Travel,Light Passenger Vehicle,2015-2020 Fleet,Diesel hybrid vehicle: ≥3000 cc,km,9a9e249b-c2a0-43de-bd51-26b0343bfdd3:3,Diesel hybrid vehicle: >=3000 cc,Unknown,GHG_CH4_KGCO2_e,0.000322375,Unknown
Travel,Light Passenger Vehicle,2015-2020 Fleet,Diesel hybrid vehicle: ≥3000 cc,km,9a9e249b-c2a0-43de-bd51-26b0343bfdd3:3,Diesel hybrid vehicle: >=3000 cc,Unknown,GHG_CO2_KGCO2_e,0.214733,Unknown
Travel,Light Passenger Vehicle,2015-2020 Fleet,Diesel hybrid vehicle: ≥3000 cc,km,9a9e249b-c2a0-43de-bd51-26b0343bfdd3:3,Diesel hybrid vehicle: >=3000 cc,Unknown,GHG_N2O_KGCO2_e,0.00305105,Unknown
Travel,Light Passenger Vehicle,2015-2020 Fleet,Diesel hybrid vehicle: ≥3000 cc,km,9a9e249b-c2a0-43de-bd51-26b0343bfdd3:3,Diesel hybrid vehicle: >=3000 cc,Unknown,GHG_TOTAL_KGCO2_e,0.218107,Unknown
Travel,Light Passenger Vehicle,2015-2020 Fleet,Diesel vehicle: 1350 - <1600 cc,km,291accc6-c910-4e54-8f52-4522a23134a3:3,Diesel vehicle: 1350 - <1600 cc,Unknown,GHG_CH4_KGCO2_e,0.000251579,Unknown
Travel,Light Passenger Vehicle,2015-2020 Fleet,Diesel vehicle: 1350 - <1600 cc,km,291accc6-c910-4e54-8f52-4522a23134a3:3,Diesel vehicle: 1350 - <1600 cc,Unknown,GHG_CO2_KGCO2_e,0.167577,Unknown
Travel,Light Passenger Vehicle,2015-2020 Fleet,Diesel vehicle: 1350 - <1600 cc,km,291accc6-c910-4e54-8f52-4522a23134a3:3,Diesel vehicle: 1350 - <1600 cc,Unknown,GHG_N2O_KGCO2_e,0.00238102,Unknown
Travel,Light Passenger Vehicle,2015-2020 Fleet,Diesel vehicle: 1350 - <1600 cc,km,291accc6-c910-4e54-8f52-4522a23134a3:3,Diesel vehicle: 1350 - <1600 cc,Unknown,GHG_TOTAL_KGCO2_e,0.170209,Unknown
Travel,Light Passenger Vehicle,2015-2020 Fleet,Diesel vehicle: 1600 - <2000 cc,km,28d64843-9461-437e-97ea-d1d9d7720a38:3,Diesel vehicle: 1600 - <2000 cc,Unknown,GHG_CH4_KGCO2_e,0.000266645,Unknown
Travel,Light Passenger Vehicle,2015-2020 Fleet,Diesel vehicle: 1600 - <2000 cc,km,28d64843-9461-437e-97ea-d1d9d7720a38:3,Diesel vehicle: 1600 - <2000 cc,Unknown,GHG_CO2_KGCO2_e,0.177612,Unknown
Travel,Light Passenger Vehicle,2015-2020 Fleet,Diesel vehicle: 1600 - <2000 cc,km,28d64843-9461-437e-97ea-d1d9d7720a38:3,Diesel vehicle: 1600 - <2000 cc,Unknown,GHG_N2O_KGCO2_e,0.0025236,Unknown
Travel,Light Passenger Vehicle,2015-2020 Fleet,Diesel vehicle: 1600 - <2000 cc,km,28d64843-9461-437e-97ea-d1d9d7720a38:3,Diesel vehicle: 1600 - <2000 cc,Unknown,GHG_TOTAL_KGCO2_e,0.180402,Unknown
Travel,Light Passenger Vehicle,2015-2020 Fleet,Diesel vehicle: 2000 - <3000 cc,km,b030ab15-dee9-4d9a-bd62-e9280eedac7c:3,Diesel vehicle: 2000 - <3000 cc,Unknown,GHG_CH4_KGCO2_e,0.000327626,Unknown
Travel,Light Passenger Vehicle,2015-2020 Fleet,Diesel vehicle: 2000 - <3000 cc,km,b030ab15-dee9-4d9a-bd62-e9280eedac7c:3,Diesel vehicle: 2000 - <3000 cc,Unknown,GHG_CO2_KGCO2_e,0.218231,Unknown
Travel,Light Passenger Vehicle,2015-2020 Fleet,Diesel vehicle: 2000 - <3000 cc,km,b030ab15-dee9-4d9a-bd62-e9280eedac7c:3,Diesel vehicle: 2000 - <3000 cc,Unknown,GHG_N2O_KGCO2_e,0.00310074,Unknown
Travel,Light Passenger Vehicle,2015-2020 Fleet,Diesel vehicle: 2000 - <3000 cc,km,b030ab15-dee9-4d9a-bd62-e9280eedac7c:3,Diesel vehicle: 2000 - <3000 cc,Unknown,GHG_TOTAL_KGCO2_e,0.221659,Unknown
Travel,Light Passenger Vehicle,2015-2020 Fleet,Diesel vehicle: <1350 cc,km,807bd8d7-fa4f-4aae-8b08-bbda4e270126:3,Diesel vehicle: <1350 cc,Unknown,GHG_CH4_KGCO2_e,0.000261432,Unknown
Travel,Light Passenger Vehicle,2015-2020 Fleet,Diesel vehicle: <1350 cc,km,807bd8d7-fa4f-4aae-8b08-bbda4e270126:3,Diesel vehicle: <1350 cc,Unknown,GHG_CO2_KGCO2_e,0.174139,Unknown
Travel,Light Passenger Vehicle,2015-2020 Fleet,Diesel vehicle: <1350 cc,km,807bd8d7-fa4f-4aae-8b08-bbda4e270126:3,Diesel vehicle: <1350 cc,Unknown,GHG_N2O_KGCO2_e,0.00247427,Unknown
Travel,Light Passenger Vehicle,2015-2020 Fleet,Diesel vehicle: <1350 cc,km,807bd8d7-fa4f-4aae-8b08-bbda4e270126:3,Diesel vehicle: <1350 cc,Unknown,GHG_TOTAL_KGCO2_e,0.176875,Unknown
Travel,Light Passenger Vehicle,2015-2020 Fleet,Diesel vehicle: ≥3000 cc,km,8c526723-44b7-4093-a53f-5455b9015b0c:3,Diesel vehicle: >=3000 cc,Unknown,GHG_CH4_KGCO2_e,0.000363425,Unknown
Travel,Light Passenger Vehicle,2015-2020 Fleet,Diesel vehicle: ≥3000 cc,km,8c526723-44b7-4093-a53f-5455b9015b0c:3,Diesel vehicle: >=3000 cc,Unknown,GHG_CO2_KGCO2_e,0.242076,Unknown
Travel,Light Passenger Vehicle,2015-2020 Fleet,Diesel vehicle: ≥3000 cc,km,8c526723-44b7-4093-a53f-5455b9015b0c:3,Diesel vehicle: >=3000 cc,Unknown,GHG_N2O_KGCO2_e,0.00343956,Unknown
Travel,Light Passenger Vehicle,2015-2020 Fleet,Diesel vehicle: ≥3000 cc,km,8c526723-44b7-4093-a53f-5455b9015b0c:3,Diesel vehicle: >=3000 cc,Unknown,GHG_TOTAL_KGCO2_e,0.245879,Unknown
Travel,Light Passenger Vehicle,2015-2020 Fleet,Electric vehicle: 1350 - <1600 cc,km,ee00bdee-9c77-45dd-8d4f-da51ff079705:2,Electric vehicle: 1350 - <1600 cc,Unknown,GHG_CH4_KGCO2_e,0.000476307,Unknown
Travel,Light Passenger Vehicle,2015-2020 Fleet,Electric vehicle: 1350 - <1600 cc,km,ee00bdee-9c77-45dd-8d4f-da51ff079705:2,Electric vehicle: 1350 - <1600 cc,Unknown,GHG_CO2_KGCO2_e,0.0150642,Unknown
Travel,Light Passenger Vehicle,2015-2020 Fleet,Electric vehicle: 1350 - <1600 cc,km,ee00bdee-9c77-45dd-8d4f-da51ff079705:2,Electric vehicle: 1350 - <1600 cc,Unknown,GHG_N2O_KGCO2_e,0.0000242972,Unknown
Travel,Light Passenger Vehicle,2015-2020 Fleet,Electric vehicle: 1350 - <1600 cc,km,ee00bdee-9c77-45dd-8d4f-da51ff079705:2,Electric vehicle: 1350 - <1600 cc,Unknown,GHG_TOTAL_KGCO2_e,0.0155648,Unknown
Travel,Light Passenger Vehicle,2015-2020 Fleet,Electric vehicle: 1600 - <2000 cc,km,6625d4f4-855a-4ef9-9c3f-c002d87c06aa:2,Electric vehicle: 1600 - <2000 cc,Unknown,GHG_CH4_KGCO2_e,0.000536309,Unknown
Travel,Light Passenger Vehicle,2015-2020 Fleet,Electric vehicle: 1600 - <2000 cc,km,6625d4f4-855a-4ef9-9c3f-c002d87c06aa:2,Electric vehicle: 1600 - <2000 cc,Unknown,GHG_CO2_KGCO2_e,0.0169619,Unknown
Travel,Light Passenger Vehicle,2015-2020 Fleet,Electric vehicle: 1600 - <2000 cc,km,6625d4f4-855a-4ef9-9c3f-c002d87c06aa:2,Electric vehicle: 1600 - <2000 cc,Unknown,GHG_N2O_KGCO2_e,0.000027358,Unknown
Travel,Light Passenger Vehicle,2015-2020 Fleet,Electric vehicle: 1600 - <2000 cc,km,6625d4f4-855a-4ef9-9c3f-c002d87c06aa:2,Electric vehicle: 1600 - <2000 cc,Unknown,GHG_TOTAL_KGCO2_e,0.0175256,Unknown
Travel,Light Passenger Vehicle,2015-2020 Fleet,Electric vehicle: 2000 - <3000 cc,km,5bd09007-6ac2-4ac2-a536-9047df73a97a:2,Electric vehicle: 2000 - <3000 cc,Unknown,GHG_CH4_KGCO2_e,0.000595693,Unknown
Travel,Light Passenger Vehicle,2015-2020 Fleet,Electric vehicle: 2000 - <3000 cc,km,5bd09007-6ac2-4ac2-a536-9047df73a97a:2,Electric vehicle: 2000 - <3000 cc,Unknown,GHG_CO2_KGCO2_e,0.01884,Unknown
Travel,Light Passenger Vehicle,2015-2020 Fleet,Electric vehicle: 2000 - <3000 cc,km,5bd09007-6ac2-4ac2-a536-9047df73a97a:2,Electric vehicle: 2000 - <3000 cc,Unknown,GHG_N2O_KGCO2_e,0.0000303873,Unknown
Travel,Light Passenger Vehicle,2015-2020 Fleet,Electric vehicle: 2000 - <3000 cc,km,5bd09007-6ac2-4ac2-a536-9047df73a97a:2,Electric vehicle: 2000 - <3000 cc,Unknown,GHG_TOTAL_KGCO2_e,0.0194661,Unknown
Travel,Light Passenger Vehicle,2015-2020 Fleet,Electric vehicle: <1350 cc,km,6c8354b2-224c-4f79-b036-082eec61e050:2,Electric vehicle: <1350 cc,Unknown,GHG_CH4_KGCO2_e,0.000460224,Unknown
Travel,Light Passenger Vehicle,2015-2020 Fleet,Electric vehicle: <1350 cc,km,6c8354b2-224c-4f79-b036-082eec61e050:2,Electric vehicle: <1350 cc,Unknown,GHG_CO2_KGCO2_e,0.0145555,Unknown
Travel,Light Passenger Vehicle,2015-2020 Fleet,Electric vehicle: <1350 cc,km,6c8354b2-224c-4f79-b036-082eec61e050:2,Electric vehicle: <1350 cc,Unknown,GHG_N2O_KGCO2_e,0.0000234768,Unknown
Travel,Light Passenger Vehicle,2015-2020 Fleet,Electric vehicle: <1350 cc,km,6c8354b2-224c-4f79-b036-082eec61e050:2,Electric vehicle: <1350 cc,Unknown,GHG_TOTAL_KGCO2_e,0.0150392,Unknown
Travel,Light Passenger Vehicle,2015-2020 Fleet,Electric vehicle: ≥3000 cc,km,38806ec9-8226-4ebc-92b1-2297d3d67e7e:2,Electric vehicle: >=3000 cc,Unknown,GHG_CH4_KGCO2_e,0.000712604,Unknown
Travel,Light Passenger Vehicle,2015-2020 Fleet,Electric vehicle: ≥3000 cc,km,38806ec9-8226-4ebc-92b1-2297d3d67e7e:2,Electric vehicle: >=3000 cc,Unknown,GHG_CO2_KGCO2_e,0.0225376,Unknown
Travel,Light Passenger Vehicle,2015-2020 Fleet,Electric vehicle: ≥3000 cc,km,38806ec9-8226-4ebc-92b1-2297d3d67e7e:2,Electric vehicle: >=3000 cc,Unknown,GHG_N2O_KGCO2_e,0.0000363511,Unknown
Travel,Light Passenger Vehicle,2015-2020 Fleet,Electric vehicle: ≥3000 cc,km,38806ec9-8226-4ebc-92b1-2297d3d67e7e:2,Electric vehicle: >=3000 cc,Unknown,GHG_TOTAL_KGCO2_e,0.0232866,Unknown
Travel,Light Passenger Vehicle,2015-2020 Fleet,"Motorcycle: <60cc, electricity",km,010a2eb9-b775-4795-8956-cb250ea34a0b:2,"Motorcycle: <60cc, electricity",Unknown,GHG_CH4_KGCO2_e,0.000116564,Unknown
Travel,Light Passenger Vehicle,2015-2020 Fleet,"Motorcycle: <60cc, electricity",km,010a2eb9-b775-4795-8956-cb250ea34a0b:2,"Motorcycle: <60cc, electricity",Unknown,GHG_CO2_KGCO2_e,0.00368659,Unknown
Travel,Light Passenger Vehicle,2015-2020 Fleet,"Motorcycle: <60cc, electricity",km,010a2eb9-b775-4795-8956-cb250ea34a0b:2,"Motorcycle: <60cc, electricity",Unknown,GHG_N2O_KGCO2_e,0.00000594613,Unknown
Travel,Light Passenger Vehicle,2015-2020 Fleet,"Motorcycle: <60cc, electricity",km,010a2eb9-b775-4795-8956-cb250ea34a0b:2,"Motorcycle: <60cc, electricity",Unknown,GHG_TOTAL_KGCO2_e,0.0038091,Unknown
Travel,Light Passenger Vehicle,2015-2020 Fleet,"Motorcycle: <60cc, petrol",km,fbf55efc-7f1e-400b-a12f-79f7e35b64d1:3,"Motorcycle: <60cc, petrol",Unknown,GHG_CH4_KGCO2_e,0.000703122,Unknown
Travel,Light Passenger Vehicle,2015-2020 Fleet,"Motorcycle: <60cc, petrol",km,fbf55efc-7f1e-400b-a12f-79f7e35b64d1:3,"Motorcycle: <60cc, petrol",Unknown,GHG_CO2_KGCO2_e,0.0526413,Unknown
Travel,Light Passenger Vehicle,2015-2020 Fleet,"Motorcycle: <60cc, petrol",km,fbf55efc-7f1e-400b-a12f-79f7e35b64d1:3,"Motorcycle: <60cc, petrol",Unknown,GHG_N2O_KGCO2_e,0.00161322,Unknown
Travel,Light Passenger Vehicle,2015-2020 Fleet,"Motorcycle: <60cc, petrol",km,fbf55efc-7f1e-400b-a12f-79f7e35b64d1:3,"Motorcycle: <60cc, petrol",Unknown,GHG_TOTAL_KGCO2_e,0.0549576,Unknown
Travel,Light Passenger Vehicle,2015-2020 Fleet,"Motorcycle: ≥ 60cc, electricity",km,4b786e81-2ec9-448d-9d53-f777962f8dcd:2,"Motorcycle: >=60cc, electricity",Unknown,GHG_CH4_KGCO2_e,0.000233128,Unknown
Travel,Light Passenger Vehicle,2015-2020 Fleet,"Motorcycle: ≥ 60cc, electricity",km,4b786e81-2ec9-448d-9d53-f777962f8dcd:2,"Motorcycle: >=60cc, electricity",Unknown,GHG_CO2_KGCO2_e,0.00737318,Unknown
Travel,Light Passenger Vehicle,2015-2020 Fleet,"Motorcycle: ≥ 60cc, electricity",km,4b786e81-2ec9-448d-9d53-f777962f8dcd:2,"Motorcycle: >=60cc, electricity",Unknown,GHG_N2O_KGCO2_e,0.0000118923,Unknown
Travel,Light Passenger Vehicle,2015-2020 Fleet,"Motorcycle: ≥ 60cc, electricity",km,4b786e81-2ec9-448d-9d53-f777962f8dcd:2,"Motorcycle: >=60cc, electricity",Unknown,GHG_TOTAL_KGCO2_e,0.0076182,Unknown
Travel,Light Passenger Vehicle,2015-2020 Fleet,"Motorcycle: ≥ 60cc, petrol",km,ae33aca5-68d0-471e-89ae-5552dc7f0b33:3,"Motorcycle: >=60cc, petrol",Unknown,GHG_CH4_KGCO2_e,0.00140624,Unknown
Travel,Light Passenger Vehicle,2015-2020 Fleet,"Motorcycle: ≥ 60cc, petrol",km,ae33aca5-68d0-471e-89ae-5552dc7f0b33:3,"Motorcycle: >=60cc, petrol",Unknown,GHG_CO2_KGCO2_e,0.105283,Unknown
Travel,Light Passenger Vehicle,2015-2020 Fleet,"Motorcycle: ≥ 60cc, petrol",km,ae33aca5-68d0-471e-89ae-5552dc7f0b33:3,"Motorcycle: >=60cc, petrol",Unknown,GHG_N2O_KGCO2_e,0.00322645,Unknown
Travel,Light Passenger Vehicle,2015-2020 Fleet,"Motorcycle: ≥ 60cc, petrol",km,ae33aca5-68d0-471e-89ae-5552dc7f0b33:3,"Motorcycle: >=60cc, petrol",Unknown,GHG_TOTAL_KGCO2_e,0.109915,Unknown
Travel,Light Passenger Vehicle,2015-2020 Fleet,PHEV (Diesel) - Diesel consumption: 1350 - <1600 cc,km,2bf3649d-d653-46c9-bfc8-13347e7cb340:2,PHEV (Diesel) - Diesel consumption: 1350 - <1600 cc,Unknown,GHG_CH4_KGCO2_e,0.000116724,Unknown
Travel,Light Passenger Vehicle,2015-2020 Fleet,PHEV (Diesel) - Diesel consumption: 1350 - <1600 cc,km,2bf3649d-d653-46c9-bfc8-13347e7cb340:2,PHEV (Diesel) - Diesel consumption: 1350 - <1600 cc,Unknown,GHG_CO2_KGCO2_e,0.0777495,Unknown
Travel,Light Passenger Vehicle,2015-2020 Fleet,PHEV (Diesel) - Diesel consumption: 1350 - <1600 cc,km,2bf3649d-d653-46c9-bfc8-13347e7cb340:2,PHEV (Diesel) - Diesel consumption: 1350 - <1600 cc,Unknown,GHG_N2O_KGCO2_e,0.00110471,Unknown
Travel,Light Passenger Vehicle,2015-2020 Fleet,PHEV (Diesel) - Diesel consumption: 1350 - <1600 cc,km,2bf3649d-d653-46c9-bfc8-13347e7cb340:2,PHEV (Diesel) - Diesel consumption: 1350 - <1600 cc,Unknown,GHG_TOTAL_KGCO2_e,0.078971,Unknown
Travel,Light Passenger Vehicle,2015-2020 Fleet,PHEV (Diesel) - Diesel consumption: 1600 - <2000 cc,km,4cf20c73-3089-48db-bf0a-521197c6ad7b:2,PHEV (Diesel) - Diesel consumption: 1600 - <2000 cc,Unknown,GHG_CH4_KGCO2_e,0.000123714,Unknown
Travel,Light Passenger Vehicle,2015-2020 Fleet,PHEV (Diesel) - Diesel consumption: 1600 - <2000 cc,km,4cf20c73-3089-48db-bf0a-521197c6ad7b:2,PHEV (Diesel) - Diesel consumption: 1600 - <2000 cc,Unknown,GHG_CO2_KGCO2_e,0.0824055,Unknown
Travel,Light Passenger Vehicle,2015-2020 Fleet,PHEV (Diesel) - Diesel consumption: 1600 - <2000 cc,km,4cf20c73-3089-48db-bf0a-521197c6ad7b:2,PHEV (Diesel) - Diesel consumption: 1600 - <2000 cc,Unknown,GHG_N2O_KGCO2_e,0.00117086,Unknown
Travel,Light Passenger Vehicle,2015-2020 Fleet,PHEV (Diesel) - Diesel consumption: 1600 - <2000 cc,km,4cf20c73-3089-48db-bf0a-521197c6ad7b:2,PHEV (Diesel) - Diesel consumption: 1600 - <2000 cc,Unknown,GHG_TOTAL_KGCO2_e,0.0837,Unknown
Travel,Light Passenger Vehicle,2015-2020 Fleet,PHEV (Diesel) - Diesel consumption: 2000 - <3000 cc,km,7bb34659-7bf7-44a6-9079-244fd97e3d75:2,PHEV (Diesel) - Diesel consumption: 2000 - <3000 cc,Unknown,GHG_CH4_KGCO2_e,0.000152091,Unknown
Travel,Light Passenger Vehicle,2015-2020 Fleet,PHEV (Diesel) - Diesel consumption: 2000 - <3000 cc,km,7bb34659-7bf7-44a6-9079-244fd97e3d75:2,PHEV (Diesel) - Diesel consumption: 2000 - <3000 cc,Unknown,GHG_CO2_KGCO2_e,0.101307,Unknown
Travel,Light Passenger Vehicle,2015-2020 Fleet,PHEV (Diesel) - Diesel consumption: 2000 - <3000 cc,km,7bb34659-7bf7-44a6-9079-244fd97e3d75:2,PHEV (Diesel) - Diesel consumption: 2000 - <3000 cc,Unknown,GHG_N2O_KGCO2_e,0.00143943,Unknown
Travel,Light Passenger Vehicle,2015-2020 Fleet,PHEV (Diesel) - Diesel consumption: 2000 - <3000 cc,km,7bb34659-7bf7-44a6-9079-244fd97e3d75:2,PHEV (Diesel) - Diesel consumption: 2000 - <3000 cc,Unknown,GHG_TOTAL_KGCO2_e,0.102899,Unknown
Travel,Light Passenger Vehicle,2015-2020 Fleet,PHEV (Diesel) - Diesel consumption: <1350 cc,km,370f9c6a-db5c-4fc6-9db4-a2a0f3c09067:2,PHEV (Diesel) - Diesel consumption: <1350 cc,Unknown,GHG_CH4_KGCO2_e,0.000121295,Unknown
Travel,Light Passenger Vehicle,2015-2020 Fleet,PHEV (Diesel) - Diesel consumption: <1350 cc,km,370f9c6a-db5c-4fc6-9db4-a2a0f3c09067:2,PHEV (Diesel) - Diesel consumption: <1350 cc,Unknown,GHG_CO2_KGCO2_e,0.0807944,Unknown
Travel,Light Passenger Vehicle,2015-2020 Fleet,PHEV (Diesel) - Diesel consumption: <1350 cc,km,370f9c6a-db5c-4fc6-9db4-a2a0f3c09067:2,PHEV (Diesel) - Diesel consumption: <1350 cc,Unknown,GHG_N2O_KGCO2_e,0.00114797,Unknown
Travel,Light Passenger Vehicle,2015-2020 Fleet,PHEV (Diesel) - Diesel consumption: <1350 cc,km,370f9c6a-db5c-4fc6-9db4-a2a0f3c09067:2,PHEV (Diesel) - Diesel consumption: <1350 cc,Unknown,GHG_TOTAL_KGCO2_e,0.0820636,Unknown
Travel,Light Passenger Vehicle,2015-2020 Fleet,PHEV (Diesel) - Diesel consumption: ≥3000 cc,km,785e250c-ec89-4f3e-b316-263d585ce6a5:2,PHEV (Diesel) - Diesel consumption: >=3000 cc,Unknown,GHG_CH4_KGCO2_e,0.000168709,Unknown
Travel,Light Passenger Vehicle,2015-2020 Fleet,PHEV (Diesel) - Diesel consumption: ≥3000 cc,km,785e250c-ec89-4f3e-b316-263d585ce6a5:2,PHEV (Diesel) - Diesel consumption: >=3000 cc,Unknown,GHG_CO2_KGCO2_e,0.112377,Unknown
Travel,Light Passenger Vehicle,2015-2020 Fleet,PHEV (Diesel) - Diesel consumption: ≥3000 cc,km,785e250c-ec89-4f3e-b316-263d585ce6a5:2,PHEV (Diesel) - Diesel consumption: >=3000 cc,Unknown,GHG_N2O_KGCO2_e,0.00159671,Unknown
Travel,Light Passenger Vehicle,2015-2020 Fleet,PHEV (Diesel) - Diesel consumption: ≥3000 cc,km,785e250c-ec89-4f3e-b316-263d585ce6a5:2,PHEV (Diesel) - Diesel consumption: >=3000 cc,Unknown,GHG_TOTAL_KGCO2_e,0.114142,Unknown
Travel,Light Passenger Vehicle,2015-2020 Fleet,PHEV (Diesel) - Electricity consumption: 1350 - <1600 cc,km,113ca09f-3781-405f-b349-7e463e53b8ac:2,PHEV (Diesel) - Electricity consumption: 1350 - <1600 cc,Unknown,GHG_CH4_KGCO2_e,0.000229808,Unknown
Travel,Light Passenger Vehicle,2015-2020 Fleet,PHEV (Diesel) - Electricity consumption: 1350 - <1600 cc,km,113ca09f-3781-405f-b349-7e463e53b8ac:2,PHEV (Diesel) - Electricity consumption: 1350 - <1600 cc,Unknown,GHG_CO2_KGCO2_e,0.00726817,Unknown
Travel,Light Passenger Vehicle,2015-2020 Fleet,PHEV (Diesel) - Electricity consumption: 1350 - <1600 cc,km,113ca09f-3781-405f-b349-7e463e53b8ac:2,PHEV (Diesel) - Electricity consumption: 1350 - <1600 cc,Unknown,GHG_N2O_KGCO2_e,0.0000117229,Unknown
Travel,Light Passenger Vehicle,2015-2020 Fleet,PHEV (Diesel) - Electricity consumption: 1350 - <1600 cc,km,113ca09f-3781-405f-b349-7e463e53b8ac:2,PHEV (Diesel) - Electricity consumption: 1350 - <1600 cc,Unknown,GHG_TOTAL_KGCO2_e,0.0075097,Unknown
Travel,Light Passenger Vehicle,2015-2020 Fleet,PHEV (Diesel) - Electricity consumption: 1600 - <2000 cc,km,5e998f19-3cad-40aa-96fd-96ea9f7c09b8:2,PHEV (Diesel) - Electricity consumption: 1600 - <2000 cc,Unknown,GHG_CH4_KGCO2_e,0.000251799,Unknown
Travel,Light Passenger Vehicle,2015-2020 Fleet,PHEV (Diesel) - Electricity consumption: 1600 - <2000 cc,km,5e998f19-3cad-40aa-96fd-96ea9f7c09b8:2,PHEV (Diesel) - Electricity consumption: 1600 - <2000 cc,Unknown,GHG_CO2_KGCO2_e,0.00796366,Unknown
Travel,Light Passenger Vehicle,2015-2020 Fleet,PHEV (Diesel) - Electricity consumption: 1600 - <2000 cc,km,5e998f19-3cad-40aa-96fd-96ea9f7c09b8:2,PHEV (Diesel) - Electricity consumption: 1600 - <2000 cc,Unknown,GHG_N2O_KGCO2_e,0.0000128447,Unknown
Travel,Light Passenger Vehicle,2015-2020 Fleet,PHEV (Diesel) - Electricity consumption: 1600 - <2000 cc,km,5e998f19-3cad-40aa-96fd-96ea9f7c09b8:2,PHEV (Diesel) - Electricity consumption: 1600 - <2000 cc,Unknown,GHG_TOTAL_KGCO2_e,0.0082283,Unknown
Travel,Light Passenger Vehicle,2015-2020 Fleet,PHEV (Diesel) - Electricity consumption: 2000 - <3000 cc,km,2e676d81-890c-4350-b4aa-3860150b964a:2,PHEV (Diesel) - Electricity consumption: 2000 - <3000 cc,Unknown,GHG_CH4_KGCO2_e,0.000285,Unknown
Travel,Light Passenger Vehicle,2015-2020 Fleet,PHEV (Diesel) - Electricity consumption: 2000 - <3000 cc,km,2e676d81-890c-4350-b4aa-3860150b964a:2,PHEV (Diesel) - Electricity consumption: 2000 - <3000 cc,Unknown,GHG_CO2_KGCO2_e,0.00901371,Unknown
Travel,Light Passenger Vehicle,2015-2020 Fleet,PHEV (Diesel) - Electricity consumption: 2000 - <3000 cc,km,2e676d81-890c-4350-b4aa-3860150b964a:2,PHEV (Diesel) - Electricity consumption: 2000 - <3000 cc,Unknown,GHG_N2O_KGCO2_e,0.0000145383,Unknown
Travel,Light Passenger Vehicle,2015-2020 Fleet,PHEV (Diesel) - Electricity consumption: 2000 - <3000 cc,km,2e676d81-890c-4350-b4aa-3860150b964a:2,PHEV (Diesel) - Electricity consumption: 2000 - <3000 cc,Unknown,GHG_TOTAL_KGCO2_e,0.00931325,Unknown
Travel,Light Passenger Vehicle,2015-2020 Fleet,PHEV (Diesel) - Electricity consumption: <1350 cc,km,ed15bc40-116e-4d4c-bd47-47faabab907c:2,PHEV (Diesel) - Electricity consumption: <1350 cc,Unknown,GHG_CH4_KGCO2_e,0.000239267,Unknown
Travel,Light Passenger Vehicle,2015-2020 Fleet,PHEV (Diesel) - Electricity consumption: <1350 cc,km,ed15bc40-116e-4d4c-bd47-47faabab907c:2,PHEV (Diesel) - Electricity consumption: <1350 cc,Unknown,GHG_CO2_KGCO2_e,0.00756733,Unknown
Travel,Light Passenger Vehicle,2015-2020 Fleet,PHEV (Diesel) - Electricity consumption: <1350 cc,km,ed15bc40-116e-4d4c-bd47-47faabab907c:2,PHEV (Diesel) - Electricity consumption: <1350 cc,Unknown,GHG_N2O_KGCO2_e,0.0000122054,Unknown
Travel,Light Passenger Vehicle,2015-2020 Fleet,PHEV (Diesel) - Electricity consumption: <1350 cc,km,ed15bc40-116e-4d4c-bd47-47faabab907c:2,PHEV (Diesel) - Electricity consumption: <1350 cc,Unknown,GHG_TOTAL_KGCO2_e,0.0078188,Unknown
Travel,Light Passenger Vehicle,2015-2020 Fleet,PHEV (Diesel) - Electricity consumption: ≥3000 cc,km,f20ef63f-4ac4-4362-aa01-fe7008686ed2:2,PHEV (Diesel) - Electricity consumption: >=3000 cc,Unknown,GHG_CH4_KGCO2_e,0.00033708,Unknown
Travel,Light Passenger Vehicle,2015-2020 Fleet,PHEV (Diesel) - Electricity consumption: ≥3000 cc,km,f20ef63f-4ac4-4362-aa01-fe7008686ed2:2,PHEV (Diesel) - Electricity consumption: >=3000 cc,Unknown,GHG_CO2_KGCO2_e,0.0106609,Unknown
Travel,Light Passenger Vehicle,2015-2020 Fleet,PHEV (Diesel) - Electricity consumption: ≥3000 cc,km,f20ef63f-4ac4-4362-aa01-fe7008686ed2:2,PHEV (Diesel) - Electricity consumption: >=3000 cc,Unknown,GHG_N2O_KGCO2_e,0.000017195,Unknown
Travel,Light Passenger Vehicle,2015-2020 Fleet,PHEV (Diesel) - Electricity consumption: ≥3000 cc,km,f20ef63f-4ac4-4362-aa01-fe7008686ed2:2,PHEV (Diesel) - Electricity consumption: >=3000 cc,Unknown,GHG_TOTAL_KGCO2_e,0.0110151,Unknown
Travel,Light Passenger Vehicle,2015-2020 Fleet,PHEV (Petrol) - Electricity consumption: 1350 - <1600 cc,km,e24c3fef-79d4-4800-b50c-ef19cb99101f:2,PHEV (Petrol) - Electricity consumption: 1350 - <1600 cc,Unknown,GHG_CH4_KGCO2_e,0.00022704,Unknown
Travel,Light Passenger Vehicle,2015-2020 Fleet,PHEV (Petrol) - Electricity consumption: 1350 - <1600 cc,km,e24c3fef-79d4-4800-b50c-ef19cb99101f:2,PHEV (Petrol) - Electricity consumption: 1350 - <1600 cc,Unknown,GHG_CO2_KGCO2_e,0.0071806,Unknown
Travel,Light Passenger Vehicle,2015-2020 Fleet,PHEV (Petrol) - Electricity consumption: 1350 - <1600 cc,km,e24c3fef-79d4-4800-b50c-ef19cb99101f:2,PHEV (Petrol) - Electricity consumption: 1350 - <1600 cc,Unknown,GHG_N2O_KGCO2_e,0.0000115817,Unknown
Travel,Light Passenger Vehicle,2015-2020 Fleet,PHEV (Petrol) - Electricity consumption: 1350 - <1600 cc,km,e24c3fef-79d4-4800-b50c-ef19cb99101f:2,PHEV (Petrol) - Electricity consumption: 1350 - <1600 cc,Unknown,GHG_TOTAL_KGCO2_e,0.00741922,Unknown
Travel,Light Passenger Vehicle,2015-2020 Fleet,PHEV (Petrol) - Electricity consumption: 1600 - <2000 cc,km,2c075f6a-f0b8-4f0a-ace7-e0c9aa9d5d8c:2,PHEV (Petrol) - Electricity consumption: 1600 - <2000 cc,Unknown,GHG_CH4_KGCO2_e,0.000255641,Unknown
Travel,Light Passenger Vehicle,2015-2020 Fleet,PHEV (Petrol) - Electricity consumption: 1600 - <2000 cc,km,2c075f6a-f0b8-4f0a-ace7-e0c9aa9d5d8c:2,PHEV (Petrol) - Electricity consumption: 1600 - <2000 cc,Unknown,GHG_CO2_KGCO2_e,0.00808517,Unknown
Travel,Light Passenger Vehicle,2015-2020 Fleet,PHEV (Petrol) - Electricity consumption: 1600 - <2000 cc,km,2c075f6a-f0b8-4f0a-ace7-e0c9aa9d5d8c:2,PHEV (Petrol) - Electricity consumption: 1600 - <2000 cc,Unknown,GHG_N2O_KGCO2_e,0.0000130406,Unknown
Travel,Light Passenger Vehicle,2015-2020 Fleet,PHEV (Petrol) - Electricity consumption: 1600 - <2000 cc,km,2c075f6a-f0b8-4f0a-ace7-e0c9aa9d5d8c:2,PHEV (Petrol) - Electricity consumption: 1600 - <2000 cc,Unknown,GHG_TOTAL_KGCO2_e,0.00835385,Unknown
Travel,Light Passenger Vehicle,2015-2020 Fleet,PHEV (Petrol) - Electricity consumption: 2000 - <3000 cc,km,a76cab77-9213-4460-8a18-bd6dba1536e3:2,PHEV (Petrol) - Electricity consumption: 2000 - <3000 cc,Unknown,GHG_CH4_KGCO2_e,0.000283947,Unknown
Travel,Light Passenger Vehicle,2015-2020 Fleet,PHEV (Petrol) - Electricity consumption: 2000 - <3000 cc,km,a76cab77-9213-4460-8a18-bd6dba1536e3:2,PHEV (Petrol) - Electricity consumption: 2000 - <3000 cc,Unknown,GHG_CO2_KGCO2_e,0.00898042,Unknown
Travel,Light Passenger Vehicle,2015-2020 Fleet,PHEV (Petrol) - Electricity consumption: 2000 - <3000 cc,km,a76cab77-9213-4460-8a18-bd6dba1536e3:2,PHEV (Petrol) - Electricity consumption: 2000 - <3000 cc,Unknown,GHG_N2O_KGCO2_e,0.0000144846,Unknown
Travel,Light Passenger Vehicle,2015-2020 Fleet,PHEV (Petrol) - Electricity consumption: 2000 - <3000 cc,km,a76cab77-9213-4460-8a18-bd6dba1536e3:2,PHEV (Petrol) - Electricity consumption: 2000 - <3000 cc,Unknown,GHG_TOTAL_KGCO2_e,0.00927885,Unknown
Travel,Light Passenger Vehicle,2015-2020 Fleet,PHEV (Petrol) - Electricity consumption: <1350 cc,km,09f484f0-c937-474a-9c3c-fcab26051f2e:2,PHEV (Petrol) - Electricity consumption: <1350 cc,Unknown,GHG_CH4_KGCO2_e,0.000219373,Unknown
Travel,Light Passenger Vehicle,2015-2020 Fleet,PHEV (Petrol) - Electricity consumption: <1350 cc,km,09f484f0-c937-474a-9c3c-fcab26051f2e:2,PHEV (Petrol) - Electricity consumption: <1350 cc,Unknown,GHG_CO2_KGCO2_e,0.00693814,Unknown
Travel,Light Passenger Vehicle,2015-2020 Fleet,PHEV (Petrol) - Electricity consumption: <1350 cc,km,09f484f0-c937-474a-9c3c-fcab26051f2e:2,PHEV (Petrol) - Electricity consumption: <1350 cc,Unknown,GHG_N2O_KGCO2_e,0.0000111906,Unknown
Travel,Light Passenger Vehicle,2015-2020 Fleet,PHEV (Petrol) - Electricity consumption: <1350 cc,km,09f484f0-c937-474a-9c3c-fcab26051f2e:2,PHEV (Petrol) - Electricity consumption: <1350 cc,Unknown,GHG_TOTAL_KGCO2_e,0.0071687,Unknown
Travel,Light Passenger Vehicle,2015-2020 Fleet,PHEV (Petrol) - Electricity consumption: ≥3000 cc,km,65dd5d2a-9323-4e94-88b1-a89ace146a73:2,PHEV (Petrol) - Electricity consumption: >=3000 cc,Unknown,GHG_CH4_KGCO2_e,0.000339675,Unknown
Travel,Light Passenger Vehicle,2015-2020 Fleet,PHEV (Petrol) - Electricity consumption: ≥3000 cc,km,65dd5d2a-9323-4e94-88b1-a89ace146a73:2,PHEV (Petrol) - Electricity consumption: >=3000 cc,Unknown,GHG_CO2_KGCO2_e,0.0107429,Unknown
Travel,Light Passenger Vehicle,2015-2020 Fleet,PHEV (Petrol) - Electricity consumption: ≥3000 cc,km,65dd5d2a-9323-4e94-88b1-a89ace146a73:2,PHEV (Petrol) - Electricity consumption: >=3000 cc,Unknown,GHG_N2O_KGCO2_e,0.0000173274,Unknown
Travel,Light Passenger Vehicle,2015-2020 Fleet,PHEV (Petrol) - Electricity consumption: ≥3000 cc,km,65dd5d2a-9323-4e94-88b1-a89ace146a73:2,PHEV (Petrol) - Electricity consumption: >=3000 cc,Unknown,GHG_TOTAL_KGCO2_e,0.0110999,Unknown
Travel,Light Passenger Vehicle,2015-2020 Fleet,PHEV (Petrol) - Petrol consumption: 1350 - <1600 cc,km,e216e46d-5985-4230-9270-d2deef5761d0:2,PHEV (Petrol) - Petrol consumption: 1350 - <1600 cc,Unknown,GHG_CH4_KGCO2_e,0.00084985,Unknown
Travel,Light Passenger Vehicle,2015-2020 Fleet,PHEV (Petrol) - Petrol consumption: 1350 - <1600 cc,km,e216e46d-5985-4230-9270-d2deef5761d0:2,PHEV (Petrol) - Petrol consumption: 1350 - <1600 cc,Unknown,GHG_CO2_KGCO2_e,0.0636265,Unknown
Travel,Light Passenger Vehicle,2015-2020 Fleet,PHEV (Petrol) - Petrol consumption: 1350 - <1600 cc,km,e216e46d-5985-4230-9270-d2deef5761d0:2,PHEV (Petrol) - Petrol consumption: 1350 - <1600 cc,Unknown,GHG_N2O_KGCO2_e,0.00194987,Unknown
Travel,Light Passenger Vehicle,2015-2020 Fleet,PHEV (Petrol) - Petrol consumption: 1350 - <1600 cc,km,e216e46d-5985-4230-9270-d2deef5761d0:2,PHEV (Petrol) - Petrol consumption: 1350 - <1600 cc,Unknown,GHG_TOTAL_KGCO2_e,0.0664262,Unknown
Travel,Light Passenger Vehicle,2015-2020 Fleet,PHEV (Petrol) - Petrol consumption: 1600 - <2000 cc,km,6fb61601-bf8c-414f-9119-f63e01205005:2,PHEV (Petrol) - Petrol consumption: 1600 - <2000 cc,Unknown,GHG_CH4_KGCO2_e,0.000956909,Unknown
Travel,Light Passenger Vehicle,2015-2020 Fleet,PHEV (Petrol) - Petrol consumption: 1600 - <2000 cc,km,6fb61601-bf8c-414f-9119-f63e01205005:2,PHEV (Petrol) - Petrol consumption: 1600 - <2000 cc,Unknown,GHG_CO2_KGCO2_e,0.0716418,Unknown
Travel,Light Passenger Vehicle,2015-2020 Fleet,PHEV (Petrol) - Petrol consumption: 1600 - <2000 cc,km,6fb61601-bf8c-414f-9119-f63e01205005:2,PHEV (Petrol) - Petrol consumption: 1600 - <2000 cc,Unknown,GHG_N2O_KGCO2_e,0.0021955,Unknown
Travel,Light Passenger Vehicle,2015-2020 Fleet,PHEV (Petrol) - Petrol consumption: 1600 - <2000 cc,km,6fb61601-bf8c-414f-9119-f63e01205005:2,PHEV (Petrol) - Petrol consumption: 1600 - <2000 cc,Unknown,GHG_TOTAL_KGCO2_e,0.0747942,Unknown
Travel,Light Passenger Vehicle,2015-2020 Fleet,PHEV (Petrol) - Petrol consumption: 2000 - <3000 cc,km,d14dca11-48a4-4904-a887-932c19803100:2,PHEV (Petrol) - Petrol consumption: 2000 - <3000 cc,Unknown,GHG_CH4_KGCO2_e,0.00106286,Unknown
Travel,Light Passenger Vehicle,2015-2020 Fleet,PHEV (Petrol) - Petrol consumption: 2000 - <3000 cc,km,d14dca11-48a4-4904-a887-932c19803100:2,PHEV (Petrol) - Petrol consumption: 2000 - <3000 cc,Unknown,GHG_CO2_KGCO2_e,0.0795744,Unknown
Travel,Light Passenger Vehicle,2015-2020 Fleet,PHEV (Petrol) - Petrol consumption: 2000 - <3000 cc,km,d14dca11-48a4-4904-a887-932c19803100:2,PHEV (Petrol) - Petrol consumption: 2000 - <3000 cc,Unknown,GHG_N2O_KGCO2_e,0.00243861,Unknown
Travel,Light Passenger Vehicle,2015-2020 Fleet,PHEV (Petrol) - Petrol consumption: 2000 - <3000 cc,km,d14dca11-48a4-4904-a887-932c19803100:2,PHEV (Petrol) - Petrol consumption: 2000 - <3000 cc,Unknown,GHG_TOTAL_KGCO2_e,0.0830759,Unknown
Travel,Light Passenger Vehicle,2015-2020 Fleet,PHEV (Petrol) - Petrol consumption: <1350 cc,km,8b0bdbb4-58d5-4cdf-bc16-1758a447cba3:2,PHEV (Petrol) - Petrol consumption: <1350 cc,Unknown,GHG_CH4_KGCO2_e,0.000821153,Unknown
Travel,Light Passenger Vehicle,2015-2020 Fleet,PHEV (Petrol) - Petrol consumption: <1350 cc,km,8b0bdbb4-58d5-4cdf-bc16-1758a447cba3:2,PHEV (Petrol) - Petrol consumption: <1350 cc,Unknown,GHG_CO2_KGCO2_e,0.0614781,Unknown
Travel,Light Passenger Vehicle,2015-2020 Fleet,PHEV (Petrol) - Petrol consumption: <1350 cc,km,8b0bdbb4-58d5-4cdf-bc16-1758a447cba3:2,PHEV (Petrol) - Petrol consumption: <1350 cc,Unknown,GHG_N2O_KGCO2_e,0.00188403,Unknown
Travel,Light Passenger Vehicle,2015-2020 Fleet,PHEV (Petrol) - Petrol consumption: <1350 cc,km,8b0bdbb4-58d5-4cdf-bc16-1758a447cba3:2,PHEV (Petrol) - Petrol consumption: <1350 cc,Unknown,GHG_TOTAL_KGCO2_e,0.0641832,Unknown
Travel,Light Passenger Vehicle,2015-2020 Fleet,PHEV (Petrol) - Petrol consumption: ≥3000 cc,km,1ae8cd94-af27-4910-8ce9-33f0cff9c97c:2,PHEV (Petrol) - Petrol consumption: >=3000 cc,Unknown,GHG_CH4_KGCO2_e,0.00127146,Unknown
Travel,Light Passenger Vehicle,2015-2020 Fleet,PHEV (Petrol) - Petrol consumption: ≥3000 cc,km,1ae8cd94-af27-4910-8ce9-33f0cff9c97c:2,PHEV (Petrol) - Petrol consumption: >=3000 cc,Unknown,GHG_CO2_KGCO2_e,0.0951918,Unknown
Travel,Light Passenger Vehicle,2015-2020 Fleet,PHEV (Petrol) - Petrol consumption: ≥3000 cc,km,1ae8cd94-af27-4910-8ce9-33f0cff9c97c:2,PHEV (Petrol) - Petrol consumption: >=3000 cc,Unknown,GHG_N2O_KGCO2_e,0.00291721,Unknown
Travel,Light Passenger Vehicle,2015-2020 Fleet,PHEV (Petrol) - Petrol consumption: ≥3000 cc,km,1ae8cd94-af27-4910-8ce9-33f0cff9c97c:2,PHEV (Petrol) - Petrol consumption: >=3000 cc,Unknown,GHG_TOTAL_KGCO2_e,0.0993805,Unknown
Travel,Light Passenger Vehicle,2015-2020 Fleet,Petrol hybrid vehicle: 1350 - <1600 cc,km,d84d245d-2bfd-4bf5-960e-f6b96286aecb:3,Petrol hybrid vehicle: 1350 - <1600 cc,Unknown,GHG_CH4_KGCO2_e,0.00162392,Unknown
Travel,Light Passenger Vehicle,2015-2020 Fleet,Petrol hybrid vehicle: 1350 - <1600 cc,km,d84d245d-2bfd-4bf5-960e-f6b96286aecb:3,Petrol hybrid vehicle: 1350 - <1600 cc,Unknown,GHG_CO2_KGCO2_e,0.121579,Unknown
Travel,Light Passenger Vehicle,2015-2020 Fleet,Petrol hybrid vehicle: 1350 - <1600 cc,km,d84d245d-2bfd-4bf5-960e-f6b96286aecb:3,Petrol hybrid vehicle: 1350 - <1600 cc,Unknown,GHG_N2O_KGCO2_e,0.00372587,Unknown
Travel,Light Passenger Vehicle,2015-2020 Fleet,Petrol hybrid vehicle: 1350 - <1600 cc,km,d84d245d-2bfd-4bf5-960e-f6b96286aecb:3,Petrol hybrid vehicle: 1350 - <1600 cc,Unknown,GHG_TOTAL_KGCO2_e,0.126929,Unknown
Travel,Light Passenger Vehicle,2015-2020 Fleet,Petrol hybrid vehicle: 1600 - <2000 cc,km,6b094449-b30f-4067-ba3f-819a95ac0147:3,Petrol hybrid vehicle: 1600 - <2000 cc,Unknown,GHG_CH4_KGCO2_e,0.00182849,Unknown
Travel,Light Passenger Vehicle,2015-2020 Fleet,Petrol hybrid vehicle: 1600 - <2000 cc,km,6b094449-b30f-4067-ba3f-819a95ac0147:3,Petrol hybrid vehicle: 1600 - <2000 cc,Unknown,GHG_CO2_KGCO2_e,0.136895,Unknown
Travel,Light Passenger Vehicle,2015-2020 Fleet,Petrol hybrid vehicle: 1600 - <2000 cc,km,6b094449-b30f-4067-ba3f-819a95ac0147:3,Petrol hybrid vehicle: 1600 - <2000 cc,Unknown,GHG_N2O_KGCO2_e,0.00419523,Unknown
Travel,Light Passenger Vehicle,2015-2020 Fleet,Petrol hybrid vehicle: 1600 - <2000 cc,km,6b094449-b30f-4067-ba3f-819a95ac0147:3,Petrol hybrid vehicle: 1600 - <2000 cc,Unknown,GHG_TOTAL_KGCO2_e,0.142919,Unknown
Travel,Light Passenger Vehicle,2015-2020 Fleet,Petrol hybrid vehicle: 2000 - <3000 cc,km,da33b951-acd2-46d9-84d4-cad4acf7ce59:3,Petrol hybrid vehicle: 2000 - <3000 cc,Unknown,GHG_CH4_KGCO2_e,0.00203095,Unknown
Travel,Light Passenger Vehicle,2015-2020 Fleet,Petrol hybrid vehicle: 2000 - <3000 cc,km,da33b951-acd2-46d9-84d4-cad4acf7ce59:3,Petrol hybrid vehicle: 2000 - <3000 cc,Unknown,GHG_CO2_KGCO2_e,0.152053,Unknown
Travel,Light Passenger Vehicle,2015-2020 Fleet,Petrol hybrid vehicle: 2000 - <3000 cc,km,da33b951-acd2-46d9-84d4-cad4acf7ce59:3,Petrol hybrid vehicle: 2000 - <3000 cc,Unknown,GHG_N2O_KGCO2_e,0.00465976,Unknown
Travel,Light Passenger Vehicle,2015-2020 Fleet,Petrol hybrid vehicle: 2000 - <3000 cc,km,da33b951-acd2-46d9-84d4-cad4acf7ce59:3,Petrol hybrid vehicle: 2000 - <3000 cc,Unknown,GHG_TOTAL_KGCO2_e,0.158744,Unknown
Travel,Light Passenger Vehicle,2015-2020 Fleet,Petrol hybrid vehicle: <1350 cc,km,66a70980-ce51-456f-a619-4bf39f662438:3,Petrol hybrid vehicle: <1350 cc,Unknown,GHG_CH4_KGCO2_e,0.00156908,Unknown
Travel,Light Passenger Vehicle,2015-2020 Fleet,Petrol hybrid vehicle: <1350 cc,km,66a70980-ce51-456f-a619-4bf39f662438:3,Petrol hybrid vehicle: <1350 cc,Unknown,GHG_CO2_KGCO2_e,0.117474,Unknown
Travel,Light Passenger Vehicle,2015-2020 Fleet,Petrol hybrid vehicle: <1350 cc,km,66a70980-ce51-456f-a619-4bf39f662438:3,Petrol hybrid vehicle: <1350 cc,Unknown,GHG_N2O_KGCO2_e,0.00360006,Unknown
Travel,Light Passenger Vehicle,2015-2020 Fleet,Petrol hybrid vehicle: <1350 cc,km,66a70980-ce51-456f-a619-4bf39f662438:3,Petrol hybrid vehicle: <1350 cc,Unknown,GHG_TOTAL_KGCO2_e,0.122643,Unknown
Travel,Light Passenger Vehicle,2015-2020 Fleet,Petrol hybrid vehicle: ≥3000 cc,km,022c1e05-acf4-438a-bc46-47bae55f3dc6:3,Petrol hybrid vehicle: >=3000 cc,Unknown,GHG_CH4_KGCO2_e,0.00242955,Unknown
Travel,Light Passenger Vehicle,2015-2020 Fleet,Petrol hybrid vehicle: ≥3000 cc,km,022c1e05-acf4-438a-bc46-47bae55f3dc6:3,Petrol hybrid vehicle: >=3000 cc,Unknown,GHG_CO2_KGCO2_e,0.181895,Unknown
Travel,Light Passenger Vehicle,2015-2020 Fleet,Petrol hybrid vehicle: ≥3000 cc,km,022c1e05-acf4-438a-bc46-47bae55f3dc6:3,Petrol hybrid vehicle: >=3000 cc,Unknown,GHG_N2O_KGCO2_e,0.00557429,Unknown
Travel,Light Passenger Vehicle,2015-2020 Fleet,Petrol hybrid vehicle: ≥3000 cc,km,022c1e05-acf4-438a-bc46-47bae55f3dc6:3,Petrol hybrid vehicle: >=3000 cc,Unknown,GHG_TOTAL_KGCO2_e,0.189899,Unknown
Travel,Light Passenger Vehicle,2015-2020 Fleet,Petrol vehicle: 1350 - <1600 cc,km,cef3dd05-2092-4db1-a926-7ea370f1aa13:3,Petrol vehicle: 1350 - <1600 cc,Unknown,GHG_CH4_KGCO2_e,0.00205696,Unknown
Travel,Light Passenger Vehicle,2015-2020 Fleet,Petrol vehicle: 1350 - <1600 cc,km,cef3dd05-2092-4db1-a926-7ea370f1aa13:3,Petrol vehicle: 1350 - <1600 cc,Unknown,GHG_CO2_KGCO2_e,0.154,Unknown
Travel,Light Passenger Vehicle,2015-2020 Fleet,Petrol vehicle: 1350 - <1600 cc,km,cef3dd05-2092-4db1-a926-7ea370f1aa13:3,Petrol vehicle: 1350 - <1600 cc,Unknown,GHG_N2O_KGCO2_e,0.00471943,Unknown
Travel,Light Passenger Vehicle,2015-2020 Fleet,Petrol vehicle: 1350 - <1600 cc,km,cef3dd05-2092-4db1-a926-7ea370f1aa13:3,Petrol vehicle: 1350 - <1600 cc,Unknown,GHG_TOTAL_KGCO2_e,0.160777,Unknown
Travel,Light Passenger Vehicle,2015-2020 Fleet,Petrol vehicle: 1600 - <2000 cc,km,c5b87e80-7447-4c06-80b7-2bfe98060688:3,Petrol vehicle: 1600 - <2000 cc,Unknown,GHG_CH4_KGCO2_e,0.00231608,Unknown
Travel,Light Passenger Vehicle,2015-2020 Fleet,Petrol vehicle: 1600 - <2000 cc,km,c5b87e80-7447-4c06-80b7-2bfe98060688:3,Petrol vehicle: 1600 - <2000 cc,Unknown,GHG_CO2_KGCO2_e,0.1734,Unknown
Travel,Light Passenger Vehicle,2015-2020 Fleet,Petrol vehicle: 1600 - <2000 cc,km,c5b87e80-7447-4c06-80b7-2bfe98060688:3,Petrol vehicle: 1600 - <2000 cc,Unknown,GHG_N2O_KGCO2_e,0.00531396,Unknown
Travel,Light Passenger Vehicle,2015-2020 Fleet,Petrol vehicle: 1600 - <2000 cc,km,c5b87e80-7447-4c06-80b7-2bfe98060688:3,Petrol vehicle: 1600 - <2000 cc,Unknown,GHG_TOTAL_KGCO2_e,0.18103,Unknown
Travel,Light Passenger Vehicle,2015-2020 Fleet,Petrol vehicle: 2000 - <3000 cc,km,fbc71414-1150-4181-a103-0049d57b1b3b:3,Petrol vehicle: 2000 - <3000 cc,Unknown,GHG_CH4_KGCO2_e,0.00257254,Unknown
Travel,Light Passenger Vehicle,2015-2020 Fleet,Petrol vehicle: 2000 - <3000 cc,km,fbc71414-1150-4181-a103-0049d57b1b3b:3,Petrol vehicle: 2000 - <3000 cc,Unknown,GHG_CO2_KGCO2_e,0.1926,Unknown
Travel,Light Passenger Vehicle,2015-2020 Fleet,Petrol vehicle: 2000 - <3000 cc,km,fbc71414-1150-4181-a103-0049d57b1b3b:3,Petrol vehicle: 2000 - <3000 cc,Unknown,GHG_N2O_KGCO2_e,0.00590236,Unknown
Travel,Light Passenger Vehicle,2015-2020 Fleet,Petrol vehicle: 2000 - <3000 cc,km,fbc71414-1150-4181-a103-0049d57b1b3b:3,Petrol vehicle: 2000 - <3000 cc,Unknown,GHG_TOTAL_KGCO2_e,0.201075,Unknown
Travel,Light Passenger Vehicle,2015-2020 Fleet,Petrol vehicle: <1350 cc,km,b693c1fa-60c0-48a7-a22a-94f8682227e5:3,Petrol vehicle: <1350 cc,Unknown,GHG_CH4_KGCO2_e,0.00198751,Unknown
Travel,Light Passenger Vehicle,2015-2020 Fleet,Petrol vehicle: <1350 cc,km,b693c1fa-60c0-48a7-a22a-94f8682227e5:3,Petrol vehicle: <1350 cc,Unknown,GHG_CO2_KGCO2_e,0.1488,Unknown
Travel,Light Passenger Vehicle,2015-2020 Fleet,Petrol vehicle: <1350 cc,km,b693c1fa-60c0-48a7-a22a-94f8682227e5:3,Petrol vehicle: <1350 cc,Unknown,GHG_N2O_KGCO2_e,0.00456008,Unknown
Travel,Light Passenger Vehicle,2015-2020 Fleet,Petrol vehicle: <1350 cc,km,b693c1fa-60c0-48a7-a22a-94f8682227e5:3,Petrol vehicle: <1350 cc,Unknown,GHG_TOTAL_KGCO2_e,0.155348,Unknown
Travel,Light Passenger Vehicle,2015-2020 Fleet,Petrol vehicle: ≥3000 cc,km,3aa231e2-7cac-41d5-9aaf-0518c2d813ff:3,Petrol vehicle: >=3000 cc,Unknown,GHG_CH4_KGCO2_e,0.00307743,Unknown
Travel,Light Passenger Vehicle,2015-2020 Fleet,Petrol vehicle: ≥3000 cc,km,3aa231e2-7cac-41d5-9aaf-0518c2d813ff:3,Petrol vehicle: >=3000 cc,Unknown,GHG_CO2_KGCO2_e,0.230401,Unknown
Travel,Light Passenger Vehicle,2015-2020 Fleet,Petrol vehicle: ≥3000 cc,km,3aa231e2-7cac-41d5-9aaf-0518c2d813ff:3,Petrol vehicle: >=3000 cc,Unknown,GHG_N2O_KGCO2_e,0.00706076,Unknown
Travel,Light Passenger Vehicle,2015-2020 Fleet,Petrol vehicle: ≥3000 cc,km,3aa231e2-7cac-41d5-9aaf-0518c2d813ff:3,Petrol vehicle: >=3000 cc,Unknown,GHG_TOTAL_KGCO2_e,0.240539,Unknown
Travel,Light Passenger Vehicle,Post 2020 Fleet,Diesel hybrid vehicle: 1350 - <1600 cc,km,62e8495e-4b28-4099-b3cc-b71f2ffcd482:4,Diesel hybrid vehicle: 1350 - <1600 cc,Unknown,GHG_CH4_KGCO2_e,0.000212829,Unknown
Travel,Light Passenger Vehicle,Post 2020 Fleet,Diesel hybrid vehicle: 1350 - <1600 cc,km,62e8495e-4b28-4099-b3cc-b71f2ffcd482:4,Diesel hybrid vehicle: 1350 - <1600 cc,Unknown,GHG_CO2_KGCO2_e,0.141765,Unknown
Travel,Light Passenger Vehicle,Post 2020 Fleet,Diesel hybrid vehicle: 1350 - <1600 cc,km,62e8495e-4b28-4099-b3cc-b71f2ffcd482:4,Diesel hybrid vehicle: 1350 - <1600 cc,Unknown,GHG_N2O_KGCO2_e,0.00201428,Unknown
Travel,Light Passenger Vehicle,Post 2020 Fleet,Diesel hybrid vehicle: 1350 - <1600 cc,km,62e8495e-4b28-4099-b3cc-b71f2ffcd482:4,Diesel hybrid vehicle: 1350 - <1600 cc,Unknown,GHG_TOTAL_KGCO2_e,0.143992,Unknown
Travel,Light Passenger Vehicle,Post 2020 Fleet,Diesel hybrid vehicle: 1600 - <2000 cc,km,2dd4c7df-44d3-4956-b9eb-90ddf25ea9e8:4,Diesel hybrid vehicle: 1600 - <2000 cc,Unknown,GHG_CH4_KGCO2_e,0.000225574,Unknown
Travel,Light Passenger Vehicle,Post 2020 Fleet,Diesel hybrid vehicle: 1600 - <2000 cc,km,2dd4c7df-44d3-4956-b9eb-90ddf25ea9e8:4,Diesel hybrid vehicle: 1600 - <2000 cc,Unknown,GHG_CO2_KGCO2_e,0.150254,Unknown
Travel,Light Passenger Vehicle,Post 2020 Fleet,Diesel hybrid vehicle: 1600 - <2000 cc,km,2dd4c7df-44d3-4956-b9eb-90ddf25ea9e8:4,Diesel hybrid vehicle: 1600 - <2000 cc,Unknown,GHG_N2O_KGCO2_e,0.0021349,Unknown
Travel,Light Passenger Vehicle,Post 2020 Fleet,Diesel hybrid vehicle: 1600 - <2000 cc,km,2dd4c7df-44d3-4956-b9eb-90ddf25ea9e8:4,Diesel hybrid vehicle: 1600 - <2000 cc,Unknown,GHG_TOTAL_KGCO2_e,0.152615,Unknown
Travel,Light Passenger Vehicle,Post 2020 Fleet,Diesel hybrid vehicle: 2000 - <3000 cc,km,471ddfb0-0bb5-44c7-a9b8-1163d1238203:4,Diesel hybrid vehicle: 2000 - <3000 cc,Unknown,GHG_CH4_KGCO2_e,0.000277316,Unknown
Travel,Light Passenger Vehicle,Post 2020 Fleet,Diesel hybrid vehicle: 2000 - <3000 cc,km,471ddfb0-0bb5-44c7-a9b8-1163d1238203:4,Diesel hybrid vehicle: 2000 - <3000 cc,Unknown,GHG_CO2_KGCO2_e,0.184719,Unknown
Travel,Light Passenger Vehicle,Post 2020 Fleet,Diesel hybrid vehicle: 2000 - <3000 cc,km,471ddfb0-0bb5-44c7-a9b8-1163d1238203:4,Diesel hybrid vehicle: 2000 - <3000 cc,Unknown,GHG_N2O_KGCO2_e,0.00262459,Unknown
Travel,Light Passenger Vehicle,Post 2020 Fleet,Diesel hybrid vehicle: 2000 - <3000 cc,km,471ddfb0-0bb5-44c7-a9b8-1163d1238203:4,Diesel hybrid vehicle: 2000 - <3000 cc,Unknown,GHG_TOTAL_KGCO2_e,0.187621,Unknown
Travel,Light Passenger Vehicle,Post 2020 Fleet,Diesel hybrid vehicle: <1350 cc,km,18e855cb-bd9b-4ab1-9dcd-b4e935bbd37e:4,Diesel hybrid vehicle: <1350 cc,Unknown,GHG_CH4_KGCO2_e,0.000221164,Unknown
Travel,Light Passenger Vehicle,Post 2020 Fleet,Diesel hybrid vehicle: <1350 cc,km,18e855cb-bd9b-4ab1-9dcd-b4e935bbd37e:4,Diesel hybrid vehicle: <1350 cc,Unknown,GHG_CO2_KGCO2_e,0.147317,Unknown
Travel,Light Passenger Vehicle,Post 2020 Fleet,Diesel hybrid vehicle: <1350 cc,km,18e855cb-bd9b-4ab1-9dcd-b4e935bbd37e:4,Diesel hybrid vehicle: <1350 cc,Unknown,GHG_N2O_KGCO2_e,0.00209316,Unknown
Travel,Light Passenger Vehicle,Post 2020 Fleet,Diesel hybrid vehicle: <1350 cc,km,18e855cb-bd9b-4ab1-9dcd-b4e935bbd37e:4,Diesel hybrid vehicle: <1350 cc,Unknown,GHG_TOTAL_KGCO2_e,0.149631,Unknown
Travel,Light Passenger Vehicle,Post 2020 Fleet,Diesel hybrid vehicle: ≥3000 cc,km,9a9e249b-c2a0-43de-bd51-26b0343bfdd3:4,Diesel hybrid vehicle: >=3000 cc,Unknown,GHG_CH4_KGCO2_e,0.000307617,Unknown
Travel,Light Passenger Vehicle,Post 2020 Fleet,Diesel hybrid vehicle: ≥3000 cc,km,9a9e249b-c2a0-43de-bd51-26b0343bfdd3:4,Diesel hybrid vehicle: >=3000 cc,Unknown,GHG_CO2_KGCO2_e,0.204903,Unknown
Travel,Light Passenger Vehicle,Post 2020 Fleet,Diesel hybrid vehicle: ≥3000 cc,km,9a9e249b-c2a0-43de-bd51-26b0343bfdd3:4,Diesel hybrid vehicle: >=3000 cc,Unknown,GHG_N2O_KGCO2_e,0.00291138,Unknown
Travel,Light Passenger Vehicle,Post 2020 Fleet,Diesel hybrid vehicle: ≥3000 cc,km,9a9e249b-c2a0-43de-bd51-26b0343bfdd3:4,Diesel hybrid vehicle: >=3000 cc,Unknown,GHG_TOTAL_KGCO2_e,0.208122,Unknown
Travel,Light Passenger Vehicle,Post 2020 Fleet,Diesel vehicle: 1350 - <1600 cc,km,291accc6-c910-4e54-8f52-4522a23134a3:4,Diesel vehicle: 1350 - <1600 cc,Unknown,GHG_CH4_KGCO2_e,0.000241927,Unknown
Travel,Light Passenger Vehicle,Post 2020 Fleet,Diesel vehicle: 1350 - <1600 cc,km,291accc6-c910-4e54-8f52-4522a23134a3:4,Diesel vehicle: 1350 - <1600 cc,Unknown,GHG_CO2_KGCO2_e,0.161147,Unknown
Travel,Light Passenger Vehicle,Post 2020 Fleet,Diesel vehicle: 1350 - <1600 cc,km,291accc6-c910-4e54-8f52-4522a23134a3:4,Diesel vehicle: 1350 - <1600 cc,Unknown,GHG_N2O_KGCO2_e,0.00228967,Unknown
Travel,Light Passenger Vehicle,Post 2020 Fleet,Diesel vehicle: 1350 - <1600 cc,km,291accc6-c910-4e54-8f52-4522a23134a3:4,Diesel vehicle: 1350 - <1600 cc,Unknown,GHG_TOTAL_KGCO2_e,0.163679,Unknown
Travel,Light Passenger Vehicle,Post 2020 Fleet,Diesel vehicle: 1600 - <2000 cc,km,28d64843-9461-437e-97ea-d1d9d7720a38:4,Diesel vehicle: 1600 - <2000 cc,Unknown,GHG_CH4_KGCO2_e,0.000256414,Unknown
Travel,Light Passenger Vehicle,Post 2020 Fleet,Diesel vehicle: 1600 - <2000 cc,km,28d64843-9461-437e-97ea-d1d9d7720a38:4,Diesel vehicle: 1600 - <2000 cc,Unknown,GHG_CO2_KGCO2_e,0.170797,Unknown
Travel,Light Passenger Vehicle,Post 2020 Fleet,Diesel vehicle: 1600 - <2000 cc,km,28d64843-9461-437e-97ea-d1d9d7720a38:4,Diesel vehicle: 1600 - <2000 cc,Unknown,GHG_N2O_KGCO2_e,0.00242678,Unknown
Travel,Light Passenger Vehicle,Post 2020 Fleet,Diesel vehicle: 1600 - <2000 cc,km,28d64843-9461-437e-97ea-d1d9d7720a38:4,Diesel vehicle: 1600 - <2000 cc,Unknown,GHG_TOTAL_KGCO2_e,0.17348,Unknown
Travel,Light Passenger Vehicle,Post 2020 Fleet,Diesel vehicle: 2000 - <3000 cc,km,b030ab15-dee9-4d9a-bd62-e9280eedac7c:4,Diesel vehicle: 2000 - <3000 cc,Unknown,GHG_CH4_KGCO2_e,0.000314991,Unknown
Travel,Light Passenger Vehicle,Post 2020 Fleet,Diesel vehicle: 2000 - <3000 cc,km,b030ab15-dee9-4d9a-bd62-e9280eedac7c:4,Diesel vehicle: 2000 - <3000 cc,Unknown,GHG_CO2_KGCO2_e,0.209815,Unknown
Travel,Light Passenger Vehicle,Post 2020 Fleet,Diesel vehicle: 2000 - <3000 cc,km,b030ab15-dee9-4d9a-bd62-e9280eedac7c:4,Diesel vehicle: 2000 - <3000 cc,Unknown,GHG_N2O_KGCO2_e,0.00298117,Unknown
Travel,Light Passenger Vehicle,Post 2020 Fleet,Diesel vehicle: 2000 - <3000 cc,km,b030ab15-dee9-4d9a-bd62-e9280eedac7c:4,Diesel vehicle: 2000 - <3000 cc,Unknown,GHG_TOTAL_KGCO2_e,0.213111,Unknown
Travel,Light Passenger Vehicle,Post 2020 Fleet,Diesel vehicle: <1350 cc,km,807bd8d7-fa4f-4aae-8b08-bbda4e270126:4,Diesel vehicle: <1350 cc,Unknown,GHG_CH4_KGCO2_e,0.000251401,Unknown
Travel,Light Passenger Vehicle,Post 2020 Fleet,Diesel vehicle: <1350 cc,km,807bd8d7-fa4f-4aae-8b08-bbda4e270126:4,Diesel vehicle: <1350 cc,Unknown,GHG_CO2_KGCO2_e,0.167458,Unknown
Travel,Light Passenger Vehicle,Post 2020 Fleet,Diesel vehicle: <1350 cc,km,807bd8d7-fa4f-4aae-8b08-bbda4e270126:4,Diesel vehicle: <1350 cc,Unknown,GHG_N2O_KGCO2_e,0.00237933,Unknown
Travel,Light Passenger Vehicle,Post 2020 Fleet,Diesel vehicle: <1350 cc,km,807bd8d7-fa4f-4aae-8b08-bbda4e270126:4,Diesel vehicle: <1350 cc,Unknown,GHG_TOTAL_KGCO2_e,0.170089,Unknown
Travel,Light Passenger Vehicle,Post 2020 Fleet,Diesel vehicle: ≥3000 cc,km,8c526723-44b7-4093-a53f-5455b9015b0c:4,Diesel vehicle: >=3000 cc,Unknown,GHG_CH4_KGCO2_e,0.00034941,Unknown
Travel,Light Passenger Vehicle,Post 2020 Fleet,Diesel vehicle: ≥3000 cc,km,8c526723-44b7-4093-a53f-5455b9015b0c:4,Diesel vehicle: >=3000 cc,Unknown,GHG_CO2_KGCO2_e,0.232741,Unknown
Travel,Light Passenger Vehicle,Post 2020 Fleet,Diesel vehicle: ≥3000 cc,km,8c526723-44b7-4093-a53f-5455b9015b0c:4,Diesel vehicle: >=3000 cc,Unknown,GHG_N2O_KGCO2_e,0.00330691,Unknown
Travel,Light Passenger Vehicle,Post 2020 Fleet,Diesel vehicle: ≥3000 cc,km,8c526723-44b7-4093-a53f-5455b9015b0c:4,Diesel vehicle: >=3000 cc,Unknown,GHG_TOTAL_KGCO2_e,0.236397,Unknown
Travel,Light Passenger Vehicle,Post 2020 Fleet,Electric vehicle: 1350 - <1600 cc,km,ee00bdee-9c77-45dd-8d4f-da51ff079705:3,Electric vehicle: 1350 - <1600 cc,Unknown,GHG_CH4_KGCO2_e,0.000460905,Unknown
Travel,Light Passenger Vehicle,Post 2020 Fleet,Electric vehicle: 1350 - <1600 cc,km,ee00bdee-9c77-45dd-8d4f-da51ff079705:3,Electric vehicle: 1350 - <1600 cc,Unknown,GHG_CO2_KGCO2_e,0.0145771,Unknown
Travel,Light Passenger Vehicle,Post 2020 Fleet,Electric vehicle: 1350 - <1600 cc,km,ee00bdee-9c77-45dd-8d4f-da51ff079705:3,Electric vehicle: 1350 - <1600 cc,Unknown,GHG_N2O_KGCO2_e,0.0000235115,Unknown
Travel,Light Passenger Vehicle,Post 2020 Fleet,Electric vehicle: 1350 - <1600 cc,km,ee00bdee-9c77-45dd-8d4f-da51ff079705:3,Electric vehicle: 1350 - <1600 cc,Unknown,GHG_TOTAL_KGCO2_e,0.0150615,Unknown
Travel,Light Passenger Vehicle,Post 2020 Fleet,Electric vehicle: 1600 - <2000 cc,km,6625d4f4-855a-4ef9-9c3f-c002d87c06aa:3,Electric vehicle: 1600 - <2000 cc,Unknown,GHG_CH4_KGCO2_e,0.000518967,Unknown
Travel,Light Passenger Vehicle,Post 2020 Fleet,Electric vehicle: 1600 - <2000 cc,km,6625d4f4-855a-4ef9-9c3f-c002d87c06aa:3,Electric vehicle: 1600 - <2000 cc,Unknown,GHG_CO2_KGCO2_e,0.0164134,Unknown
Travel,Light Passenger Vehicle,Post 2020 Fleet,Electric vehicle: 1600 - <2000 cc,km,6625d4f4-855a-4ef9-9c3f-c002d87c06aa:3,Electric vehicle: 1600 - <2000 cc,Unknown,GHG_N2O_KGCO2_e,0.0000264733,Unknown
Travel,Light Passenger Vehicle,Post 2020 Fleet,Electric vehicle: 1600 - <2000 cc,km,6625d4f4-855a-4ef9-9c3f-c002d87c06aa:3,Electric vehicle: 1600 - <2000 cc,Unknown,GHG_TOTAL_KGCO2_e,0.0169588,Unknown
Travel,Light Passenger Vehicle,Post 2020 Fleet,Electric vehicle: 2000 - <3000 cc,km,5bd09007-6ac2-4ac2-a536-9047df73a97a:3,Electric vehicle: 2000 - <3000 cc,Unknown,GHG_CH4_KGCO2_e,0.00057643,Unknown
Travel,Light Passenger Vehicle,Post 2020 Fleet,Electric vehicle: 2000 - <3000 cc,km,5bd09007-6ac2-4ac2-a536-9047df73a97a:3,Electric vehicle: 2000 - <3000 cc,Unknown,GHG_CO2_KGCO2_e,0.0182308,Unknown
Travel,Light Passenger Vehicle,Post 2020 Fleet,Electric vehicle: 2000 - <3000 cc,km,5bd09007-6ac2-4ac2-a536-9047df73a97a:3,Electric vehicle: 2000 - <3000 cc,Unknown,GHG_N2O_KGCO2_e,0.0000294046,Unknown
Travel,Light Passenger Vehicle,Post 2020 Fleet,Electric vehicle: 2000 - <3000 cc,km,5bd09007-6ac2-4ac2-a536-9047df73a97a:3,Electric vehicle: 2000 - <3000 cc,Unknown,GHG_TOTAL_KGCO2_e,0.0188366,Unknown
Travel,Light Passenger Vehicle,Post 2020 Fleet,Electric vehicle: <1350 cc,km,6c8354b2-224c-4f79-b036-082eec61e050:3,Electric vehicle: <1350 cc,Unknown,GHG_CH4_KGCO2_e,0.000445342,Unknown
Travel,Light Passenger Vehicle,Post 2020 Fleet,Electric vehicle: <1350 cc,km,6c8354b2-224c-4f79-b036-082eec61e050:3,Electric vehicle: <1350 cc,Unknown,GHG_CO2_KGCO2_e,0.0140849,Unknown
Travel,Light Passenger Vehicle,Post 2020 Fleet,Electric vehicle: <1350 cc,km,6c8354b2-224c-4f79-b036-082eec61e050:3,Electric vehicle: <1350 cc,Unknown,GHG_N2O_KGCO2_e,0.0000227176,Unknown
Travel,Light Passenger Vehicle,Post 2020 Fleet,Electric vehicle: <1350 cc,km,6c8354b2-224c-4f79-b036-082eec61e050:3,Electric vehicle: <1350 cc,Unknown,GHG_TOTAL_KGCO2_e,0.0145529,Unknown
Travel,Light Passenger Vehicle,Post 2020 Fleet,Electric vehicle: ≥3000 cc,km,38806ec9-8226-4ebc-92b1-2297d3d67e7e:3,Electric vehicle: >=3000 cc,Unknown,GHG_CH4_KGCO2_e,0.000689561,Unknown
Travel,Light Passenger Vehicle,Post 2020 Fleet,Electric vehicle: ≥3000 cc,km,38806ec9-8226-4ebc-92b1-2297d3d67e7e:3,Electric vehicle: >=3000 cc,Unknown,GHG_CO2_KGCO2_e,0.0218088,Unknown
Travel,Light Passenger Vehicle,Post 2020 Fleet,Electric vehicle: ≥3000 cc,km,38806ec9-8226-4ebc-92b1-2297d3d67e7e:3,Electric vehicle: >=3000 cc,Unknown,GHG_N2O_KGCO2_e,0.0000351756,Unknown
Travel,Light Passenger Vehicle,Post 2020 Fleet,Electric vehicle: ≥3000 cc,km,38806ec9-8226-4ebc-92b1-2297d3d67e7e:3,Electric vehicle: >=3000 cc,Unknown,GHG_TOTAL_KGCO2_e,0.0225336,Unknown
Travel,Light Passenger Vehicle,Post 2020 Fleet,"Motorcycle: <60cc, electricity",km,010a2eb9-b775-4795-8956-cb250ea34a0b:3,"Motorcycle: <60cc, electricity",Unknown,GHG_CH4_KGCO2_e,0.000115344,Unknown
Travel,Light Passenger Vehicle,Post 2020 Fleet,"Motorcycle: <60cc, electricity",km,010a2eb9-b775-4795-8956-cb250ea34a0b:3,"Motorcycle: <60cc, electricity",Unknown,GHG_CO2_KGCO2_e,0.003648,Unknown
Travel,Light Passenger Vehicle,Post 2020 Fleet,"Motorcycle: <60cc, electricity",km,010a2eb9-b775-4795-8956-cb250ea34a0b:3,"Motorcycle: <60cc, electricity",Unknown,GHG_N2O_KGCO2_e,0.00000588388,Unknown
Travel,Light Passenger Vehicle,Post 2020 Fleet,"Motorcycle: <60cc, electricity",km,010a2eb9-b775-4795-8956-cb250ea34a0b:3,"Motorcycle: <60cc, electricity",Unknown,GHG_TOTAL_KGCO2_e,0.00376922,Unknown
Travel,Light Passenger Vehicle,Post 2020 Fleet,"Motorcycle: <60cc, petrol",km,fbf55efc-7f1e-400b-a12f-79f7e35b64d1:4,"Motorcycle: <60cc, petrol",Unknown,GHG_CH4_KGCO2_e,0.000675059,Unknown
Travel,Light Passenger Vehicle,Post 2020 Fleet,"Motorcycle: <60cc, petrol",km,fbf55efc-7f1e-400b-a12f-79f7e35b64d1:4,"Motorcycle: <60cc, petrol",Unknown,GHG_CO2_KGCO2_e,0.0505403,Unknown
Travel,Light Passenger Vehicle,Post 2020 Fleet,"Motorcycle: <60cc, petrol",km,fbf55efc-7f1e-400b-a12f-79f7e35b64d1:4,"Motorcycle: <60cc, petrol",Unknown,GHG_N2O_KGCO2_e,0.00154884,Unknown
Travel,Light Passenger Vehicle,Post 2020 Fleet,"Motorcycle: <60cc, petrol",km,fbf55efc-7f1e-400b-a12f-79f7e35b64d1:4,"Motorcycle: <60cc, petrol",Unknown,GHG_TOTAL_KGCO2_e,0.0527642,Unknown
Travel,Light Passenger Vehicle,Post 2020 Fleet,"Motorcycle: ≥ 60cc, electricity",km,4b786e81-2ec9-448d-9d53-f777962f8dcd:3,"Motorcycle: >=60cc, electricity",Unknown,GHG_CH4_KGCO2_e,0.000230688,Unknown
Travel,Light Passenger Vehicle,Post 2020 Fleet,"Motorcycle: ≥ 60cc, electricity",km,4b786e81-2ec9-448d-9d53-f777962f8dcd:3,"Motorcycle: >=60cc, electricity",Unknown,GHG_CO2_KGCO2_e,0.00729599,Unknown
Travel,Light Passenger Vehicle,Post 2020 Fleet,"Motorcycle: ≥ 60cc, electricity",km,4b786e81-2ec9-448d-9d53-f777962f8dcd:3,"Motorcycle: >=60cc, electricity",Unknown,GHG_N2O_KGCO2_e,0.0000117678,Unknown
Travel,Light Passenger Vehicle,Post 2020 Fleet,"Motorcycle: ≥ 60cc, electricity",km,4b786e81-2ec9-448d-9d53-f777962f8dcd:3,"Motorcycle: >=60cc, electricity",Unknown,GHG_TOTAL_KGCO2_e,0.00753845,Unknown
Travel,Light Passenger Vehicle,Post 2020 Fleet,"Motorcycle: ≥ 60cc, petrol",km,ae33aca5-68d0-471e-89ae-5552dc7f0b33:4,"Motorcycle: >=60cc, petrol",Unknown,GHG_CH4_KGCO2_e,0.00135012,Unknown
Travel,Light Passenger Vehicle,Post 2020 Fleet,"Motorcycle: ≥ 60cc, petrol",km,ae33aca5-68d0-471e-89ae-5552dc7f0b33:4,"Motorcycle: >=60cc, petrol",Unknown,GHG_CO2_KGCO2_e,0.101081,Unknown
Travel,Light Passenger Vehicle,Post 2020 Fleet,"Motorcycle: ≥ 60cc, petrol",km,ae33aca5-68d0-471e-89ae-5552dc7f0b33:4,"Motorcycle: >=60cc, petrol",Unknown,GHG_N2O_KGCO2_e,0.00309767,Unknown
Travel,Light Passenger Vehicle,Post 2020 Fleet,"Motorcycle: ≥ 60cc, petrol",km,ae33aca5-68d0-471e-89ae-5552dc7f0b33:4,"Motorcycle: >=60cc, petrol",Unknown,GHG_TOTAL_KGCO2_e,0.105528,Unknown
Travel,Light Passenger Vehicle,Post 2020 Fleet,PHEV (Diesel) - Diesel consumption: 1350 - <1600 cc,km,2bf3649d-d653-46c9-bfc8-13347e7cb340:3,PHEV (Diesel) - Diesel consumption: 1350 - <1600 cc,Unknown,GHG_CH4_KGCO2_e,0.000111381,Unknown
Travel,Light Passenger Vehicle,Post 2020 Fleet,PHEV (Diesel) - Diesel consumption: 1350 - <1600 cc,km,2bf3649d-d653-46c9-bfc8-13347e7cb340:3,PHEV (Diesel) - Diesel consumption: 1350 - <1600 cc,Unknown,GHG_CO2_KGCO2_e,0.0741904,Unknown
Travel,Light Passenger Vehicle,Post 2020 Fleet,PHEV (Diesel) - Diesel consumption: 1350 - <1600 cc,km,2bf3649d-d653-46c9-bfc8-13347e7cb340:3,PHEV (Diesel) - Diesel consumption: 1350 - <1600 cc,Unknown,GHG_N2O_KGCO2_e,0.00105414,Unknown
Travel,Light Passenger Vehicle,Post 2020 Fleet,PHEV (Diesel) - Diesel consumption: 1350 - <1600 cc,km,2bf3649d-d653-46c9-bfc8-13347e7cb340:3,PHEV (Diesel) - Diesel consumption: 1350 - <1600 cc,Unknown,GHG_TOTAL_KGCO2_e,0.0753559,Unknown
Travel,Light Passenger Vehicle,Post 2020 Fleet,PHEV (Diesel) - Diesel consumption: 1600 - <2000 cc,km,4cf20c73-3089-48db-bf0a-521197c6ad7b:3,PHEV (Diesel) - Diesel consumption: 1600 - <2000 cc,Unknown,GHG_CH4_KGCO2_e,0.00011805,Unknown
Travel,Light Passenger Vehicle,Post 2020 Fleet,PHEV (Diesel) - Diesel consumption: 1600 - <2000 cc,km,4cf20c73-3089-48db-bf0a-521197c6ad7b:3,PHEV (Diesel) - Diesel consumption: 1600 - <2000 cc,Unknown,GHG_CO2_KGCO2_e,0.0786331,Unknown
Travel,Light Passenger Vehicle,Post 2020 Fleet,PHEV (Diesel) - Diesel consumption: 1600 - <2000 cc,km,4cf20c73-3089-48db-bf0a-521197c6ad7b:3,PHEV (Diesel) - Diesel consumption: 1600 - <2000 cc,Unknown,GHG_N2O_KGCO2_e,0.00111726,Unknown
Travel,Light Passenger Vehicle,Post 2020 Fleet,PHEV (Diesel) - Diesel consumption: 1600 - <2000 cc,km,4cf20c73-3089-48db-bf0a-521197c6ad7b:3,PHEV (Diesel) - Diesel consumption: 1600 - <2000 cc,Unknown,GHG_TOTAL_KGCO2_e,0.0798685,Unknown
Travel,Light Passenger Vehicle,Post 2020 Fleet,PHEV (Diesel) - Diesel consumption: 2000 - <3000 cc,km,7bb34659-7bf7-44a6-9079-244fd97e3d75:3,PHEV (Diesel) - Diesel consumption: 2000 - <3000 cc,Unknown,GHG_CH4_KGCO2_e,0.000145128,Unknown
Travel,Light Passenger Vehicle,Post 2020 Fleet,PHEV (Diesel) - Diesel consumption: 2000 - <3000 cc,km,7bb34659-7bf7-44a6-9079-244fd97e3d75:3,PHEV (Diesel) - Diesel consumption: 2000 - <3000 cc,Unknown,GHG_CO2_KGCO2_e,0.0966698,Unknown
Travel,Light Passenger Vehicle,Post 2020 Fleet,PHEV (Diesel) - Diesel consumption: 2000 - <3000 cc,km,7bb34659-7bf7-44a6-9079-244fd97e3d75:3,PHEV (Diesel) - Diesel consumption: 2000 - <3000 cc,Unknown,GHG_N2O_KGCO2_e,0.00137354,Unknown
Travel,Light Passenger Vehicle,Post 2020 Fleet,PHEV (Diesel) - Diesel consumption: 2000 - <3000 cc,km,7bb34659-7bf7-44a6-9079-244fd97e3d75:3,PHEV (Diesel) - Diesel consumption: 2000 - <3000 cc,Unknown,GHG_TOTAL_KGCO2_e,0.0981884,Unknown
Travel,Light Passenger Vehicle,Post 2020 Fleet,PHEV (Diesel) - Diesel consumption: <1350 cc,km,370f9c6a-db5c-4fc6-9db4-a2a0f3c09067:3,PHEV (Diesel) - Diesel consumption: <1350 cc,Unknown,GHG_CH4_KGCO2_e,0.000115742,Unknown
Travel,Light Passenger Vehicle,Post 2020 Fleet,PHEV (Diesel) - Diesel consumption: <1350 cc,km,370f9c6a-db5c-4fc6-9db4-a2a0f3c09067:3,PHEV (Diesel) - Diesel consumption: <1350 cc,Unknown,GHG_CO2_KGCO2_e,0.0770958,Unknown
Travel,Light Passenger Vehicle,Post 2020 Fleet,PHEV (Diesel) - Diesel consumption: <1350 cc,km,370f9c6a-db5c-4fc6-9db4-a2a0f3c09067:3,PHEV (Diesel) - Diesel consumption: <1350 cc,Unknown,GHG_N2O_KGCO2_e,0.00109542,Unknown
Travel,Light Passenger Vehicle,Post 2020 Fleet,PHEV (Diesel) - Diesel consumption: <1350 cc,km,370f9c6a-db5c-4fc6-9db4-a2a0f3c09067:3,PHEV (Diesel) - Diesel consumption: <1350 cc,Unknown,GHG_TOTAL_KGCO2_e,0.078307,Unknown
Travel,Light Passenger Vehicle,Post 2020 Fleet,PHEV (Diesel) - Diesel consumption: ≥3000 cc,km,785e250c-ec89-4f3e-b316-263d585ce6a5:3,PHEV (Diesel) - Diesel consumption: >=3000 cc,Unknown,GHG_CH4_KGCO2_e,0.000160986,Unknown
Travel,Light Passenger Vehicle,Post 2020 Fleet,PHEV (Diesel) - Diesel consumption: ≥3000 cc,km,785e250c-ec89-4f3e-b316-263d585ce6a5:3,PHEV (Diesel) - Diesel consumption: >=3000 cc,Unknown,GHG_CO2_KGCO2_e,0.107233,Unknown
Travel,Light Passenger Vehicle,Post 2020 Fleet,PHEV (Diesel) - Diesel consumption: ≥3000 cc,km,785e250c-ec89-4f3e-b316-263d585ce6a5:3,PHEV (Diesel) - Diesel consumption: >=3000 cc,Unknown,GHG_N2O_KGCO2_e,0.00152362,Unknown
Travel,Light Passenger Vehicle,Post 2020 Fleet,PHEV (Diesel) - Diesel consumption: ≥3000 cc,km,785e250c-ec89-4f3e-b316-263d585ce6a5:3,PHEV (Diesel) - Diesel consumption: >=3000 cc,Unknown,GHG_TOTAL_KGCO2_e,0.108917,Unknown
Travel,Light Passenger Vehicle,Post 2020 Fleet,PHEV (Diesel) - Electricity consumption: 1350 - <1600 cc,km,113ca09f-3781-405f-b349-7e463e53b8ac:3,PHEV (Diesel) - Electricity consumption: 1350 - <1600 cc,Unknown,GHG_CH4_KGCO2_e,0.000222377,Unknown
Travel,Light Passenger Vehicle,Post 2020 Fleet,PHEV (Diesel) - Electricity consumption: 1350 - <1600 cc,km,113ca09f-3781-405f-b349-7e463e53b8ac:3,PHEV (Diesel) - Electricity consumption: 1350 - <1600 cc,Unknown,GHG_CO2_KGCO2_e,0.00703314,Unknown
Travel,Light Passenger Vehicle,Post 2020 Fleet,PHEV (Diesel) - Electricity consumption: 1350 - <1600 cc,km,113ca09f-3781-405f-b349-7e463e53b8ac:3,PHEV (Diesel) - Electricity consumption: 1350 - <1600 cc,Unknown,GHG_N2O_KGCO2_e,0.0000113438,Unknown
Travel,Light Passenger Vehicle,Post 2020 Fleet,PHEV (Diesel) - Electricity consumption: 1350 - <1600 cc,km,113ca09f-3781-405f-b349-7e463e53b8ac:3,PHEV (Diesel) - Electricity consumption: 1350 - <1600 cc,Unknown,GHG_TOTAL_KGCO2_e,0.00726686,Unknown
Travel,Light Passenger Vehicle,Post 2020 Fleet,PHEV (Diesel) - Electricity consumption: 1600 - <2000 cc,km,5e998f19-3cad-40aa-96fd-96ea9f7c09b8:3,PHEV (Diesel) - Electricity consumption: 1600 - <2000 cc,Unknown,GHG_CH4_KGCO2_e,0.000243656,Unknown
Travel,Light Passenger Vehicle,Post 2020 Fleet,PHEV (Diesel) - Electricity consumption: 1600 - <2000 cc,km,5e998f19-3cad-40aa-96fd-96ea9f7c09b8:3,PHEV (Diesel) - Electricity consumption: 1600 - <2000 cc,Unknown,GHG_CO2_KGCO2_e,0.00770614,Unknown
Travel,Light Passenger Vehicle,Post 2020 Fleet,PHEV (Diesel) - Electricity consumption: 1600 - <2000 cc,km,5e998f19-3cad-40aa-96fd-96ea9f7c09b8:3,PHEV (Diesel) - Electricity consumption: 1600 - <2000 cc,Unknown,GHG_N2O_KGCO2_e,0.0000124293,Unknown
Travel,Light Passenger Vehicle,Post 2020 Fleet,PHEV (Diesel) - Electricity consumption: 1600 - <2000 cc,km,5e998f19-3cad-40aa-96fd-96ea9f7c09b8:3,PHEV (Diesel) - Electricity consumption: 1600 - <2000 cc,Unknown,GHG_TOTAL_KGCO2_e,0.00796223,Unknown
Travel,Light Passenger Vehicle,Post 2020 Fleet,PHEV (Diesel) - Electricity consumption: 2000 - <3000 cc,km,2e676d81-890c-4350-b4aa-3860150b964a:3,PHEV (Diesel) - Electricity consumption: 2000 - <3000 cc,Unknown,GHG_CH4_KGCO2_e,0.000275784,Unknown
Travel,Light Passenger Vehicle,Post 2020 Fleet,PHEV (Diesel) - Electricity consumption: 2000 - <3000 cc,km,2e676d81-890c-4350-b4aa-3860150b964a:3,PHEV (Diesel) - Electricity consumption: 2000 - <3000 cc,Unknown,GHG_CO2_KGCO2_e,0.00872223,Unknown
Travel,Light Passenger Vehicle,Post 2020 Fleet,PHEV (Diesel) - Electricity consumption: 2000 - <3000 cc,km,2e676d81-890c-4350-b4aa-3860150b964a:3,PHEV (Diesel) - Electricity consumption: 2000 - <3000 cc,Unknown,GHG_N2O_KGCO2_e,0.0000140682,Unknown
Travel,Light Passenger Vehicle,Post 2020 Fleet,PHEV (Diesel) - Electricity consumption: 2000 - <3000 cc,km,2e676d81-890c-4350-b4aa-3860150b964a:3,PHEV (Diesel) - Electricity consumption: 2000 - <3000 cc,Unknown,GHG_TOTAL_KGCO2_e,0.00901209,Unknown
Travel,Light Passenger Vehicle,Post 2020 Fleet,PHEV (Diesel) - Electricity consumption: <1350 cc,km,ed15bc40-116e-4d4c-bd47-47faabab907c:3,PHEV (Diesel) - Electricity consumption: <1350 cc,Unknown,GHG_CH4_KGCO2_e,0.00023153,Unknown
Travel,Light Passenger Vehicle,Post 2020 Fleet,PHEV (Diesel) - Electricity consumption: <1350 cc,km,ed15bc40-116e-4d4c-bd47-47faabab907c:3,PHEV (Diesel) - Electricity consumption: <1350 cc,Unknown,GHG_CO2_KGCO2_e,0.00732263,Unknown
Travel,Light Passenger Vehicle,Post 2020 Fleet,PHEV (Diesel) - Electricity consumption: <1350 cc,km,ed15bc40-116e-4d4c-bd47-47faabab907c:3,PHEV (Diesel) - Electricity consumption: <1350 cc,Unknown,GHG_N2O_KGCO2_e,0.0000118107,Unknown
Travel,Light Passenger Vehicle,Post 2020 Fleet,PHEV (Diesel) - Electricity consumption: <1350 cc,km,ed15bc40-116e-4d4c-bd47-47faabab907c:3,PHEV (Diesel) - Electricity consumption: <1350 cc,Unknown,GHG_TOTAL_KGCO2_e,0.00756597,Unknown
Travel,Light Passenger Vehicle,Post 2020 Fleet,PHEV (Diesel) - Electricity consumption: ≥3000 cc,km,f20ef63f-4ac4-4362-aa01-fe7008686ed2:3,PHEV (Diesel) - Electricity consumption: >=3000 cc,Unknown,GHG_CH4_KGCO2_e,0.00032618,Unknown
Travel,Light Passenger Vehicle,Post 2020 Fleet,PHEV (Diesel) - Electricity consumption: ≥3000 cc,km,f20ef63f-4ac4-4362-aa01-fe7008686ed2:3,PHEV (Diesel) - Electricity consumption: >=3000 cc,Unknown,GHG_CO2_KGCO2_e,0.0103161,Unknown
Travel,Light Passenger Vehicle,Post 2020 Fleet,PHEV (Diesel) - Electricity consumption: ≥3000 cc,km,f20ef63f-4ac4-4362-aa01-fe7008686ed2:3,PHEV (Diesel) - Electricity consumption: >=3000 cc,Unknown,GHG_N2O_KGCO2_e,0.000016639,Unknown
Travel,Light Passenger Vehicle,Post 2020 Fleet,PHEV (Diesel) - Electricity consumption: ≥3000 cc,km,f20ef63f-4ac4-4362-aa01-fe7008686ed2:3,PHEV (Diesel) - Electricity consumption: >=3000 cc,Unknown,GHG_TOTAL_KGCO2_e,0.0106589,Unknown
Travel,Light Passenger Vehicle,Post 2020 Fleet,PHEV (Petrol) - Electricity consumption: 1350 - <1600 cc,km,e24c3fef-79d4-4800-b50c-ef19cb99101f:3,PHEV (Petrol) - Electricity consumption: 1350 - <1600 cc,Unknown,GHG_CH4_KGCO2_e,0.000219698,Unknown
Travel,Light Passenger Vehicle,Post 2020 Fleet,PHEV (Petrol) - Electricity consumption: 1350 - <1600 cc,km,e24c3fef-79d4-4800-b50c-ef19cb99101f:3,PHEV (Petrol) - Electricity consumption: 1350 - <1600 cc,Unknown,GHG_CO2_KGCO2_e,0.0069484,Unknown
Travel,Light Passenger Vehicle,Post 2020 Fleet,PHEV (Petrol) - Electricity consumption: 1350 - <1600 cc,km,e24c3fef-79d4-4800-b50c-ef19cb99101f:3,PHEV (Petrol) - Electricity consumption: 1350 - <1600 cc,Unknown,GHG_N2O_KGCO2_e,0.0000112071,Unknown
Travel,Light Passenger Vehicle,Post 2020 Fleet,PHEV (Petrol) - Electricity consumption: 1350 - <1600 cc,km,e24c3fef-79d4-4800-b50c-ef19cb99101f:3,PHEV (Petrol) - Electricity consumption: 1350 - <1600 cc,Unknown,GHG_TOTAL_KGCO2_e,0.00717931,Unknown
Travel,Light Passenger Vehicle,Post 2020 Fleet,PHEV (Petrol) - Electricity consumption: 1600 - <2000 cc,km,2c075f6a-f0b8-4f0a-ace7-e0c9aa9d5d8c:3,PHEV (Petrol) - Electricity consumption: 1600 - <2000 cc,Unknown,GHG_CH4_KGCO2_e,0.000247374,Unknown
Travel,Light Passenger Vehicle,Post 2020 Fleet,PHEV (Petrol) - Electricity consumption: 1600 - <2000 cc,km,2c075f6a-f0b8-4f0a-ace7-e0c9aa9d5d8c:3,PHEV (Petrol) - Electricity consumption: 1600 - <2000 cc,Unknown,GHG_CO2_KGCO2_e,0.00782372,Unknown
Travel,Light Passenger Vehicle,Post 2020 Fleet,PHEV (Petrol) - Electricity consumption: 1600 - <2000 cc,km,2c075f6a-f0b8-4f0a-ace7-e0c9aa9d5d8c:3,PHEV (Petrol) - Electricity consumption: 1600 - <2000 cc,Unknown,GHG_N2O_KGCO2_e,0.000012619,Unknown
Travel,Light Passenger Vehicle,Post 2020 Fleet,PHEV (Petrol) - Electricity consumption: 1600 - <2000 cc,km,2c075f6a-f0b8-4f0a-ace7-e0c9aa9d5d8c:3,PHEV (Petrol) - Electricity consumption: 1600 - <2000 cc,Unknown,GHG_TOTAL_KGCO2_e,0.00808372,Unknown
Travel,Light Passenger Vehicle,Post 2020 Fleet,PHEV (Petrol) - Electricity consumption: 2000 - <3000 cc,km,a76cab77-9213-4460-8a18-bd6dba1536e3:3,PHEV (Petrol) - Electricity consumption: 2000 - <3000 cc,Unknown,GHG_CH4_KGCO2_e,0.000274765,Unknown
Travel,Light Passenger Vehicle,Post 2020 Fleet,PHEV (Petrol) - Electricity consumption: 2000 - <3000 cc,km,a76cab77-9213-4460-8a18-bd6dba1536e3:3,PHEV (Petrol) - Electricity consumption: 2000 - <3000 cc,Unknown,GHG_CO2_KGCO2_e,0.00869002,Unknown
Travel,Light Passenger Vehicle,Post 2020 Fleet,PHEV (Petrol) - Electricity consumption: 2000 - <3000 cc,km,a76cab77-9213-4460-8a18-bd6dba1536e3:3,PHEV (Petrol) - Electricity consumption: 2000 - <3000 cc,Unknown,GHG_N2O_KGCO2_e,0.0000140162,Unknown
Travel,Light Passenger Vehicle,Post 2020 Fleet,PHEV (Petrol) - Electricity consumption: 2000 - <3000 cc,km,a76cab77-9213-4460-8a18-bd6dba1536e3:3,PHEV (Petrol) - Electricity consumption: 2000 - <3000 cc,Unknown,GHG_TOTAL_KGCO2_e,0.0089788,Unknown
Travel,Light Passenger Vehicle,Post 2020 Fleet,PHEV (Petrol) - Electricity consumption: <1350 cc,km,09f484f0-c937-474a-9c3c-fcab26051f2e:3,PHEV (Petrol) - Electricity consumption: <1350 cc,Unknown,GHG_CH4_KGCO2_e,0.000212279,Unknown
Travel,Light Passenger Vehicle,Post 2020 Fleet,PHEV (Petrol) - Electricity consumption: <1350 cc,km,09f484f0-c937-474a-9c3c-fcab26051f2e:3,PHEV (Petrol) - Electricity consumption: <1350 cc,Unknown,GHG_CO2_KGCO2_e,0.00671378,Unknown
Travel,Light Passenger Vehicle,Post 2020 Fleet,PHEV (Petrol) - Electricity consumption: <1350 cc,km,09f484f0-c937-474a-9c3c-fcab26051f2e:3,PHEV (Petrol) - Electricity consumption: <1350 cc,Unknown,GHG_N2O_KGCO2_e,0.0000108287,Unknown
Travel,Light Passenger Vehicle,Post 2020 Fleet,PHEV (Petrol) - Electricity consumption: <1350 cc,km,09f484f0-c937-474a-9c3c-fcab26051f2e:3,PHEV (Petrol) - Electricity consumption: <1350 cc,Unknown,GHG_TOTAL_KGCO2_e,0.00693689,Unknown
Travel,Light Passenger Vehicle,Post 2020 Fleet,PHEV (Petrol) - Electricity consumption: ≥3000 cc,km,65dd5d2a-9323-4e94-88b1-a89ace146a73:3,PHEV (Petrol) - Electricity consumption: >=3000 cc,Unknown,GHG_CH4_KGCO2_e,0.000328691,Unknown
Travel,Light Passenger Vehicle,Post 2020 Fleet,PHEV (Petrol) - Electricity consumption: ≥3000 cc,km,65dd5d2a-9323-4e94-88b1-a89ace146a73:3,PHEV (Petrol) - Electricity consumption: >=3000 cc,Unknown,GHG_CO2_KGCO2_e,0.0103955,Unknown
Travel,Light Passenger Vehicle,Post 2020 Fleet,PHEV (Petrol) - Electricity consumption: ≥3000 cc,km,65dd5d2a-9323-4e94-88b1-a89ace146a73:3,PHEV (Petrol) - Electricity consumption: >=3000 cc,Unknown,GHG_N2O_KGCO2_e,0.0000167671,Unknown
Travel,Light Passenger Vehicle,Post 2020 Fleet,PHEV (Petrol) - Electricity consumption: ≥3000 cc,km,65dd5d2a-9323-4e94-88b1-a89ace146a73:3,PHEV (Petrol) - Electricity consumption: >=3000 cc,Unknown,GHG_TOTAL_KGCO2_e,0.010741,Unknown
Travel,Light Passenger Vehicle,Post 2020 Fleet,PHEV (Petrol) - Petrol consumption: 1350 - <1600 cc,km,e216e46d-5985-4230-9270-d2deef5761d0:3,PHEV (Petrol) - Petrol consumption: 1350 - <1600 cc,Unknown,GHG_CH4_KGCO2_e,0.000808978,Unknown
Travel,Light Passenger Vehicle,Post 2020 Fleet,PHEV (Petrol) - Petrol consumption: 1350 - <1600 cc,km,e216e46d-5985-4230-9270-d2deef5761d0:3,PHEV (Petrol) - Petrol consumption: 1350 - <1600 cc,Unknown,GHG_CO2_KGCO2_e,0.0605665,Unknown
Travel,Light Passenger Vehicle,Post 2020 Fleet,PHEV (Petrol) - Petrol consumption: 1350 - <1600 cc,km,e216e46d-5985-4230-9270-d2deef5761d0:3,PHEV (Petrol) - Petrol consumption: 1350 - <1600 cc,Unknown,GHG_N2O_KGCO2_e,0.0018561,Unknown
Travel,Light Passenger Vehicle,Post 2020 Fleet,PHEV (Petrol) - Petrol consumption: 1350 - <1600 cc,km,e216e46d-5985-4230-9270-d2deef5761d0:3,PHEV (Petrol) - Petrol consumption: 1350 - <1600 cc,Unknown,GHG_TOTAL_KGCO2_e,0.0632316,Unknown
Travel,Light Passenger Vehicle,Post 2020 Fleet,PHEV (Petrol) - Petrol consumption: 1600 - <2000 cc,km,6fb61601-bf8c-414f-9119-f63e01205005:3,PHEV (Petrol) - Petrol consumption: 1600 - <2000 cc,Unknown,GHG_CH4_KGCO2_e,0.000910889,Unknown
Travel,Light Passenger Vehicle,Post 2020 Fleet,PHEV (Petrol) - Petrol consumption: 1600 - <2000 cc,km,6fb61601-bf8c-414f-9119-f63e01205005:3,PHEV (Petrol) - Petrol consumption: 1600 - <2000 cc,Unknown,GHG_CO2_KGCO2_e,0.0681963,Unknown
Travel,Light Passenger Vehicle,Post 2020 Fleet,PHEV (Petrol) - Petrol consumption: 1600 - <2000 cc,km,6fb61601-bf8c-414f-9119-f63e01205005:3,PHEV (Petrol) - Petrol consumption: 1600 - <2000 cc,Unknown,GHG_N2O_KGCO2_e,0.00208992,Unknown
Travel,Light Passenger Vehicle,Post 2020 Fleet,PHEV (Petrol) - Petrol consumption: 1600 - <2000 cc,km,6fb61601-bf8c-414f-9119-f63e01205005:3,PHEV (Petrol) - Petrol consumption: 1600 - <2000 cc,Unknown,GHG_TOTAL_KGCO2_e,0.0711971,Unknown
Travel,Light Passenger Vehicle,Post 2020 Fleet,PHEV (Petrol) - Petrol consumption: 2000 - <3000 cc,km,d14dca11-48a4-4904-a887-932c19803100:3,PHEV (Petrol) - Petrol consumption: 2000 - <3000 cc,Unknown,GHG_CH4_KGCO2_e,0.00101175,Unknown
Travel,Light Passenger Vehicle,Post 2020 Fleet,PHEV (Petrol) - Petrol consumption: 2000 - <3000 cc,km,d14dca11-48a4-4904-a887-932c19803100:3,PHEV (Petrol) - Petrol consumption: 2000 - <3000 cc,Unknown,GHG_CO2_KGCO2_e,0.0757475,Unknown
Travel,Light Passenger Vehicle,Post 2020 Fleet,PHEV (Petrol) - Petrol consumption: 2000 - <3000 cc,km,d14dca11-48a4-4904-a887-932c19803100:3,PHEV (Petrol) - Petrol consumption: 2000 - <3000 cc,Unknown,GHG_N2O_KGCO2_e,0.00232133,Unknown
Travel,Light Passenger Vehicle,Post 2020 Fleet,PHEV (Petrol) - Petrol consumption: 2000 - <3000 cc,km,d14dca11-48a4-4904-a887-932c19803100:3,PHEV (Petrol) - Petrol consumption: 2000 - <3000 cc,Unknown,GHG_TOTAL_KGCO2_e,0.0790806,Unknown
Travel,Light Passenger Vehicle,Post 2020 Fleet,PHEV (Petrol) - Petrol consumption: <1350 cc,km,8b0bdbb4-58d5-4cdf-bc16-1758a447cba3:3,PHEV (Petrol) - Petrol consumption: <1350 cc,Unknown,GHG_CH4_KGCO2_e,0.000781662,Unknown
Travel,Light Passenger Vehicle,Post 2020 Fleet,PHEV (Petrol) - Petrol consumption: <1350 cc,km,8b0bdbb4-58d5-4cdf-bc16-1758a447cba3:3,PHEV (Petrol) - Petrol consumption: <1350 cc,Unknown,GHG_CO2_KGCO2_e,0.0585214,Unknown
Travel,Light Passenger Vehicle,Post 2020 Fleet,PHEV (Petrol) - Petrol consumption: <1350 cc,km,8b0bdbb4-58d5-4cdf-bc16-1758a447cba3:3,PHEV (Petrol) - Petrol consumption: <1350 cc,Unknown,GHG_N2O_KGCO2_e,0.00179342,Unknown
Travel,Light Passenger Vehicle,Post 2020 Fleet,PHEV (Petrol) - Petrol consumption: <1350 cc,km,8b0bdbb4-58d5-4cdf-bc16-1758a447cba3:3,PHEV (Petrol) - Petrol consumption: <1350 cc,Unknown,GHG_TOTAL_KGCO2_e,0.0610965,Unknown
Travel,Light Passenger Vehicle,Post 2020 Fleet,PHEV (Petrol) - Petrol consumption: ≥3000 cc,km,1ae8cd94-af27-4910-8ce9-33f0cff9c97c:3,PHEV (Petrol) - Petrol consumption: >=3000 cc,Unknown,GHG_CH4_KGCO2_e,0.00121032,Unknown
Travel,Light Passenger Vehicle,Post 2020 Fleet,PHEV (Petrol) - Petrol consumption: ≥3000 cc,km,1ae8cd94-af27-4910-8ce9-33f0cff9c97c:3,PHEV (Petrol) - Petrol consumption: >=3000 cc,Unknown,GHG_CO2_KGCO2_e,0.0906138,Unknown
Travel,Light Passenger Vehicle,Post 2020 Fleet,PHEV (Petrol) - Petrol consumption: ≥3000 cc,km,1ae8cd94-af27-4910-8ce9-33f0cff9c97c:3,PHEV (Petrol) - Petrol consumption: >=3000 cc,Unknown,GHG_N2O_KGCO2_e,0.00277691,Unknown
Travel,Light Passenger Vehicle,Post 2020 Fleet,PHEV (Petrol) - Petrol consumption: ≥3000 cc,km,1ae8cd94-af27-4910-8ce9-33f0cff9c97c:3,PHEV (Petrol) - Petrol consumption: >=3000 cc,Unknown,GHG_TOTAL_KGCO2_e,0.094601,Unknown
Travel,Light Passenger Vehicle,Post 2020 Fleet,Petrol hybrid vehicle: 1350 - <1600 cc,km,d84d245d-2bfd-4bf5-960e-f6b96286aecb:4,Petrol hybrid vehicle: 1350 - <1600 cc,Unknown,GHG_CH4_KGCO2_e,0.00154582,Unknown
Travel,Light Passenger Vehicle,Post 2020 Fleet,Petrol hybrid vehicle: 1350 - <1600 cc,km,d84d245d-2bfd-4bf5-960e-f6b96286aecb:4,Petrol hybrid vehicle: 1350 - <1600 cc,Unknown,GHG_CO2_KGCO2_e,0.115732,Unknown
Travel,Light Passenger Vehicle,Post 2020 Fleet,Petrol hybrid vehicle: 1350 - <1600 cc,km,d84d245d-2bfd-4bf5-960e-f6b96286aecb:4,Petrol hybrid vehicle: 1350 - <1600 cc,Unknown,GHG_N2O_KGCO2_e,0.00354668,Unknown
Travel,Light Passenger Vehicle,Post 2020 Fleet,Petrol hybrid vehicle: 1350 - <1600 cc,km,d84d245d-2bfd-4bf5-960e-f6b96286aecb:4,Petrol hybrid vehicle: 1350 - <1600 cc,Unknown,GHG_TOTAL_KGCO2_e,0.120825,Unknown
Travel,Light Passenger Vehicle,Post 2020 Fleet,Petrol hybrid vehicle: 1600 - <2000 cc,km,6b094449-b30f-4067-ba3f-819a95ac0147:4,Petrol hybrid vehicle: 1600 - <2000 cc,Unknown,GHG_CH4_KGCO2_e,0.00174055,Unknown
Travel,Light Passenger Vehicle,Post 2020 Fleet,Petrol hybrid vehicle: 1600 - <2000 cc,km,6b094449-b30f-4067-ba3f-819a95ac0147:4,Petrol hybrid vehicle: 1600 - <2000 cc,Unknown,GHG_CO2_KGCO2_e,0.130311,Unknown
Travel,Light Passenger Vehicle,Post 2020 Fleet,Petrol hybrid vehicle: 1600 - <2000 cc,km,6b094449-b30f-4067-ba3f-819a95ac0147:4,Petrol hybrid vehicle: 1600 - <2000 cc,Unknown,GHG_N2O_KGCO2_e,0.00399347,Unknown
Travel,Light Passenger Vehicle,Post 2020 Fleet,Petrol hybrid vehicle: 1600 - <2000 cc,km,6b094449-b30f-4067-ba3f-819a95ac0147:4,Petrol hybrid vehicle: 1600 - <2000 cc,Unknown,GHG_TOTAL_KGCO2_e,0.136045,Unknown
Travel,Light Passenger Vehicle,Post 2020 Fleet,Petrol hybrid vehicle: 2000 - <3000 cc,km,da33b951-acd2-46d9-84d4-cad4acf7ce59:4,Petrol hybrid vehicle: 2000 - <3000 cc,Unknown,GHG_CH4_KGCO2_e,0.00193328,Unknown
Travel,Light Passenger Vehicle,Post 2020 Fleet,Petrol hybrid vehicle: 2000 - <3000 cc,km,da33b951-acd2-46d9-84d4-cad4acf7ce59:4,Petrol hybrid vehicle: 2000 - <3000 cc,Unknown,GHG_CO2_KGCO2_e,0.14474,Unknown
Travel,Light Passenger Vehicle,Post 2020 Fleet,Petrol hybrid vehicle: 2000 - <3000 cc,km,da33b951-acd2-46d9-84d4-cad4acf7ce59:4,Petrol hybrid vehicle: 2000 - <3000 cc,Unknown,GHG_N2O_KGCO2_e,0.00443566,Unknown
Travel,Light Passenger Vehicle,Post 2020 Fleet,Petrol hybrid vehicle: 2000 - <3000 cc,km,da33b951-acd2-46d9-84d4-cad4acf7ce59:4,Petrol hybrid vehicle: 2000 - <3000 cc,Unknown,GHG_TOTAL_KGCO2_e,0.151109,Unknown
Travel,Light Passenger Vehicle,Post 2020 Fleet,Petrol hybrid vehicle: <1350 cc,km,66a70980-ce51-456f-a619-4bf39f662438:4,Petrol hybrid vehicle: <1350 cc,Unknown,GHG_CH4_KGCO2_e,0.00149362,Unknown
Travel,Light Passenger Vehicle,Post 2020 Fleet,Petrol hybrid vehicle: <1350 cc,km,66a70980-ce51-456f-a619-4bf39f662438:4,Petrol hybrid vehicle: <1350 cc,Unknown,GHG_CO2_KGCO2_e,0.111824,Unknown
Travel,Light Passenger Vehicle,Post 2020 Fleet,Petrol hybrid vehicle: <1350 cc,km,66a70980-ce51-456f-a619-4bf39f662438:4,Petrol hybrid vehicle: <1350 cc,Unknown,GHG_N2O_KGCO2_e,0.00342692,Unknown
Travel,Light Passenger Vehicle,Post 2020 Fleet,Petrol hybrid vehicle: <1350 cc,km,66a70980-ce51-456f-a619-4bf39f662438:4,Petrol hybrid vehicle: <1350 cc,Unknown,GHG_TOTAL_KGCO2_e,0.116745,Unknown
Travel,Light Passenger Vehicle,Post 2020 Fleet,Petrol hybrid vehicle: ≥3000 cc,km,022c1e05-acf4-438a-bc46-47bae55f3dc6:4,Petrol hybrid vehicle: >=3000 cc,Unknown,GHG_CH4_KGCO2_e,0.0023127,Unknown
Travel,Light Passenger Vehicle,Post 2020 Fleet,Petrol hybrid vehicle: ≥3000 cc,km,022c1e05-acf4-438a-bc46-47bae55f3dc6:4,Petrol hybrid vehicle: >=3000 cc,Unknown,GHG_CO2_KGCO2_e,0.173147,Unknown
Travel,Light Passenger Vehicle,Post 2020 Fleet,Petrol hybrid vehicle: ≥3000 cc,km,022c1e05-acf4-438a-bc46-47bae55f3dc6:4,Petrol hybrid vehicle: >=3000 cc,Unknown,GHG_N2O_KGCO2_e,0.00530621,Unknown
Travel,Light Passenger Vehicle,Post 2020 Fleet,Petrol hybrid vehicle: ≥3000 cc,km,022c1e05-acf4-438a-bc46-47bae55f3dc6:4,Petrol hybrid vehicle: >=3000 cc,Unknown,GHG_TOTAL_KGCO2_e,0.180766,Unknown
Travel,Light Passenger Vehicle,Post 2020 Fleet,Petrol vehicle: 1350 - <1600 cc,km,cef3dd05-2092-4db1-a926-7ea370f1aa13:4,Petrol vehicle: 1350 - <1600 cc,Unknown,GHG_CH4_KGCO2_e,0.00196042,Unknown
Travel,Light Passenger Vehicle,Post 2020 Fleet,Petrol vehicle: 1350 - <1600 cc,km,cef3dd05-2092-4db1-a926-7ea370f1aa13:4,Petrol vehicle: 1350 - <1600 cc,Unknown,GHG_CO2_KGCO2_e,0.146772,Unknown
Travel,Light Passenger Vehicle,Post 2020 Fleet,Petrol vehicle: 1350 - <1600 cc,km,cef3dd05-2092-4db1-a926-7ea370f1aa13:4,Petrol vehicle: 1350 - <1600 cc,Unknown,GHG_N2O_KGCO2_e,0.00449793,Unknown
Travel,Light Passenger Vehicle,Post 2020 Fleet,Petrol vehicle: 1350 - <1600 cc,km,cef3dd05-2092-4db1-a926-7ea370f1aa13:4,Petrol vehicle: 1350 - <1600 cc,Unknown,GHG_TOTAL_KGCO2_e,0.153231,Unknown
Travel,Light Passenger Vehicle,Post 2020 Fleet,Petrol vehicle: 1600 - <2000 cc,km,c5b87e80-7447-4c06-80b7-2bfe98060688:4,Petrol vehicle: 1600 - <2000 cc,Unknown,GHG_CH4_KGCO2_e,0.00220738,Unknown
Travel,Light Passenger Vehicle,Post 2020 Fleet,Petrol vehicle: 1600 - <2000 cc,km,c5b87e80-7447-4c06-80b7-2bfe98060688:4,Petrol vehicle: 1600 - <2000 cc,Unknown,GHG_CO2_KGCO2_e,0.165262,Unknown
Travel,Light Passenger Vehicle,Post 2020 Fleet,Petrol vehicle: 1600 - <2000 cc,km,c5b87e80-7447-4c06-80b7-2bfe98060688:4,Petrol vehicle: 1600 - <2000 cc,Unknown,GHG_N2O_KGCO2_e,0.00506455,Unknown
Travel,Light Passenger Vehicle,Post 2020 Fleet,Petrol vehicle: 1600 - <2000 cc,km,c5b87e80-7447-4c06-80b7-2bfe98060688:4,Petrol vehicle: 1600 - <2000 cc,Unknown,GHG_TOTAL_KGCO2_e,0.172534,Unknown
Travel,Light Passenger Vehicle,Post 2020 Fleet,Petrol vehicle: 2000 - <3000 cc,km,fbc71414-1150-4181-a103-0049d57b1b3b:4,Petrol vehicle: 2000 - <3000 cc,Unknown,GHG_CH4_KGCO2_e,0.00245179,Unknown
Travel,Light Passenger Vehicle,Post 2020 Fleet,Petrol vehicle: 2000 - <3000 cc,km,fbc71414-1150-4181-a103-0049d57b1b3b:4,Petrol vehicle: 2000 - <3000 cc,Unknown,GHG_CO2_KGCO2_e,0.183561,Unknown
Travel,Light Passenger Vehicle,Post 2020 Fleet,Petrol vehicle: 2000 - <3000 cc,km,fbc71414-1150-4181-a103-0049d57b1b3b:4,Petrol vehicle: 2000 - <3000 cc,Unknown,GHG_N2O_KGCO2_e,0.00562533,Unknown
Travel,Light Passenger Vehicle,Post 2020 Fleet,Petrol vehicle: 2000 - <3000 cc,km,fbc71414-1150-4181-a103-0049d57b1b3b:4,Petrol vehicle: 2000 - <3000 cc,Unknown,GHG_TOTAL_KGCO2_e,0.191638,Unknown
Travel,Light Passenger Vehicle,Post 2020 Fleet,Petrol vehicle: <1350 cc,km,b693c1fa-60c0-48a7-a22a-94f8682227e5:4,Petrol vehicle: <1350 cc,Unknown,GHG_CH4_KGCO2_e,0.00189422,Unknown
Travel,Light Passenger Vehicle,Post 2020 Fleet,Petrol vehicle: <1350 cc,km,b693c1fa-60c0-48a7-a22a-94f8682227e5:4,Petrol vehicle: <1350 cc,Unknown,GHG_CO2_KGCO2_e,0.141816,Unknown
Travel,Light Passenger Vehicle,Post 2020 Fleet,Petrol vehicle: <1350 cc,km,b693c1fa-60c0-48a7-a22a-94f8682227e5:4,Petrol vehicle: <1350 cc,Unknown,GHG_N2O_KGCO2_e,0.00434605,Unknown
Travel,Light Passenger Vehicle,Post 2020 Fleet,Petrol vehicle: <1350 cc,km,b693c1fa-60c0-48a7-a22a-94f8682227e5:4,Petrol vehicle: <1350 cc,Unknown,GHG_TOTAL_KGCO2_e,0.148057,Unknown
Travel,Light Passenger Vehicle,Post 2020 Fleet,Petrol vehicle: ≥3000 cc,km,3aa231e2-7cac-41d5-9aaf-0518c2d813ff:4,Petrol vehicle: >=3000 cc,Unknown,GHG_CH4_KGCO2_e,0.00293299,Unknown
Travel,Light Passenger Vehicle,Post 2020 Fleet,Petrol vehicle: ≥3000 cc,km,3aa231e2-7cac-41d5-9aaf-0518c2d813ff:4,Petrol vehicle: >=3000 cc,Unknown,GHG_CO2_KGCO2_e,0.219587,Unknown
Travel,Light Passenger Vehicle,Post 2020 Fleet,Petrol vehicle: ≥3000 cc,km,3aa231e2-7cac-41d5-9aaf-0518c2d813ff:4,Petrol vehicle: >=3000 cc,Unknown,GHG_N2O_KGCO2_e,0.00672937,Unknown
Travel,Light Passenger Vehicle,Post 2020 Fleet,Petrol vehicle: ≥3000 cc,km,3aa231e2-7cac-41d5-9aaf-0518c2d813ff:4,Petrol vehicle: >=3000 cc,Unknown,GHG_TOTAL_KGCO2_e,0.229249,Unknown
Travel,Light Passenger Vehicle,Pre 2010 Fleet,Diesel hybrid vehicle: 1350 - <1600 cc,km,62e8495e-4b28-4099-b3cc-b71f2ffcd482,Diesel hybrid vehicle: 1350 - <1600 cc,Unknown,GHG_CH4_KGCO2_e,0.000267982,Unknown
Travel,Light Passenger Vehicle,Pre 2010 Fleet,Diesel hybrid vehicle: 1350 - <1600 cc,km,62e8495e-4b28-4099-b3cc-b71f2ffcd482,Diesel hybrid vehicle: 1350 - <1600 cc,Unknown,GHG_CO2_KGCO2_e,0.178502,Unknown
Travel,Light Passenger Vehicle,Pre 2010 Fleet,Diesel hybrid vehicle: 1350 - <1600 cc,km,62e8495e-4b28-4099-b3cc-b71f2ffcd482,Diesel hybrid vehicle: 1350 - <1600 cc,Unknown,GHG_N2O_KGCO2_e,0.00253626,Unknown
Travel,Light Passenger Vehicle,Pre 2010 Fleet,Diesel hybrid vehicle: 1350 - <1600 cc,km,62e8495e-4b28-4099-b3cc-b71f2ffcd482,Diesel hybrid vehicle: 1350 - <1600 cc,Unknown,GHG_TOTAL_KGCO2_e,0.181306,Unknown
Travel,Light Passenger Vehicle,Pre 2010 Fleet,Diesel hybrid vehicle: 1600 - <2000 cc,km,2dd4c7df-44d3-4956-b9eb-90ddf25ea9e8,Diesel hybrid vehicle: 1600 - <2000 cc,Unknown,GHG_CH4_KGCO2_e,0.00028403,Unknown
Travel,Light Passenger Vehicle,Pre 2010 Fleet,Diesel hybrid vehicle: 1600 - <2000 cc,km,2dd4c7df-44d3-4956-b9eb-90ddf25ea9e8,Diesel hybrid vehicle: 1600 - <2000 cc,Unknown,GHG_CO2_KGCO2_e,0.189192,Unknown
Travel,Light Passenger Vehicle,Pre 2010 Fleet,Diesel hybrid vehicle: 1600 - <2000 cc,km,2dd4c7df-44d3-4956-b9eb-90ddf25ea9e8,Diesel hybrid vehicle: 1600 - <2000 cc,Unknown,GHG_N2O_KGCO2_e,0.00268814,Unknown
Travel,Light Passenger Vehicle,Pre 2010 Fleet,Diesel hybrid vehicle: 1600 - <2000 cc,km,2dd4c7df-44d3-4956-b9eb-90ddf25ea9e8,Diesel hybrid vehicle: 1600 - <2000 cc,Unknown,GHG_TOTAL_KGCO2_e,0.192164,Unknown
Travel,Light Passenger Vehicle,Pre 2010 Fleet,Diesel hybrid vehicle: 2000 - <3000 cc,km,471ddfb0-0bb5-44c7-a9b8-1163d1238203,Diesel hybrid vehicle: 2000 - <3000 cc,Unknown,GHG_CH4_KGCO2_e,0.00034918,Unknown
Travel,Light Passenger Vehicle,Pre 2010 Fleet,Diesel hybrid vehicle: 2000 - <3000 cc,km,471ddfb0-0bb5-44c7-a9b8-1163d1238203,Diesel hybrid vehicle: 2000 - <3000 cc,Unknown,GHG_CO2_KGCO2_e,0.232588,Unknown
Travel,Light Passenger Vehicle,Pre 2010 Fleet,Diesel hybrid vehicle: 2000 - <3000 cc,km,471ddfb0-0bb5-44c7-a9b8-1163d1238203,Diesel hybrid vehicle: 2000 - <3000 cc,Unknown,GHG_N2O_KGCO2_e,0.00330473,Unknown
Travel,Light Passenger Vehicle,Pre 2010 Fleet,Diesel hybrid vehicle: 2000 - <3000 cc,km,471ddfb0-0bb5-44c7-a9b8-1163d1238203,Diesel hybrid vehicle: 2000 - <3000 cc,Unknown,GHG_TOTAL_KGCO2_e,0.236242,Unknown
Travel,Light Passenger Vehicle,Pre 2010 Fleet,Diesel hybrid vehicle: <1350 cc,km,18e855cb-bd9b-4ab1-9dcd-b4e935bbd37e,Diesel hybrid vehicle: <1350 cc,Unknown,GHG_CH4_KGCO2_e,0.000278477,Unknown
Travel,Light Passenger Vehicle,Pre 2010 Fleet,Diesel hybrid vehicle: <1350 cc,km,18e855cb-bd9b-4ab1-9dcd-b4e935bbd37e,Diesel hybrid vehicle: <1350 cc,Unknown,GHG_CO2_KGCO2_e,0.185493,Unknown
Travel,Light Passenger Vehicle,Pre 2010 Fleet,Diesel hybrid vehicle: <1350 cc,km,18e855cb-bd9b-4ab1-9dcd-b4e935bbd37e,Diesel hybrid vehicle: <1350 cc,Unknown,GHG_N2O_KGCO2_e,0.00263558,Unknown
Travel,Light Passenger Vehicle,Pre 2010 Fleet,Diesel hybrid vehicle: <1350 cc,km,18e855cb-bd9b-4ab1-9dcd-b4e935bbd37e,Diesel hybrid vehicle: <1350 cc,Unknown,GHG_TOTAL_KGCO2_e,0.188407,Unknown
Travel,Light Passenger Vehicle,Pre 2010 Fleet,Diesel hybrid vehicle: ≥3000 cc,km,9a9e249b-c2a0-43de-bd51-26b0343bfdd3,Diesel hybrid vehicle: >=3000 cc,Unknown,GHG_CH4_KGCO2_e,0.000387334,Unknown
Travel,Light Passenger Vehicle,Pre 2010 Fleet,Diesel hybrid vehicle: ≥3000 cc,km,9a9e249b-c2a0-43de-bd51-26b0343bfdd3,Diesel hybrid vehicle: >=3000 cc,Unknown,GHG_CO2_KGCO2_e,0.258002,Unknown
Travel,Light Passenger Vehicle,Pre 2010 Fleet,Diesel hybrid vehicle: ≥3000 cc,km,9a9e249b-c2a0-43de-bd51-26b0343bfdd3,Diesel hybrid vehicle: >=3000 cc,Unknown,GHG_N2O_KGCO2_e,0.00366584,Unknown
Travel,Light Passenger Vehicle,Pre 2010 Fleet,Diesel hybrid vehicle: ≥3000 cc,km,9a9e249b-c2a0-43de-bd51-26b0343bfdd3,Diesel hybrid vehicle: >=3000 cc,Unknown,GHG_TOTAL_KGCO2_e,0.262055,Unknown
Travel,Light Passenger Vehicle,Pre 2010 Fleet,Diesel vehicle: 1350 - <1600 cc,km,291accc6-c910-4e54-8f52-4522a23134a3,Diesel vehicle: 1350 - <1600 cc,Unknown,GHG_CH4_KGCO2_e,0.000298944,Unknown
Travel,Light Passenger Vehicle,Pre 2010 Fleet,Diesel vehicle: 1350 - <1600 cc,km,291accc6-c910-4e54-8f52-4522a23134a3,Diesel vehicle: 1350 - <1600 cc,Unknown,GHG_CO2_KGCO2_e,0.199126,Unknown
Travel,Light Passenger Vehicle,Pre 2010 Fleet,Diesel vehicle: 1350 - <1600 cc,km,291accc6-c910-4e54-8f52-4522a23134a3,Diesel vehicle: 1350 - <1600 cc,Unknown,GHG_N2O_KGCO2_e,0.00282929,Unknown
Travel,Light Passenger Vehicle,Pre 2010 Fleet,Diesel vehicle: 1350 - <1600 cc,km,291accc6-c910-4e54-8f52-4522a23134a3,Diesel vehicle: 1350 - <1600 cc,Unknown,GHG_TOTAL_KGCO2_e,0.202254,Unknown
Travel,Light Passenger Vehicle,Pre 2010 Fleet,Diesel vehicle: 1600 - <2000 cc,km,28d64843-9461-437e-97ea-d1d9d7720a38,Diesel vehicle: 1600 - <2000 cc,Unknown,GHG_CH4_KGCO2_e,0.000316846,Unknown
Travel,Light Passenger Vehicle,Pre 2010 Fleet,Diesel vehicle: 1600 - <2000 cc,km,28d64843-9461-437e-97ea-d1d9d7720a38,Diesel vehicle: 1600 - <2000 cc,Unknown,GHG_CO2_KGCO2_e,0.21105,Unknown
Travel,Light Passenger Vehicle,Pre 2010 Fleet,Diesel vehicle: 1600 - <2000 cc,km,28d64843-9461-437e-97ea-d1d9d7720a38,Diesel vehicle: 1600 - <2000 cc,Unknown,GHG_N2O_KGCO2_e,0.00299872,Unknown
Travel,Light Passenger Vehicle,Pre 2010 Fleet,Diesel vehicle: 1600 - <2000 cc,km,28d64843-9461-437e-97ea-d1d9d7720a38,Diesel vehicle: 1600 - <2000 cc,Unknown,GHG_TOTAL_KGCO2_e,0.214366,Unknown
Travel,Light Passenger Vehicle,Pre 2010 Fleet,Diesel vehicle: 2000 - <3000 cc,km,b030ab15-dee9-4d9a-bd62-e9280eedac7c,Diesel vehicle: 2000 - <3000 cc,Unknown,GHG_CH4_KGCO2_e,0.000389523,Unknown
Travel,Light Passenger Vehicle,Pre 2010 Fleet,Diesel vehicle: 2000 - <3000 cc,km,b030ab15-dee9-4d9a-bd62-e9280eedac7c,Diesel vehicle: 2000 - <3000 cc,Unknown,GHG_CO2_KGCO2_e,0.25946,Unknown
Travel,Light Passenger Vehicle,Pre 2010 Fleet,Diesel vehicle: 2000 - <3000 cc,km,b030ab15-dee9-4d9a-bd62-e9280eedac7c,Diesel vehicle: 2000 - <3000 cc,Unknown,GHG_N2O_KGCO2_e,0.00368656,Unknown
Travel,Light Passenger Vehicle,Pre 2010 Fleet,Diesel vehicle: 2000 - <3000 cc,km,b030ab15-dee9-4d9a-bd62-e9280eedac7c,Diesel vehicle: 2000 - <3000 cc,Unknown,GHG_TOTAL_KGCO2_e,0.263537,Unknown
Travel,Light Passenger Vehicle,Pre 2010 Fleet,Diesel vehicle: <1350 cc,km,807bd8d7-fa4f-4aae-8b08-bbda4e270126,Diesel vehicle: <1350 cc,Unknown,GHG_CH4_KGCO2_e,0.000310651,Unknown
Travel,Light Passenger Vehicle,Pre 2010 Fleet,Diesel vehicle: <1350 cc,km,807bd8d7-fa4f-4aae-8b08-bbda4e270126,Diesel vehicle: <1350 cc,Unknown,GHG_CO2_KGCO2_e,0.206924,Unknown
Travel,Light Passenger Vehicle,Pre 2010 Fleet,Diesel vehicle: <1350 cc,km,807bd8d7-fa4f-4aae-8b08-bbda4e270126,Diesel vehicle: <1350 cc,Unknown,GHG_N2O_KGCO2_e,0.00294009,Unknown
Travel,Light Passenger Vehicle,Pre 2010 Fleet,Diesel vehicle: <1350 cc,km,807bd8d7-fa4f-4aae-8b08-bbda4e270126,Diesel vehicle: <1350 cc,Unknown,GHG_TOTAL_KGCO2_e,0.210175,Unknown
Travel,Light Passenger Vehicle,Pre 2010 Fleet,Diesel vehicle: ≥3000 cc,km,8c526723-44b7-4093-a53f-5455b9015b0c,Diesel vehicle: >=3000 cc,Unknown,GHG_CH4_KGCO2_e,0.000432085,Unknown
Travel,Light Passenger Vehicle,Pre 2010 Fleet,Diesel vehicle: ≥3000 cc,km,8c526723-44b7-4093-a53f-5455b9015b0c,Diesel vehicle: >=3000 cc,Unknown,GHG_CO2_KGCO2_e,0.287811,Unknown
Travel,Light Passenger Vehicle,Pre 2010 Fleet,Diesel vehicle: ≥3000 cc,km,8c526723-44b7-4093-a53f-5455b9015b0c,Diesel vehicle: >=3000 cc,Unknown,GHG_N2O_KGCO2_e,0.00408938,Unknown
Travel,Light Passenger Vehicle,Pre 2010 Fleet,Diesel vehicle: ≥3000 cc,km,8c526723-44b7-4093-a53f-5455b9015b0c,Diesel vehicle: >=3000 cc,Unknown,GHG_TOTAL_KGCO2_e,0.292333,Unknown
Travel,Light Passenger Vehicle,Pre 2010 Fleet,"Motorcycle: <60cc, petrol",km,fbf55efc-7f1e-400b-a12f-79f7e35b64d1,"Motorcycle: <60cc, petrol",Unknown,GHG_CH4_KGCO2_e,0.000838125,Unknown
Travel,Light Passenger Vehicle,Pre 2010 Fleet,"Motorcycle: <60cc, petrol",km,fbf55efc-7f1e-400b-a12f-79f7e35b64d1,"Motorcycle: <60cc, petrol",Unknown,GHG_CO2_KGCO2_e,0.0627487,Unknown
Travel,Light Passenger Vehicle,Pre 2010 Fleet,"Motorcycle: <60cc, petrol",km,fbf55efc-7f1e-400b-a12f-79f7e35b64d1,"Motorcycle: <60cc, petrol",Unknown,GHG_N2O_KGCO2_e,0.00192297,Unknown
Travel,Light Passenger Vehicle,Pre 2010 Fleet,"Motorcycle: <60cc, petrol",km,fbf55efc-7f1e-400b-a12f-79f7e35b64d1,"Motorcycle: <60cc, petrol",Unknown,GHG_TOTAL_KGCO2_e,0.0655098,Unknown
Travel,Light Passenger Vehicle,Pre 2010 Fleet,"Motorcycle: ≥ 60cc, petrol",km,ae33aca5-68d0-471e-89ae-5552dc7f0b33,"Motorcycle: >=60cc, petrol",Unknown,GHG_CH4_KGCO2_e,0.00167625,Unknown
Travel,Light Passenger Vehicle,Pre 2010 Fleet,"Motorcycle: ≥ 60cc, petrol",km,ae33aca5-68d0-471e-89ae-5552dc7f0b33,"Motorcycle: >=60cc, petrol",Unknown,GHG_CO2_KGCO2_e,0.125497,Unknown
Travel,Light Passenger Vehicle,Pre 2010 Fleet,"Motorcycle: ≥ 60cc, petrol",km,ae33aca5-68d0-471e-89ae-5552dc7f0b33,"Motorcycle: >=60cc, petrol",Unknown,GHG_N2O_KGCO2_e,0.00384594,Unknown
Travel,Light Passenger Vehicle,Pre 2010 Fleet,"Motorcycle: ≥ 60cc, petrol",km,ae33aca5-68d0-471e-89ae-5552dc7f0b33,"Motorcycle: >=60cc, petrol",Unknown,GHG_TOTAL_KGCO2_e,0.13102,Unknown
Travel,Light Passenger Vehicle,Pre 2010 Fleet,Petrol hybrid vehicle: 1350 - <1600 cc,km,d84d245d-2bfd-4bf5-960e-f6b96286aecb,Petrol hybrid vehicle: 1350 - <1600 cc,Unknown,GHG_CH4_KGCO2_e,0.00195114,Unknown
Travel,Light Passenger Vehicle,Pre 2010 Fleet,Petrol hybrid vehicle: 1350 - <1600 cc,km,d84d245d-2bfd-4bf5-960e-f6b96286aecb,Petrol hybrid vehicle: 1350 - <1600 cc,Unknown,GHG_CO2_KGCO2_e,0.146078,Unknown
Travel,Light Passenger Vehicle,Pre 2010 Fleet,Petrol hybrid vehicle: 1350 - <1600 cc,km,d84d245d-2bfd-4bf5-960e-f6b96286aecb,Petrol hybrid vehicle: 1350 - <1600 cc,Unknown,GHG_N2O_KGCO2_e,0.00447664,Unknown
Travel,Light Passenger Vehicle,Pre 2010 Fleet,Petrol hybrid vehicle: 1350 - <1600 cc,km,d84d245d-2bfd-4bf5-960e-f6b96286aecb,Petrol hybrid vehicle: 1350 - <1600 cc,Unknown,GHG_TOTAL_KGCO2_e,0.152505,Unknown
Travel,Light Passenger Vehicle,Pre 2010 Fleet,Petrol hybrid vehicle: 1600 - <2000 cc,km,6b094449-b30f-4067-ba3f-819a95ac0147,Petrol hybrid vehicle: 1600 - <2000 cc,Unknown,GHG_CH4_KGCO2_e,0.00219693,Unknown
Travel,Light Passenger Vehicle,Pre 2010 Fleet,Petrol hybrid vehicle: 1600 - <2000 cc,km,6b094449-b30f-4067-ba3f-819a95ac0147,Petrol hybrid vehicle: 1600 - <2000 cc,Unknown,GHG_CO2_KGCO2_e,0.16448,Unknown
Travel,Light Passenger Vehicle,Pre 2010 Fleet,Petrol hybrid vehicle: 1600 - <2000 cc,km,6b094449-b30f-4067-ba3f-819a95ac0147,Petrol hybrid vehicle: 1600 - <2000 cc,Unknown,GHG_N2O_KGCO2_e,0.00504058,Unknown
Travel,Light Passenger Vehicle,Pre 2010 Fleet,Petrol hybrid vehicle: 1600 - <2000 cc,km,6b094449-b30f-4067-ba3f-819a95ac0147,Petrol hybrid vehicle: 1600 - <2000 cc,Unknown,GHG_TOTAL_KGCO2_e,0.171717,Unknown
Travel,Light Passenger Vehicle,Pre 2010 Fleet,Petrol hybrid vehicle: 2000 - <3000 cc,km,da33b951-acd2-46d9-84d4-cad4acf7ce59,Petrol hybrid vehicle: 2000 - <3000 cc,Unknown,GHG_CH4_KGCO2_e,0.00244019,Unknown
Travel,Light Passenger Vehicle,Pre 2010 Fleet,Petrol hybrid vehicle: 2000 - <3000 cc,km,da33b951-acd2-46d9-84d4-cad4acf7ce59,Petrol hybrid vehicle: 2000 - <3000 cc,Unknown,GHG_CO2_KGCO2_e,0.182692,Unknown
Travel,Light Passenger Vehicle,Pre 2010 Fleet,Petrol hybrid vehicle: 2000 - <3000 cc,km,da33b951-acd2-46d9-84d4-cad4acf7ce59,Petrol hybrid vehicle: 2000 - <3000 cc,Unknown,GHG_N2O_KGCO2_e,0.0055987,Unknown
Travel,Light Passenger Vehicle,Pre 2010 Fleet,Petrol hybrid vehicle: 2000 - <3000 cc,km,da33b951-acd2-46d9-84d4-cad4acf7ce59,Petrol hybrid vehicle: 2000 - <3000 cc,Unknown,GHG_TOTAL_KGCO2_e,0.190731,Unknown
Travel,Light Passenger Vehicle,Pre 2010 Fleet,Petrol hybrid vehicle: <1350 cc,km,66a70980-ce51-456f-a619-4bf39f662438,Petrol hybrid vehicle: <1350 cc,Unknown,GHG_CH4_KGCO2_e,0.00188526,Unknown
Travel,Light Passenger Vehicle,Pre 2010 Fleet,Petrol hybrid vehicle: <1350 cc,km,66a70980-ce51-456f-a619-4bf39f662438,Petrol hybrid vehicle: <1350 cc,Unknown,GHG_CO2_KGCO2_e,0.141145,Unknown
Travel,Light Passenger Vehicle,Pre 2010 Fleet,Petrol hybrid vehicle: <1350 cc,km,66a70980-ce51-456f-a619-4bf39f662438,Petrol hybrid vehicle: <1350 cc,Unknown,GHG_N2O_KGCO2_e,0.00432548,Unknown
Travel,Light Passenger Vehicle,Pre 2010 Fleet,Petrol hybrid vehicle: <1350 cc,km,66a70980-ce51-456f-a619-4bf39f662438,Petrol hybrid vehicle: <1350 cc,Unknown,GHG_TOTAL_KGCO2_e,0.147356,Unknown
Travel,Light Passenger Vehicle,Pre 2010 Fleet,Petrol hybrid vehicle: ≥3000 cc,km,022c1e05-acf4-438a-bc46-47bae55f3dc6,Petrol hybrid vehicle: >=3000 cc,Unknown,GHG_CH4_KGCO2_e,0.00291911,Unknown
Travel,Light Passenger Vehicle,Pre 2010 Fleet,Petrol hybrid vehicle: ≥3000 cc,km,022c1e05-acf4-438a-bc46-47bae55f3dc6,Petrol hybrid vehicle: >=3000 cc,Unknown,GHG_CO2_KGCO2_e,0.218547,Unknown
Travel,Light Passenger Vehicle,Pre 2010 Fleet,Petrol hybrid vehicle: ≥3000 cc,km,022c1e05-acf4-438a-bc46-47bae55f3dc6,Petrol hybrid vehicle: >=3000 cc,Unknown,GHG_N2O_KGCO2_e,0.00669751,Unknown
Travel,Light Passenger Vehicle,Pre 2010 Fleet,Petrol hybrid vehicle: ≥3000 cc,km,022c1e05-acf4-438a-bc46-47bae55f3dc6,Petrol hybrid vehicle: >=3000 cc,Unknown,GHG_TOTAL_KGCO2_e,0.228164,Unknown
Travel,Light Passenger Vehicle,Pre 2010 Fleet,Petrol vehicle: 1350 - <1600 cc,km,cef3dd05-2092-4db1-a926-7ea370f1aa13,Petrol vehicle: 1350 - <1600 cc,Unknown,GHG_CH4_KGCO2_e,0.00247144,Unknown
Travel,Light Passenger Vehicle,Pre 2010 Fleet,Petrol vehicle: 1350 - <1600 cc,km,cef3dd05-2092-4db1-a926-7ea370f1aa13,Petrol vehicle: 1350 - <1600 cc,Unknown,GHG_CO2_KGCO2_e,0.185032,Unknown
Travel,Light Passenger Vehicle,Pre 2010 Fleet,Petrol vehicle: 1350 - <1600 cc,km,cef3dd05-2092-4db1-a926-7ea370f1aa13,Petrol vehicle: 1350 - <1600 cc,Unknown,GHG_N2O_KGCO2_e,0.00567041,Unknown
Travel,Light Passenger Vehicle,Pre 2010 Fleet,Petrol vehicle: 1350 - <1600 cc,km,cef3dd05-2092-4db1-a926-7ea370f1aa13,Petrol vehicle: 1350 - <1600 cc,Unknown,GHG_TOTAL_KGCO2_e,0.193174,Unknown
Travel,Light Passenger Vehicle,Pre 2010 Fleet,Petrol vehicle: 1600 - <2000 cc,km,c5b87e80-7447-4c06-80b7-2bfe98060688,Petrol vehicle: 1600 - <2000 cc,Unknown,GHG_CH4_KGCO2_e,0.00278278,Unknown
Travel,Light Passenger Vehicle,Pre 2010 Fleet,Petrol vehicle: 1600 - <2000 cc,km,c5b87e80-7447-4c06-80b7-2bfe98060688,Petrol vehicle: 1600 - <2000 cc,Unknown,GHG_CO2_KGCO2_e,0.208341,Unknown
Travel,Light Passenger Vehicle,Pre 2010 Fleet,Petrol vehicle: 1600 - <2000 cc,km,c5b87e80-7447-4c06-80b7-2bfe98060688,Petrol vehicle: 1600 - <2000 cc,Unknown,GHG_N2O_KGCO2_e,0.00638473,Unknown
Travel,Light Passenger Vehicle,Pre 2010 Fleet,Petrol vehicle: 1600 - <2000 cc,km,c5b87e80-7447-4c06-80b7-2bfe98060688,Petrol vehicle: 1600 - <2000 cc,Unknown,GHG_TOTAL_KGCO2_e,0.217508,Unknown
Travel,Light Passenger Vehicle,Pre 2010 Fleet,Petrol vehicle: 2000 - <3000 cc,km,fbc71414-1150-4181-a103-0049d57b1b3b,Petrol vehicle: 2000 - <3000 cc,Unknown,GHG_CH4_KGCO2_e,0.00309091,Unknown
Travel,Light Passenger Vehicle,Pre 2010 Fleet,Petrol vehicle: 2000 - <3000 cc,km,fbc71414-1150-4181-a103-0049d57b1b3b,Petrol vehicle: 2000 - <3000 cc,Unknown,GHG_CO2_KGCO2_e,0.23141,Unknown
Travel,Light Passenger Vehicle,Pre 2010 Fleet,Petrol vehicle: 2000 - <3000 cc,km,fbc71414-1150-4181-a103-0049d57b1b3b,Petrol vehicle: 2000 - <3000 cc,Unknown,GHG_N2O_KGCO2_e,0.00709169,Unknown
Travel,Light Passenger Vehicle,Pre 2010 Fleet,Petrol vehicle: 2000 - <3000 cc,km,fbc71414-1150-4181-a103-0049d57b1b3b,Petrol vehicle: 2000 - <3000 cc,Unknown,GHG_TOTAL_KGCO2_e,0.241592,Unknown
Travel,Light Passenger Vehicle,Pre 2010 Fleet,Petrol vehicle: <1350 cc,km,b693c1fa-60c0-48a7-a22a-94f8682227e5,Petrol vehicle: <1350 cc,Unknown,GHG_CH4_KGCO2_e,0.00238799,Unknown
Travel,Light Passenger Vehicle,Pre 2010 Fleet,Petrol vehicle: <1350 cc,km,b693c1fa-60c0-48a7-a22a-94f8682227e5,Petrol vehicle: <1350 cc,Unknown,GHG_CO2_KGCO2_e,0.178784,Unknown
Travel,Light Passenger Vehicle,Pre 2010 Fleet,Petrol vehicle: <1350 cc,km,b693c1fa-60c0-48a7-a22a-94f8682227e5,Petrol vehicle: <1350 cc,Unknown,GHG_N2O_KGCO2_e,0.00547894,Unknown
Travel,Light Passenger Vehicle,Pre 2010 Fleet,Petrol vehicle: <1350 cc,km,b693c1fa-60c0-48a7-a22a-94f8682227e5,Petrol vehicle: <1350 cc,Unknown,GHG_TOTAL_KGCO2_e,0.186651,Unknown
Travel,Light Passenger Vehicle,Pre 2010 Fleet,Petrol vehicle: ≥3000 cc,km,3aa231e2-7cac-41d5-9aaf-0518c2d813ff,Petrol vehicle: >=3000 cc,Unknown,GHG_CH4_KGCO2_e,0.00369753,Unknown
Travel,Light Passenger Vehicle,Pre 2010 Fleet,Petrol vehicle: ≥3000 cc,km,3aa231e2-7cac-41d5-9aaf-0518c2d813ff,Petrol vehicle: >=3000 cc,Unknown,GHG_CO2_KGCO2_e,0.276827,Unknown
Travel,Light Passenger Vehicle,Pre 2010 Fleet,Petrol vehicle: ≥3000 cc,km,3aa231e2-7cac-41d5-9aaf-0518c2d813ff,Petrol vehicle: >=3000 cc,Unknown,GHG_N2O_KGCO2_e,0.00848352,Unknown
Travel,Light Passenger Vehicle,Pre 2010 Fleet,Petrol vehicle: ≥3000 cc,km,3aa231e2-7cac-41d5-9aaf-0518c2d813ff,Petrol vehicle: >=3000 cc,Unknown,GHG_TOTAL_KGCO2_e,0.289008,Unknown
Travel,Light Passenger Vehicle,Private car default,Diesel,km,0590d590-08ba-4a4f-8a2b-fd031542ae87,Diesel,Pre 2010 Fleet (2000 - <3000 cc),GHG_CH4_KGCO2_e,0.000389523,Unknown
Travel,Light Passenger Vehicle,Private car default,Diesel,km,0590d590-08ba-4a4f-8a2b-fd031542ae87,Diesel,Pre 2010 Fleet (2000 - <3000 cc),GHG_CO2_KGCO2_e,0.25946,Unknown
Travel,Light Passenger Vehicle,Private car default,Diesel,km,0590d590-08ba-4a4f-8a2b-fd031542ae87,Diesel,Pre 2010 Fleet (2000 - <3000 cc),GHG_N2O_KGCO2_e,0.00368656,Unknown
Travel,Light Passenger Vehicle,Private car default,Diesel,km,0590d590-08ba-4a4f-8a2b-fd031542ae87,Diesel,Pre 2010 Fleet (2000 - <3000 cc),GHG_TOTAL_KGCO2_e,0.263537,Unknown
Travel,Light Passenger Vehicle,Private car default,Diesel hybrid,km,bacbb0b5-1ece-4e99-943d-84eb8ddc5327,Diesel hybrid,Pre 2010 Fleet (2000 - <3000 cc),GHG_CH4_KGCO2_e,0.00034918,Unknown
Travel,Light Passenger Vehicle,Private car default,Diesel hybrid,km,bacbb0b5-1ece-4e99-943d-84eb8ddc5327,Diesel hybrid,Pre 2010 Fleet (2000 - <3000 cc),GHG_CO2_KGCO2_e,0.232588,Unknown
Travel,Light Passenger Vehicle,Private car default,Diesel hybrid,km,bacbb0b5-1ece-4e99-943d-84eb8ddc5327,Diesel hybrid,Pre 2010 Fleet (2000 - <3000 cc),GHG_N2O_KGCO2_e,0.00330473,Unknown
Travel,Light Passenger Vehicle,Private car default,Diesel hybrid,km,bacbb0b5-1ece-4e99-943d-84eb8ddc5327,Diesel hybrid,Pre 2010 Fleet (2000 - <3000 cc),GHG_TOTAL_KGCO2_e,0.236242,Unknown
Travel,Light Passenger Vehicle,Private car default,Electric,km,262a697e-aebf-414c-a2fe-3caa0678ff9a,Electric,2010-2015 Fleet (2000 - <3000 cc),GHG_CH4_KGCO2_e,0.000622819,Unknown
Travel,Light Passenger Vehicle,Private car default,Electric,km,262a697e-aebf-414c-a2fe-3caa0678ff9a,Electric,2010-2015 Fleet (2000 - <3000 cc),GHG_CO2_KGCO2_e,0.019698,Unknown
Travel,Light Passenger Vehicle,Private car default,Electric,km,262a697e-aebf-414c-a2fe-3caa0678ff9a,Electric,2010-2015 Fleet (2000 - <3000 cc),GHG_N2O_KGCO2_e,0.000031771,Unknown
Travel,Light Passenger Vehicle,Private car default,Electric,km,262a697e-aebf-414c-a2fe-3caa0678ff9a,Electric,2010-2015 Fleet (2000 - <3000 cc),GHG_TOTAL_KGCO2_e,0.0203526,Unknown
Travel,Light Passenger Vehicle,Private car default,PHEV (Diesel) - Diesel consumption,km,68abfb67-5bbf-4000-8745-560d9cec8fa0,PHEV (Diesel) - Diesel consumption,2010-2015 Fleet (2000 - <3000 cc),GHG_CH4_KGCO2_e,0.000161564,Unknown
Travel,Light Passenger Vehicle,Private car default,PHEV (Diesel) - Diesel consumption,km,68abfb67-5bbf-4000-8745-560d9cec8fa0,PHEV (Diesel) - Diesel consumption,2010-2015 Fleet (2000 - <3000 cc),GHG_CO2_KGCO2_e,0.107617,Unknown
Travel,Light Passenger Vehicle,Private car default,PHEV (Diesel) - Diesel consumption,km,68abfb67-5bbf-4000-8745-560d9cec8fa0,PHEV (Diesel) - Diesel consumption,2010-2015 Fleet (2000 - <3000 cc),GHG_N2O_KGCO2_e,0.00152909,Unknown
Travel,Light Passenger Vehicle,Private car default,PHEV (Diesel) - Diesel consumption,km,68abfb67-5bbf-4000-8745-560d9cec8fa0,PHEV (Diesel) - Diesel consumption,2010-2015 Fleet (2000 - <3000 cc),GHG_TOTAL_KGCO2_e,0.109308,Unknown
Travel,Light Passenger Vehicle,Private car default,PHEV (Diesel) - Electricity consumption,km,fa016cf8-1938-4475-bacc-7d977fc6391d,PHEV (Diesel) - Electricity consumption,2010-2015 Fleet (2000 - <3000 cc),GHG_CH4_KGCO2_e,0.000297978,Unknown
Travel,Light Passenger Vehicle,Private car default,PHEV (Diesel) - Electricity consumption,km,fa016cf8-1938-4475-bacc-7d977fc6391d,PHEV (Diesel) - Electricity consumption,2010-2015 Fleet (2000 - <3000 cc),GHG_CO2_KGCO2_e,0.00942417,Unknown
Travel,Light Passenger Vehicle,Private car default,PHEV (Diesel) - Electricity consumption,km,fa016cf8-1938-4475-bacc-7d977fc6391d,PHEV (Diesel) - Electricity consumption,2010-2015 Fleet (2000 - <3000 cc),GHG_N2O_KGCO2_e,0.0000152003,Unknown
Travel,Light Passenger Vehicle,Private car default,PHEV (Diesel) - Electricity consumption,km,fa016cf8-1938-4475-bacc-7d977fc6391d,PHEV (Diesel) - Electricity consumption,2010-2015 Fleet (2000 - <3000 cc),GHG_TOTAL_KGCO2_e,0.00973735,Unknown
Travel,Light Passenger Vehicle,Private car default,PHEV (Petrol) - Electricity consumption,km,571750b8-1aed-46f1-8dbe-de80e9ee4c82,PHEV (Petrol) - Electricity consumption,2010-2015 Fleet (2000 - <3000 cc),GHG_CH4_KGCO2_e,0.000296877,Unknown
Travel,Light Passenger Vehicle,Private car default,PHEV (Petrol) - Electricity consumption,km,571750b8-1aed-46f1-8dbe-de80e9ee4c82,PHEV (Petrol) - Electricity consumption,2010-2015 Fleet (2000 - <3000 cc),GHG_CO2_KGCO2_e,0.00938936,Unknown
Travel,Light Passenger Vehicle,Private car default,PHEV (Petrol) - Electricity consumption,km,571750b8-1aed-46f1-8dbe-de80e9ee4c82,PHEV (Petrol) - Electricity consumption,2010-2015 Fleet (2000 - <3000 cc),GHG_N2O_KGCO2_e,0.0000151442,Unknown
Travel,Light Passenger Vehicle,Private car default,PHEV (Petrol) - Electricity consumption,km,571750b8-1aed-46f1-8dbe-de80e9ee4c82,PHEV (Petrol) - Electricity consumption,2010-2015 Fleet (2000 - <3000 cc),GHG_TOTAL_KGCO2_e,0.00970138,Unknown
Travel,Light Passenger Vehicle,Private car default,PHEV (Petrol) - Petrol consumption,km,a966a291-0507-452c-b3ae-1585fd5a9156,PHEV (Petrol) - Petrol consumption,2010-2015 Fleet (2000 - <3000 cc),GHG_CH4_KGCO2_e,0.00112906,Unknown
Travel,Light Passenger Vehicle,Private car default,PHEV (Petrol) - Petrol consumption,km,a966a291-0507-452c-b3ae-1585fd5a9156,PHEV (Petrol) - Petrol consumption,2010-2015 Fleet (2000 - <3000 cc),GHG_CO2_KGCO2_e,0.0845307,Unknown
Travel,Light Passenger Vehicle,Private car default,PHEV (Petrol) - Petrol consumption,km,a966a291-0507-452c-b3ae-1585fd5a9156,PHEV (Petrol) - Petrol consumption,2010-2015 Fleet (2000 - <3000 cc),GHG_N2O_KGCO2_e,0.00259049,Unknown
Travel,Light Passenger Vehicle,Private car default,PHEV (Petrol) - Petrol consumption,km,a966a291-0507-452c-b3ae-1585fd5a9156,PHEV (Petrol) - Petrol consumption,2010-2015 Fleet (2000 - <3000 cc),GHG_TOTAL_KGCO2_e,0.0882503,Unknown
Travel,Light Passenger Vehicle,Private car default,Petrol,km,5342e287-f6a1-49b8-a07f-d1ec6b16169f,Petrol,Pre 2010 Fleet (2000 - <3000 cc),GHG_CH4_KGCO2_e,0.00309091,Unknown
Travel,Light Passenger Vehicle,Private car default,Petrol,km,5342e287-f6a1-49b8-a07f-d1ec6b16169f,Petrol,Pre 2010 Fleet (2000 - <3000 cc),GHG_CO2_KGCO2_e,0.23141,Unknown
Travel,Light Passenger Vehicle,Private car default,Petrol,km,5342e287-f6a1-49b8-a07f-d1ec6b16169f,Petrol,Pre 2010 Fleet (2000 - <3000 cc),GHG_N2O_KGCO2_e,0.00709169,Unknown
Travel,Light Passenger Vehicle,Private car default,Petrol,km,5342e287-f6a1-49b8-a07f-d1ec6b16169f,Petrol,Pre 2010 Fleet (2000 - <3000 cc),GHG_TOTAL_KGCO2_e,0.241592,Unknown
Travel,Light Passenger Vehicle,Private car default,Petrol hybrid,km,a743e6ad-9ae4-4ff6-908c-1a6f8c971941,Petrol hybrid,Pre 2010 Fleet (2000 - <3000 cc),GHG_CH4_KGCO2_e,0.00244019,Unknown
Travel,Light Passenger Vehicle,Private car default,Petrol hybrid,km,a743e6ad-9ae4-4ff6-908c-1a6f8c971941,Petrol hybrid,Pre 2010 Fleet (2000 - <3000 cc),GHG_CO2_KGCO2_e,0.182692,Unknown
Travel,Light Passenger Vehicle,Private car default,Petrol hybrid,km,a743e6ad-9ae4-4ff6-908c-1a6f8c971941,Petrol hybrid,Pre 2010 Fleet (2000 - <3000 cc),GHG_N2O_KGCO2_e,0.0055987,Unknown
Travel,Light Passenger Vehicle,Private car default,Petrol hybrid,km,a743e6ad-9ae4-4ff6-908c-1a6f8c971941,Petrol hybrid,Pre 2010 Fleet (2000 - <3000 cc),GHG_TOTAL_KGCO2_e,0.190731,Unknown
Travel,Light Passenger Vehicle,Rental car default,Diesel,km,edb5d1e2-f6af-4790-b8b9-dec64bd621d0,Diesel,2015-2020 Fleet (1600 - <2000 cc),GHG_CH4_KGCO2_e,0.000266645,Unknown
Travel,Light Passenger Vehicle,Rental car default,Diesel,km,edb5d1e2-f6af-4790-b8b9-dec64bd621d0,Diesel,2015-2020 Fleet (1600 - <2000 cc),GHG_CO2_KGCO2_e,0.177612,Unknown
Travel,Light Passenger Vehicle,Rental car default,Diesel,km,edb5d1e2-f6af-4790-b8b9-dec64bd621d0,Diesel,2015-2020 Fleet (1600 - <2000 cc),GHG_N2O_KGCO2_e,0.0025236,Unknown
Travel,Light Passenger Vehicle,Rental car default,Diesel,km,edb5d1e2-f6af-4790-b8b9-dec64bd621d0,Diesel,2015-2020 Fleet (1600 - <2000 cc),GHG_TOTAL_KGCO2_e,0.180402,Unknown
Travel,Light Passenger Vehicle,Rental car default,Diesel hybrid,km,7feac5c8-6927-4f69-8213-2e781a4e497e,Diesel hybrid,2015-2020 Fleet (1600 - <2000 cc),GHG_CH4_KGCO2_e,0.000236396,Unknown
Travel,Light Passenger Vehicle,Rental car default,Diesel hybrid,km,7feac5c8-6927-4f69-8213-2e781a4e497e,Diesel hybrid,2015-2020 Fleet (1600 - <2000 cc),GHG_CO2_KGCO2_e,0.157463,Unknown
Travel,Light Passenger Vehicle,Rental car default,Diesel hybrid,km,7feac5c8-6927-4f69-8213-2e781a4e497e,Diesel hybrid,2015-2020 Fleet (1600 - <2000 cc),GHG_N2O_KGCO2_e,0.00223732,Unknown
Travel,Light Passenger Vehicle,Rental car default,Diesel hybrid,km,7feac5c8-6927-4f69-8213-2e781a4e497e,Diesel hybrid,2015-2020 Fleet (1600 - <2000 cc),GHG_TOTAL_KGCO2_e,0.159936,Unknown
Travel,Light Passenger Vehicle,Rental car default,Electric,km,bbc79873-437d-4b94-928c-2d72f32b3d2b,Electric,2015-2020 Fleet (1600 - <2000 cc),GHG_CH4_KGCO2_e,0.000536309,Unknown
Travel,Light Passenger Vehicle,Rental car default,Electric,km,bbc79873-437d-4b94-928c-2d72f32b3d2b,Electric,2015-2020 Fleet (1600 - <2000 cc),GHG_CO2_KGCO2_e,0.0169619,Unknown
Travel,Light Passenger Vehicle,Rental car default,Electric,km,bbc79873-437d-4b94-928c-2d72f32b3d2b,Electric,2015-2020 Fleet (1600 - <2000 cc),GHG_N2O_KGCO2_e,0.000027358,Unknown
Travel,Light Passenger Vehicle,Rental car default,Electric,km,bbc79873-437d-4b94-928c-2d72f32b3d2b,Electric,2015-2020 Fleet (1600 - <2000 cc),GHG_TOTAL_KGCO2_e,0.0175256,Unknown
Travel,Light Passenger Vehicle,Rental car default,PHEV (Diesel) - Diesel consumption,km,66431752-dac4-4d83-bb06-f6aa7e14868c,PHEV (Diesel) - Diesel consumption,2015-2020 Fleet (1600 - <2000 cc),GHG_CH4_KGCO2_e,0.000123714,Unknown
Travel,Light Passenger Vehicle,Rental car default,PHEV (Diesel) - Diesel consumption,km,66431752-dac4-4d83-bb06-f6aa7e14868c,PHEV (Diesel) - Diesel consumption,2015-2020 Fleet (1600 - <2000 cc),GHG_CO2_KGCO2_e,0.0824055,Unknown
Travel,Light Passenger Vehicle,Rental car default,PHEV (Diesel) - Diesel consumption,km,66431752-dac4-4d83-bb06-f6aa7e14868c,PHEV (Diesel) - Diesel consumption,2015-2020 Fleet (1600 - <2000 cc),GHG_N2O_KGCO2_e,0.00117086,Unknown
Travel,Light Passenger Vehicle,Rental car default,PHEV (Diesel) - Diesel consumption,km,66431752-dac4-4d83-bb06-f6aa7e14868c,PHEV (Diesel) - Diesel consumption,2015-2020 Fleet (1600 - <2000 cc),GHG_TOTAL_KGCO2_e,0.0837,Unknown
Travel,Light Passenger Vehicle,Rental car default,PHEV (Diesel) - Electricity consumption,km,15463a81-c80f-4610-b018-f0b6330d2b9b,PHEV (Diesel) - Electricity consumption,2015-2020 Fleet (1600 - <2000 cc),GHG_CH4_KGCO2_e,0.000251799,Unknown
Travel,Light Passenger Vehicle,Rental car default,PHEV (Diesel) - Electricity consumption,km,15463a81-c80f-4610-b018-f0b6330d2b9b,PHEV (Diesel) - Electricity consumption,2015-2020 Fleet (1600 - <2000 cc),GHG_CO2_KGCO2_e,0.00796366,Unknown
Travel,Light Passenger Vehicle,Rental car default,PHEV (Diesel) - Electricity consumption,km,15463a81-c80f-4610-b018-f0b6330d2b9b,PHEV (Diesel) - Electricity consumption,2015-2020 Fleet (1600 - <2000 cc),GHG_N2O_KGCO2_e,0.0000128447,Unknown
Travel,Light Passenger Vehicle,Rental car default,PHEV (Diesel) - Electricity consumption,km,15463a81-c80f-4610-b018-f0b6330d2b9b,PHEV (Diesel) - Electricity consumption,2015-2020 Fleet (1600 - <2000 cc),GHG_TOTAL_KGCO2_e,0.0082283,Unknown
Travel,Light Passenger Vehicle,Rental car default,PHEV (Petrol) - Electricity consumption,km,65e09de8-ba52-44b0-9671-3857356ecce7,PHEV (Petrol) - Electricity consumption,2015-2020 Fleet (1600 - <2000 cc),GHG_CH4_KGCO2_e,0.000255641,Unknown
Travel,Light Passenger Vehicle,Rental car default,PHEV (Petrol) - Electricity consumption,km,65e09de8-ba52-44b0-9671-3857356ecce7,PHEV (Petrol) - Electricity consumption,2015-2020 Fleet (1600 - <2000 cc),GHG_CO2_KGCO2_e,0.00808517,Unknown
Travel,Light Passenger Vehicle,Rental car default,PHEV (Petrol) - Electricity consumption,km,65e09de8-ba52-44b0-9671-3857356ecce7,PHEV (Petrol) - Electricity consumption,2015-2020 Fleet (1600 - <2000 cc),GHG_N2O_KGCO2_e,0.0000130406,Unknown
Travel,Light Passenger Vehicle,Rental car default,PHEV (Petrol) - Electricity consumption,km,65e09de8-ba52-44b0-9671-3857356ecce7,PHEV (Petrol) - Electricity consumption,2015-2020 Fleet (1600 - <2000 cc),GHG_TOTAL_KGCO2_e,0.00835385,Unknown
Travel,Light Passenger Vehicle,Rental car default,PHEV (Petrol) - Petrol consumption,km,4784770c-e341-402f-8c27-28aca8d996a0,PHEV (Petrol) - Petrol consumption,2015-2020 Fleet (1600 - <2000 cc),GHG_CH4_KGCO2_e,0.000956909,Unknown
Travel,Light Passenger Vehicle,Rental car default,PHEV (Petrol) - Petrol consumption,km,4784770c-e341-402f-8c27-28aca8d996a0,PHEV (Petrol) - Petrol consumption,2015-2020 Fleet (1600 - <2000 cc),GHG_CO2_KGCO2_e,0.0716418,Unknown
Travel,Light Passenger Vehicle,Rental car default,PHEV (Petrol) - Petrol consumption,km,4784770c-e341-402f-8c27-28aca8d996a0,PHEV (Petrol) - Petrol consumption,2015-2020 Fleet (1600 - <2000 cc),GHG_N2O_KGCO2_e,0.0021955,Unknown
Travel,Light Passenger Vehicle,Rental car default,PHEV (Petrol) - Petrol consumption,km,4784770c-e341-402f-8c27-28aca8d996a0,PHEV (Petrol) - Petrol consumption,2015-2020 Fleet (1600 - <2000 cc),GHG_TOTAL_KGCO2_e,0.0747942,Unknown
Travel,Light Passenger Vehicle,Rental car default,Petrol,km,42633150-8ed9-41ba-9636-dab8cdf51d6e,Petrol,2015-2020 Fleet (1600 - <2000 cc),GHG_CH4_KGCO2_e,0.00231608,Unknown
Travel,Light Passenger Vehicle,Rental car default,Petrol,km,42633150-8ed9-41ba-9636-dab8cdf51d6e,Petrol,2015-2020 Fleet (1600 - <2000 cc),GHG_CO2_KGCO2_e,0.1734,Unknown
Travel,Light Passenger Vehicle,Rental car default,Petrol,km,42633150-8ed9-41ba-9636-dab8cdf51d6e,Petrol,2015-2020 Fleet (1600 - <2000 cc),GHG_N2O_KGCO2_e,0.00531396,Unknown
Travel,Light Passenger Vehicle,Rental car default,Petrol,km,42633150-8ed9-41ba-9636-dab8cdf51d6e,Petrol,2015-2020 Fleet (1600 - <2000 cc),GHG_TOTAL_KGCO2_e,0.18103,Unknown
Travel,Light Passenger Vehicle,Rental car default,Petrol hybrid,km,c2f80b27-9f76-4337-890c-19ee38b71e4a,Petrol hybrid,2015-2020 Fleet (1600 - <2000 cc),GHG_CH4_KGCO2_e,0.00182849,Unknown
Travel,Light Passenger Vehicle,Rental car default,Petrol hybrid,km,c2f80b27-9f76-4337-890c-19ee38b71e4a,Petrol hybrid,2015-2020 Fleet (1600 - <2000 cc),GHG_CO2_KGCO2_e,0.136895,Unknown
Travel,Light Passenger Vehicle,Rental car default,Petrol hybrid,km,c2f80b27-9f76-4337-890c-19ee38b71e4a,Petrol hybrid,2015-2020 Fleet (1600 - <2000 cc),GHG_N2O_KGCO2_e,0.00419523,Unknown
Travel,Light Passenger Vehicle,Rental car default,Petrol hybrid,km,c2f80b27-9f76-4337-890c-19ee38b71e4a,Petrol hybrid,2015-2020 Fleet (1600 - <2000 cc),GHG_TOTAL_KGCO2_e,0.142919,Unknown
Travel,Public Transport Passenger Travel,Bus,Average Bus,pkm,bf29d192-e1dd-4f0d-b5b0-722845b9bfa3,Average Bus,No Assumptions,GHG_CH4_KGCO2_e,0.000278103,Unknown
Travel,Public Transport Passenger Travel,Bus,Average Bus,pkm,bf29d192-e1dd-4f0d-b5b0-722845b9bfa3,Average Bus,No Assumptions,GHG_CO2_KGCO2_e,0.142654,Unknown
Travel,Public Transport Passenger Travel,Bus,Average Bus,pkm,bf29d192-e1dd-4f0d-b5b0-722845b9bfa3,Average Bus,No Assumptions,GHG_N2O_KGCO2_e,0.00199331,Unknown
Travel,Public Transport Passenger Travel,Bus,Average Bus,pkm,bf29d192-e1dd-4f0d-b5b0-722845b9bfa3,Average Bus,No Assumptions,GHG_TOTAL_KGCO2_e,0.144925,Unknown
Travel,Public Transport Passenger Travel,Bus,Diesel Bus,pkm,20521890-0f01-4174-841b-e7d3a9ad4b4b,Diesel Bus,No Assumptions,GHG_CH4_KGCO2_e,0.000249048,Unknown
Travel,Public Transport Passenger Travel,Bus,Diesel Bus,pkm,20521890-0f01-4174-841b-e7d3a9ad4b4b,Diesel Bus,No Assumptions,GHG_CO2_KGCO2_e,0.16589,Unknown
Travel,Public Transport Passenger Travel,Bus,Diesel Bus,pkm,20521890-0f01-4174-841b-e7d3a9ad4b4b,Diesel Bus,No Assumptions,GHG_N2O_KGCO2_e,0.00235706,Unknown
Travel,Public Transport Passenger Travel,Bus,Diesel Bus,pkm,20521890-0f01-4174-841b-e7d3a9ad4b4b,Diesel Bus,No Assumptions,GHG_TOTAL_KGCO2_e,0.168496,Unknown
Travel,Public Transport Passenger Travel,Bus,Electric Bus,pkm,c9fb6c0e-a5a5-4084-b946-03b6ed424994,Electric Bus,No Assumptions,GHG_CH4_KGCO2_e,0.000434797,Unknown
Travel,Public Transport Passenger Travel,Bus,Electric Bus,pkm,c9fb6c0e-a5a5-4084-b946-03b6ed424994,Electric Bus,No Assumptions,GHG_CO2_KGCO2_e,0.0171104,Unknown
Travel,Public Transport Passenger Travel,Bus,Electric Bus,pkm,c9fb6c0e-a5a5-4084-b946-03b6ed424994,Electric Bus,No Assumptions,GHG_N2O_KGCO2_e,0.0000281847,Unknown
Travel,Public Transport Passenger Travel,Bus,Electric Bus,pkm,c9fb6c0e-a5a5-4084-b946-03b6ed424994,Electric Bus,No Assumptions,GHG_TOTAL_KGCO2_e,0.0175734,Unknown
Travel,Public Transport Passenger Travel,Bus,Hydrogen Bus,pkm,4a947142-f60e-4d23-85cb-d64cf3ed6bca,Hydrogen Bus,No Assumptions,GHG_CH4_KGCO2_e,0.000808818,Unknown
Travel,Public Transport Passenger Travel,Bus,Hydrogen Bus,pkm,4a947142-f60e-4d23-85cb-d64cf3ed6bca,Hydrogen Bus,No Assumptions,GHG_CO2_KGCO2_e,0.0324063,Unknown
Travel,Public Transport Passenger Travel,Bus,Hydrogen Bus,pkm,4a947142-f60e-4d23-85cb-d64cf3ed6bca,Hydrogen Bus,No Assumptions,GHG_N2O_KGCO2_e,0.0000526118,Unknown
Travel,Public Transport Passenger Travel,Bus,Hydrogen Bus,pkm,4a947142-f60e-4d23-85cb-d64cf3ed6bca,Hydrogen Bus,No Assumptions,GHG_TOTAL_KGCO2_e,0.0332677,Unknown
Travel,Public Transport Passenger Travel,Bus,National Average for Bus,pkm,d4af640d-022e-4812-a5e0-51f45109608d,National Average for Bus,Factors unchanged from previous edition,GHG_CH4_KGCO2_e,0.000125,Unknown
Travel,Public Transport Passenger Travel,Bus,National Average for Bus,pkm,d4af640d-022e-4812-a5e0-51f45109608d,National Average for Bus,Factors unchanged from previous edition,GHG_CO2_KGCO2_e,0.153,Unknown
Travel,Public Transport Passenger Travel,Bus,National Average for Bus,pkm,d4af640d-022e-4812-a5e0-51f45109608d,National Average for Bus,Factors unchanged from previous edition,GHG_N2O_KGCO2_e,0.002125,Unknown
Travel,Public Transport Passenger Travel,Bus,National Average for Bus,pkm,d4af640d-022e-4812-a5e0-51f45109608d,National Average for Bus,Factors unchanged from previous edition,GHG_TOTAL_KGCO2_e,0.15525,Unknown
Travel,Public Transport Passenger Travel,Ferry,Ferry Average,pkm,9b483de8-d6f8-4879-909b-86594cba42e7,Ferry Average,No Assumptions,GHG_CH4_KGCO2_e,0.000978068,Unknown
Travel,Public Transport Passenger Travel,Ferry,Ferry Average,pkm,9b483de8-d6f8-4879-909b-86594cba42e7,Ferry Average,No Assumptions,GHG_CO2_KGCO2_e,0.651489,Unknown
Travel,Public Transport Passenger Travel,Ferry,Ferry Average,pkm,9b483de8-d6f8-4879-909b-86594cba42e7,Ferry Average,No Assumptions,GHG_N2O_KGCO2_e,0.00925671,Unknown
Travel,Public Transport Passenger Travel,Ferry,Ferry Average,pkm,9b483de8-d6f8-4879-909b-86594cba42e7,Ferry Average,No Assumptions,GHG_TOTAL_KGCO2_e,0.661724,Unknown
Travel,Public Transport Passenger Travel,Rail,Metropolitan Average,pkm,de4f0439-640c-4f28-9a76-dbbac99ffbde,Metropolitan Average,No Assumptions,GHG_CH4_KGCO2_e,0.00051988,Unknown
Travel,Public Transport Passenger Travel,Rail,Metropolitan Average,pkm,de4f0439-640c-4f28-9a76-dbbac99ffbde,Metropolitan Average,No Assumptions,GHG_CO2_KGCO2_e,0.0263842,Unknown
Travel,Public Transport Passenger Travel,Rail,Metropolitan Average,pkm,de4f0439-640c-4f28-9a76-dbbac99ffbde,Metropolitan Average,No Assumptions,GHG_N2O_KGCO2_e,0.000135611,Unknown
Travel,Public Transport Passenger Travel,Rail,Metropolitan Average,pkm,de4f0439-640c-4f28-9a76-dbbac99ffbde,Metropolitan Average,No Assumptions,GHG_TOTAL_KGCO2_e,0.0270397,Unknown
Travel,Public Transport Passenger Travel,Rail,Metropolitan Diesel,pkm,c0574131-4954-4cc3-bf8f-0aac05d2d122,Metropolitan Diesel,No Assumptions,GHG_CH4_KGCO2_e,0.000404905,Unknown
Travel,Public Transport Passenger Travel,Rail,Metropolitan Diesel,pkm,c0574131-4954-4cc3-bf8f-0aac05d2d122,Metropolitan Diesel,No Assumptions,GHG_CO2_KGCO2_e,0.269706,Unknown
Travel,Public Transport Passenger Travel,Rail,Metropolitan Diesel,pkm,c0574131-4954-4cc3-bf8f-0aac05d2d122,Metropolitan Diesel,No Assumptions,GHG_N2O_KGCO2_e,0.00383213,Unknown
Travel,Public Transport Passenger Travel,Rail,Metropolitan Diesel,pkm,c0574131-4954-4cc3-bf8f-0aac05d2d122,Metropolitan Diesel,No Assumptions,GHG_TOTAL_KGCO2_e,0.273943,Unknown
Travel,Public Transport Passenger Travel,Rail,Metropolitan Electric,pkm,1b73ccbf-7f5e-4a85-859c-d2d5bc3f01d6,Metropolitan Electric,No Assumptions,GHG_CH4_KGCO2_e,0.000522958,Unknown
Travel,Public Transport Passenger Travel,Rail,Metropolitan Electric,pkm,1b73ccbf-7f5e-4a85-859c-d2d5bc3f01d6,Metropolitan Electric,No Assumptions,GHG_CO2_KGCO2_e,0.019871,Unknown
Travel,Public Transport Passenger Travel,Rail,Metropolitan Electric,pkm,1b73ccbf-7f5e-4a85-859c-d2d5bc3f01d6,Metropolitan Electric,No Assumptions,GHG_N2O_KGCO2_e,0.0000366631,Unknown
Travel,Public Transport Passenger Travel,Rail,Metropolitan Electric,pkm,1b73ccbf-7f5e-4a85-859c-d2d5bc3f01d6,Metropolitan Electric,No Assumptions,GHG_TOTAL_KGCO2_e,0.0204306,Unknown
Travel,Public Transport Vehicle,Public Transport Vehicle,Diesel bus: 7500 - 12000 kg,km,7136e4d2-4719-4e6b-90fa-280521c2467b,Diesel bus: 7500 - 12000 kg,Pre-2010 Fleet fuel consumption,GHG_CH4_KGCO2_e,0.00114973,Unknown
Travel,Public Transport Vehicle,Public Transport Vehicle,Diesel bus: 7500 - 12000 kg,km,7136e4d2-4719-4e6b-90fa-280521c2467b,Diesel bus: 7500 - 12000 kg,Pre-2010 Fleet fuel consumption,GHG_CO2_KGCO2_e,0.765833,Unknown
Travel,Public Transport Vehicle,Public Transport Vehicle,Diesel bus: 7500 - 12000 kg,km,7136e4d2-4719-4e6b-90fa-280521c2467b,Diesel bus: 7500 - 12000 kg,Pre-2010 Fleet fuel consumption,GHG_N2O_KGCO2_e,0.0108814,Unknown
Travel,Public Transport Vehicle,Public Transport Vehicle,Diesel bus: 7500 - 12000 kg,km,7136e4d2-4719-4e6b-90fa-280521c2467b,Diesel bus: 7500 - 12000 kg,Pre-2010 Fleet fuel consumption,GHG_TOTAL_KGCO2_e,0.777864,Unknown
Travel,Public Transport Vehicle,Public Transport Vehicle,Diesel bus: < 7500 kg,km,3d20bae5-23a4-4518-a359-799366283f6b,Diesel bus: <7500 kg,Pre-2010 Fleet fuel consumption,GHG_CH4_KGCO2_e,0.000830057,Unknown
Travel,Public Transport Vehicle,Public Transport Vehicle,Diesel bus: < 7500 kg,km,3d20bae5-23a4-4518-a359-799366283f6b,Diesel bus: <7500 kg,Pre-2010 Fleet fuel consumption,GHG_CO2_KGCO2_e,0.5529,Unknown
Travel,Public Transport Vehicle,Public Transport Vehicle,Diesel bus: < 7500 kg,km,3d20bae5-23a4-4518-a359-799366283f6b,Diesel bus: <7500 kg,Pre-2010 Fleet fuel consumption,GHG_N2O_KGCO2_e,0.0078559,Unknown
Travel,Public Transport Vehicle,Public Transport Vehicle,Diesel bus: < 7500 kg,km,3d20bae5-23a4-4518-a359-799366283f6b,Diesel bus: <7500 kg,Pre-2010 Fleet fuel consumption,GHG_TOTAL_KGCO2_e,0.561585,Unknown
Travel,Public Transport Vehicle,Public Transport Vehicle,Diesel bus: ≥ 12000 kg,km,c8ffd029-3c31-4f24-b2e4-88fdd89aecd9,Diesel bus: >=12000 kg,Pre-2010 Fleet fuel consumption,GHG_CH4_KGCO2_e,0.00159348,Unknown
Travel,Public Transport Vehicle,Public Transport Vehicle,Diesel bus: ≥ 12000 kg,km,c8ffd029-3c31-4f24-b2e4-88fdd89aecd9,Diesel bus: >=12000 kg,Pre-2010 Fleet fuel consumption,GHG_CO2_KGCO2_e,1.06142,Unknown
Travel,Public Transport Vehicle,Public Transport Vehicle,Diesel bus: ≥ 12000 kg,km,c8ffd029-3c31-4f24-b2e4-88fdd89aecd9,Diesel bus: >=12000 kg,Pre-2010 Fleet fuel consumption,GHG_N2O_KGCO2_e,0.0150812,Unknown
Travel,Public Transport Vehicle,Public Transport Vehicle,Diesel bus: ≥ 12000 kg,km,c8ffd029-3c31-4f24-b2e4-88fdd89aecd9,Diesel bus: >=12000 kg,Pre-2010 Fleet fuel consumption,GHG_TOTAL_KGCO2_e,1.07809,Unknown
Travel,Public Transport Vehicle,Public Transport Vehicle,Diesel hybrid bus: 7500 - 12000 kg,km,c4315c68-f74b-4ff6-8508-4a968cd8e44b,Diesel hybrid bus: 7500 - 12000 kg,Pre-2010 Fleet fuel consumption,GHG_CH4_KGCO2_e,0.000813605,Unknown
Travel,Public Transport Vehicle,Public Transport Vehicle,Diesel hybrid bus: 7500 - 12000 kg,km,c4315c68-f74b-4ff6-8508-4a968cd8e44b,Diesel hybrid bus: 7500 - 12000 kg,Pre-2010 Fleet fuel consumption,GHG_CO2_KGCO2_e,0.541941,Unknown
Travel,Public Transport Vehicle,Public Transport Vehicle,Diesel hybrid bus: 7500 - 12000 kg,km,c4315c68-f74b-4ff6-8508-4a968cd8e44b,Diesel hybrid bus: 7500 - 12000 kg,Pre-2010 Fleet fuel consumption,GHG_N2O_KGCO2_e,0.00770019,Unknown
Travel,Public Transport Vehicle,Public Transport Vehicle,Diesel hybrid bus: 7500 - 12000 kg,km,c4315c68-f74b-4ff6-8508-4a968cd8e44b,Diesel hybrid bus: 7500 - 12000 kg,Pre-2010 Fleet fuel consumption,GHG_TOTAL_KGCO2_e,0.550454,Unknown
Travel,Public Transport Vehicle,Public Transport Vehicle,Diesel hybrid bus: < 7500 kg,km,9fd8f789-4cd6-4f77-836d-7c564e57ad51,Diesel hybrid bus: <7500 kg,Pre-2010 Fleet fuel consumption,GHG_CH4_KGCO2_e,0.000587389,Unknown
Travel,Public Transport Vehicle,Public Transport Vehicle,Diesel hybrid bus: < 7500 kg,km,9fd8f789-4cd6-4f77-836d-7c564e57ad51,Diesel hybrid bus: <7500 kg,Pre-2010 Fleet fuel consumption,GHG_CO2_KGCO2_e,0.391258,Unknown
Travel,Public Transport Vehicle,Public Transport Vehicle,Diesel hybrid bus: < 7500 kg,km,9fd8f789-4cd6-4f77-836d-7c564e57ad51,Diesel hybrid bus: <7500 kg,Pre-2010 Fleet fuel consumption,GHG_N2O_KGCO2_e,0.00555921,Unknown
Travel,Public Transport Vehicle,Public Transport Vehicle,Diesel hybrid bus: < 7500 kg,km,9fd8f789-4cd6-4f77-836d-7c564e57ad51,Diesel hybrid bus: <7500 kg,Pre-2010 Fleet fuel consumption,GHG_TOTAL_KGCO2_e,0.397405,Unknown
Travel,Public Transport Vehicle,Public Transport Vehicle,Diesel hybrid bus: ≥ 12000 kg,km,6788a322-496b-4b58-90d9-a1c1f40d5802,Diesel hybrid bus: >=12000 kg,Pre-2010 Fleet fuel consumption,GHG_CH4_KGCO2_e,0.00112763,Unknown
Travel,Public Transport Vehicle,Public Transport Vehicle,Diesel hybrid bus: ≥ 12000 kg,km,6788a322-496b-4b58-90d9-a1c1f40d5802,Diesel hybrid bus: >=12000 kg,Pre-2010 Fleet fuel consumption,GHG_CO2_KGCO2_e,0.75111,Unknown
Travel,Public Transport Vehicle,Public Transport Vehicle,Diesel hybrid bus: ≥ 12000 kg,km,6788a322-496b-4b58-90d9-a1c1f40d5802,Diesel hybrid bus: >=12000 kg,Pre-2010 Fleet fuel consumption,GHG_N2O_KGCO2_e,0.0106722,Unknown
Travel,Public Transport Vehicle,Public Transport Vehicle,Diesel hybrid bus: ≥ 12000 kg,km,6788a322-496b-4b58-90d9-a1c1f40d5802,Diesel hybrid bus: >=12000 kg,Pre-2010 Fleet fuel consumption,GHG_TOTAL_KGCO2_e,0.762909,Unknown
Travel,Public Transport Vehicle,Public Transport Vehicle,Electric bus: 7500 - 12000 kg,km,f54edf9e-9daa-43cc-9a41-72b22ad7a279,Electric bus: 7500 - 12000 kg,Pre-2010 Fleet fuel consumption,GHG_CH4_KGCO2_e,0.00206916,Unknown
Travel,Public Transport Vehicle,Public Transport Vehicle,Electric bus: 7500 - 12000 kg,km,f54edf9e-9daa-43cc-9a41-72b22ad7a279,Electric bus: 7500 - 12000 kg,Pre-2010 Fleet fuel consumption,GHG_CO2_KGCO2_e,0.0654414,Unknown
Travel,Public Transport Vehicle,Public Transport Vehicle,Electric bus: 7500 - 12000 kg,km,f54edf9e-9daa-43cc-9a41-72b22ad7a279,Electric bus: 7500 - 12000 kg,Pre-2010 Fleet fuel consumption,GHG_N2O_KGCO2_e,0.000105551,Unknown
Travel,Public Transport Vehicle,Public Transport Vehicle,Electric bus: 7500 - 12000 kg,km,f54edf9e-9daa-43cc-9a41-72b22ad7a279,Electric bus: 7500 - 12000 kg,Pre-2010 Fleet fuel consumption,GHG_TOTAL_KGCO2_e,0.0676162,Unknown
Travel,Public Transport Vehicle,Public Transport Vehicle,Electric bus: < 7500 kg,km,0042f268-e62c-41fc-b51c-23467dbc9807,Electric bus: <7500 kg,Pre-2010 Fleet fuel consumption,GHG_CH4_KGCO2_e,0.00149385,Unknown
Travel,Public Transport Vehicle,Public Transport Vehicle,Electric bus: < 7500 kg,km,0042f268-e62c-41fc-b51c-23467dbc9807,Electric bus: <7500 kg,Pre-2010 Fleet fuel consumption,GHG_CO2_KGCO2_e,0.047246,Unknown
Travel,Public Transport Vehicle,Public Transport Vehicle,Electric bus: < 7500 kg,km,0042f268-e62c-41fc-b51c-23467dbc9807,Electric bus: <7500 kg,Pre-2010 Fleet fuel consumption,GHG_N2O_KGCO2_e,0.0000762035,Unknown
Travel,Public Transport Vehicle,Public Transport Vehicle,Electric bus: < 7500 kg,km,0042f268-e62c-41fc-b51c-23467dbc9807,Electric bus: <7500 kg,Pre-2010 Fleet fuel consumption,GHG_TOTAL_KGCO2_e,0.048816,Unknown
Travel,Public Transport Vehicle,Public Transport Vehicle,Electric bus: ≥ 12000 kg,km,c8078d63-fc30-4a36-baf4-02de5c5b69d1,Electric bus: >=12000 kg,Pre-2010 Fleet fuel consumption,GHG_CH4_KGCO2_e,0.00286778,Unknown
Travel,Public Transport Vehicle,Public Transport Vehicle,Electric bus: ≥ 12000 kg,km,c8078d63-fc30-4a36-baf4-02de5c5b69d1,Electric bus: >=12000 kg,Pre-2010 Fleet fuel consumption,GHG_CO2_KGCO2_e,0.0906994,Unknown
Travel,Public Transport Vehicle,Public Transport Vehicle,Electric bus: ≥ 12000 kg,km,c8078d63-fc30-4a36-baf4-02de5c5b69d1,Electric bus: >=12000 kg,Pre-2010 Fleet fuel consumption,GHG_N2O_KGCO2_e,0.00014629,Unknown
Travel,Public Transport Vehicle,Public Transport Vehicle,Electric bus: ≥ 12000 kg,km,c8078d63-fc30-4a36-baf4-02de5c5b69d1,Electric bus: >=12000 kg,Pre-2010 Fleet fuel consumption,GHG_TOTAL_KGCO2_e,0.0937135,Unknown
Travel,Taxi Travel,Taxi Travel,Electric,km,52c47979-b364-454d-bc05-f8630eb46c39,Electric,2010-2015 vehicle (2000 - 3000cc),GHG_CH4_KGCO2_e,0.000622819,Unknown
Travel,Taxi Travel,Taxi Travel,Electric,km,52c47979-b364-454d-bc05-f8630eb46c39,Electric,2010-2015 vehicle (2000 - 3000cc),GHG_CO2_KGCO2_e,0.019698,Unknown
Travel,Taxi Travel,Taxi Travel,Electric,km,52c47979-b364-454d-bc05-f8630eb46c39,Electric,2010-2015 vehicle (2000 - 3000cc),GHG_N2O_KGCO2_e,0.000031771,Unknown
Travel,Taxi Travel,Taxi Travel,Electric,km,52c47979-b364-454d-bc05-f8630eb46c39,Electric,2010-2015 vehicle (2000 - 3000cc),GHG_TOTAL_KGCO2_e,0.0203526,Unknown
Travel,Taxi Travel,Taxi Travel,Electric - dollars spent,$,44c69d71-8ae1-4342-b1f9-349d5f624dd2,Electric - dollars spent,Average price of $3.91 per km,GHG_CH4_KGCO2_e,0.000159289,Unknown
Travel,Taxi Travel,Taxi Travel,Electric - dollars spent,$,44c69d71-8ae1-4342-b1f9-349d5f624dd2,Electric - dollars spent,Average price of $3.91 per km,GHG_CO2_KGCO2_e,0.00503784,Unknown
Travel,Taxi Travel,Taxi Travel,Electric - dollars spent,$,44c69d71-8ae1-4342-b1f9-349d5f624dd2,Electric - dollars spent,Average price of $3.91 per km,GHG_N2O_KGCO2_e,0.00000812558,Unknown
Travel,Taxi Travel,Taxi Travel,Electric - dollars spent,$,44c69d71-8ae1-4342-b1f9-349d5f624dd2,Electric - dollars spent,Average price of $3.91 per km,GHG_TOTAL_KGCO2_e,0.00520526,Unknown
Travel,Taxi Travel,Taxi Travel,Petrol hybrid,km,4ef974e7-a3b0-412a-b336-33cb6302a6ab,Petrol hybrid,2010-2015 vehicle (2000 - 3000cc),GHG_CH4_KGCO2_e,0.00215745,Unknown
Travel,Taxi Travel,Taxi Travel,Petrol hybrid,km,4ef974e7-a3b0-412a-b336-33cb6302a6ab,Petrol hybrid,2010-2015 vehicle (2000 - 3000cc),GHG_CO2_KGCO2_e,0.161524,Unknown
Travel,Taxi Travel,Taxi Travel,Petrol hybrid,km,4ef974e7-a3b0-412a-b336-33cb6302a6ab,Petrol hybrid,2010-2015 vehicle (2000 - 3000cc),GHG_N2O_KGCO2_e,0.00494999,Unknown
Travel,Taxi Travel,Taxi Travel,Petrol hybrid,km,4ef974e7-a3b0-412a-b336-33cb6302a6ab,Petrol hybrid,2010-2015 vehicle (2000 - 3000cc),GHG_TOTAL_KGCO2_e,0.168631,Unknown
Travel,Taxi Travel,Taxi Travel,Petrol hybrid - dollars spent,$,30b71d3b-ab4b-4a68-995c-92d9fb6d3b62,Petrol hybrid - dollars spent,Average price of $3.91 per km,GHG_CH4_KGCO2_e,0.000551777,Unknown
Travel,Taxi Travel,Taxi Travel,Petrol hybrid - dollars spent,$,30b71d3b-ab4b-4a68-995c-92d9fb6d3b62,Petrol hybrid - dollars spent,Average price of $3.91 per km,GHG_CO2_KGCO2_e,0.0413104,Unknown
Travel,Taxi Travel,Taxi Travel,Petrol hybrid - dollars spent,$,30b71d3b-ab4b-4a68-995c-92d9fb6d3b62,Petrol hybrid - dollars spent,Average price of $3.91 per km,GHG_N2O_KGCO2_e,0.00126598,Unknown
Travel,Taxi Travel,Taxi Travel,Petrol hybrid - dollars spent,$,30b71d3b-ab4b-4a68-995c-92d9fb6d3b62,Petrol hybrid - dollars spent,Average price of $3.91 per km,GHG_TOTAL_KGCO2_e,0.0431282,Unknown
Travel,Taxi Travel,Taxi Travel,Regular,km,3e63aab2-b57c-42ad-b92d-6aac1d33cd4c,Regular,Average of vehicle types,GHG_CH4_KGCO2_e,0.00146452,Unknown
Travel,Taxi Travel,Taxi Travel,Regular,km,3e63aab2-b57c-42ad-b92d-6aac1d33cd4c,Regular,Average of vehicle types,GHG_CO2_KGCO2_e,0.153913,Unknown
Travel,Taxi Travel,Taxi Travel,Regular,km,3e63aab2-b57c-42ad-b92d-6aac1d33cd4c,Regular,Average of vehicle types,GHG_N2O_KGCO2_e,0.00362933,Unknown
Travel,Taxi Travel,Taxi Travel,Regular,km,3e63aab2-b57c-42ad-b92d-6aac1d33cd4c,Regular,Average of vehicle types,GHG_TOTAL_KGCO2_e,0.159006,Unknown
Travel,Taxi Travel,Taxi Travel,Regular - dollars spent,$,ed8f7041-5b42-4042-8292-1ea57e3cb8c1,Regular - dollars spent,Average price of $3.91 per km,GHG_CH4_KGCO2_e,0.000374557,Unknown
Travel,Taxi Travel,Taxi Travel,Regular - dollars spent,$,ed8f7041-5b42-4042-8292-1ea57e3cb8c1,Regular - dollars spent,Average price of $3.91 per km,GHG_CO2_KGCO2_e,0.0393638,Unknown
Travel,Taxi Travel,Taxi Travel,Regular - dollars spent,$,ed8f7041-5b42-4042-8292-1ea57e3cb8c1,Regular - dollars spent,Average price of $3.91 per km,GHG_N2O_KGCO2_e,0.000928218,Unknown
Travel,Taxi Travel,Taxi Travel,Regular - dollars spent,$,ed8f7041-5b42-4042-8292-1ea57e3cb8c1,Regular - dollars spent,Average price of $3.91 per km,GHG_TOTAL_KGCO2_e,0.0406666,Unknown
Water Supply and Wastewater,Wastewater Treatment,Domestic Wastewater,Average for wastewater treatment plants (m3),m3 of water supplied,e984a7f9-0d14-434f-a390-7b84fd5ab7d8,Average for wastewater treatment plants (m3),Part of the calculations are based on IPCC defaults,GHG_CH4_KGCO2_e,0.203746,The uncertainty for domestic and industrial wastewater methane and nitrous oxide emission factors are ±40% and ±90% respectively
Water Supply and Wastewater,Wastewater Treatment,Domestic Wastewater,Average for wastewater treatment plants (m3),m3 of water supplied,e984a7f9-0d14-434f-a390-7b84fd5ab7d8,Average for wastewater treatment plants (m3),Part of the calculations are based on IPCC defaults,GHG_CO2_KGCO2_e,0.0628711,The uncertainty for domestic and industrial wastewater methane and nitrous oxide emission factors are ±40% and ±90% respectively
Water Supply and Wastewater,Wastewater Treatment,Domestic Wastewater,Average for wastewater treatment plants (m3),m3 of water supplied,e984a7f9-0d14-434f-a390-7b84fd5ab7d8,Average for wastewater treatment plants (m3),Part of the calculations are based on IPCC defaults,GHG_N2O_KGCO2_e,0.228381,The uncertainty for domestic and industrial wastewater methane and nitrous oxide emission factors are ±40% and ±90% respectively
Water Supply and Wastewater,Wastewater Treatment,Domestic Wastewater,Average for wastewater treatment plants (m3),m3 of water supplied,e984a7f9-0d14-434f-a390-7b84fd5ab7d8,Average for wastewater treatment plants (m3),Part of the calculations are based on IPCC defaults,GHG_TOTAL_KGCO2_e,0.494999,The uncertainty for domestic and industrial wastewater methane and nitrous oxide emission factors are ±40% and ±90% respectively
Water Supply and Wastewater,Wastewater Treatment,Domestic Wastewater,Average for wastewater treatment plants (per capita),per capita,51727d55-2061-4b6d-a361-2c271d0824fb,Average for wastewater treatment plants (per capita),Part of the calculations are based on IPCC defaults,GHG_CH4_KGCO2_e,18.8026,The uncertainty for domestic and industrial wastewater methane and nitrous oxide emission factors are ±40% and ±90% respectively
Water Supply and Wastewater,Wastewater Treatment,Domestic Wastewater,Average for wastewater treatment plants (per capita),per capita,51727d55-2061-4b6d-a361-2c271d0824fb,Average for wastewater treatment plants (per capita),Part of the calculations are based on IPCC defaults,GHG_CO2_KGCO2_e,5.80203,The uncertainty for domestic and industrial wastewater methane and nitrous oxide emission factors are ±40% and ±90% respectively
Water Supply and Wastewater,Wastewater Treatment,Domestic Wastewater,Average for wastewater treatment plants (per capita),per capita,51727d55-2061-4b6d-a361-2c271d0824fb,Average for wastewater treatment plants (per capita),Part of the calculations are based on IPCC defaults,GHG_N2O_KGCO2_e,21.0761,The uncertainty for domestic and industrial wastewater methane and nitrous oxide emission factors are ±40% and ±90% respectively
Water Supply and Wastewater,Wastewater Treatment,Domestic Wastewater,Average for wastewater treatment plants (per capita),per capita,51727d55-2061-4b6d-a361-2c271d0824fb,Average for wastewater treatment plants (per capita),Part of the calculations are based on IPCC defaults,GHG_TOTAL_KGCO2_e,45.6807,The uncertainty for domestic and industrial wastewater methane and nitrous oxide emission factors are ±40% and ±90% respectively
Water Supply and Wastewater,Wastewater Treatment,Domestic Wastewater,Septic tanks,per capita,df9ec6e8-725c-4381-a59e-3e6e140c357b,Septic tanks,Part of the calculations are based on IPCC defaults,GHG_CH4_KGCO2_e,149.9,The uncertainty for domestic and industrial wastewater methane and nitrous oxide emission factors are ±40% and ±90% respectively
Water Supply and Wastewater,Wastewater Treatment,Domestic Wastewater,Septic tanks,per capita,df9ec6e8-725c-4381-a59e-3e6e140c357b,Septic tanks,Part of the calculations are based on IPCC defaults,GHG_N2O_KGCO2_e,25.3,The uncertainty for domestic and industrial wastewater methane and nitrous oxide emission factors are ±40% and ±90% respectively
Water Supply and Wastewater,Wastewater Treatment,Domestic Wastewater,Septic tanks,per capita,df9ec6e8-725c-4381-a59e-3e6e140c357b,Septic tanks,Part of the calculations are based on IPCC defaults,GHG_TOTAL_KGCO2_e,175.2,The uncertainty for domestic and industrial wastewater methane and nitrous oxide emission factors are ±40% and ±90% respectively
Water Supply and Wastewater,Wastewater Treatment,Industrial Wastewater,Dairy processing,m3 of milk,475a9ed1-b3e2-4f61-8f2a-ccdf36543ca9,Dairy processing,Part of the calculations are based on IPCC defaults,GHG_N2O_KGCO2_e,0.102242,The uncertainty for domestic and industrial wastewater methane and nitrous oxide emission factors are ±40% and ±90% respectively
Water Supply and Wastewater,Wastewater Treatment,Industrial Wastewater,Dairy processing,m3 of milk,475a9ed1-b3e2-4f61-8f2a-ccdf36543ca9,Dairy processing,Part of the calculations are based on IPCC defaults,GHG_TOTAL_KGCO2_e,0.102242,The uncertainty for domestic and industrial wastewater methane and nitrous oxide emission factors are ±40% and ±90% respectively
Water Supply and Wastewater,Wastewater Treatment,Industrial Wastewater,Meat (excl poultry),tonne of kills,498f4bca-4014-43ec-9930-309085b8d3bb,Meat (excl poultry),Part of the calculations are based on IPCC defaults,GHG_CH4_KGCO2_e,50.05,The uncertainty for domestic and industrial wastewater methane and nitrous oxide emission factors are ±40% and ±90% respectively
Water Supply and Wastewater,Wastewater Treatment,Industrial Wastewater,Meat (excl poultry),tonne of kills,498f4bca-4014-43ec-9930-309085b8d3bb,Meat (excl poultry),Part of the calculations are based on IPCC defaults,GHG_N2O_KGCO2_e,2.52606,The uncertainty for domestic and industrial wastewater methane and nitrous oxide emission factors are ±40% and ±90% respectively
Water Supply and Wastewater,Wastewater Treatment,Industrial Wastewater,Meat (excl poultry),tonne of kills,498f4bca-4014-43ec-9930-309085b8d3bb,Meat (excl poultry),Part of the calculations are based on IPCC defaults,GHG_TOTAL_KGCO2_e,52.5761,The uncertainty for domestic and industrial wastewater methane and nitrous oxide emission factors are ±40% and ±90% respectively
Water Supply and Wastewater,Wastewater Treatment,Industrial Wastewater,Poultry,tonne of kills,d10a5754-bf95-43a2-8a53-fa92790eed6f,Poultry,Part of the calculations are based on IPCC defaults,GHG_CH4_KGCO2_e,48.125,The uncertainty for domestic and industrial wastewater methane and nitrous oxide emission factors are ±40% and ±90% respectively
Water Supply and Wastewater,Wastewater Treatment,Industrial Wastewater,Poultry,tonne of kills,d10a5754-bf95-43a2-8a53-fa92790eed6f,Poultry,Part of the calculations are based on IPCC defaults,GHG_N2O_KGCO2_e,3.60731,The uncertainty for domestic and industrial wastewater methane and nitrous oxide emission factors are ±40% and ±90% respectively
Water Supply and Wastewater,Wastewater Treatment,Industrial Wastewater,Poultry,tonne of kills,d10a5754-bf95-43a2-8a53-fa92790eed6f,Poultry,Part of the calculations are based on IPCC defaults,GHG_TOTAL_KGCO2_e,51.7323,The uncertainty for domestic and industrial wastewater methane and nitrous oxide emission factors are ±40% and ±90% respectively
Water Supply and Wastewater,Wastewater Treatment,Industrial Wastewater,Pulp & paper,tonne of product,ff911f14-e0bf-442b-a8a8-15673799516a,Pulp & paper,Part of the calculations are based on IPCC defaults,GHG_CH4_KGCO2_e,11.7936,The uncertainty for domestic and industrial wastewater methane and nitrous oxide emission factors are ±40% and ±90% respectively
Water Supply and Wastewater,Wastewater Treatment,Industrial Wastewater,Pulp & paper,tonne of product,ff911f14-e0bf-442b-a8a8-15673799516a,Pulp & paper,Part of the calculations are based on IPCC defaults,GHG_TOTAL_KGCO2_e,11.7936,The uncertainty for domestic and industrial wastewater methane and nitrous oxide emission factors are ±40% and ±90% respectively
Water Supply and Wastewater,Wastewater Treatment,Industrial Wastewater,Wine,tonne of crushed grapes,d6141c07-2c07-474f-bac7-a4a6fbffcb41,Wine,Part of the calculations are based on IPCC defaults,GHG_CH4_KGCO2_e,5.79403,The uncertainty for domestic and industrial wastewater methane and nitrous oxide emission factors are ±40% and ±90% respectively
Water Supply and Wastewater,Wastewater Treatment,Industrial Wastewater,Wine,tonne of crushed grapes,d6141c07-2c07-474f-bac7-a4a6fbffcb41,Wine,Part of the calculations are based on IPCC defaults,GHG_TOTAL_KGCO2_e,5.79403,The uncertainty for domestic and industrial wastewater methane and nitrous oxide emission factors are ±40% and ±90% respectively
Water Supply and Wastewater,Water Supply,Water Supply,Water supply emission factors (m3),m3,91efaf93-eefe-4b09-b063-7073092f58e8,Water supply emission factors (m3),Based on energy related emissions,GHG_CH4_KGCO2_e,0.00115538,Unknown
Water Supply and Wastewater,Water Supply,Water Supply,Water supply emission factors (m3),m3,91efaf93-eefe-4b09-b063-7073092f58e8,Water supply emission factors (m3),Based on energy related emissions,GHG_CO2_KGCO2_e,0.0365414,Unknown
Water Supply and Wastewater,Water Supply,Water Supply,Water supply emission factors (m3),m3,91efaf93-eefe-4b09-b063-7073092f58e8,Water supply emission factors (m3),Based on energy related emissions,GHG_N2O_KGCO2_e,0.0000589379,Unknown
Water Supply and Wastewater,Water Supply,Water Supply,Water supply emission factors (m3),m3,91efaf93-eefe-4b09-b063-7073092f58e8,Water supply emission factors (m3),Based on energy related emissions,GHG_TOTAL_KGCO2_e,0.0377557,Unknown
Water Supply and Wastewater,Water Supply,Water Supply,Water supply emission factors (per capita),per capita,b5231554-3590-46b5-9d50-90253585fb07,Water supply emission factors (per capita),Population based on averages served by the data set in Water NZ,GHG_CH4_KGCO2_e,0.130064,Unknown
Water Supply and Wastewater,Water Supply,Water Supply,Water supply emission factors (per capita),per capita,b5231554-3590-46b5-9d50-90253585fb07,Water supply emission factors (per capita),Population based on averages served by the data set in Water NZ,GHG_CO2_KGCO2_e,4.11355,Unknown
Water Supply and Wastewater,Water Supply,Water Supply,Water supply emission factors (per capita),per capita,b5231554-3590-46b5-9d50-90253585fb07,Water supply emission factors (per capita),Population based on averages served by the data set in Water NZ,GHG_N2O_KGCO2_e,0.00663478,Unknown
Water Supply and Wastewater,Water Supply,Water Supply,Water supply emission factors (per capita),per capita,b5231554-3590-46b5-9d50-90253585fb07,Water supply emission factors (per capita),Population based on averages served by the data set in Water NZ,GHG_TOTAL_KGCO2_e,4.25025,Unknown
