group,Location,Account Number,Account Reference,Supplier,Account Style,Data Type,Opened On,Replaced On,open,Updated On,export_months,export_qty,export_tco2e
Cleanaway waste,Unallocated Cleanaway,18296273_Clinical,,Cleanaway,Clinical waste [t],Clinical Waste [t],,31 Dec 2024,False,2026/04/02 17:22,0,0.0,0.0
Cleanaway waste,Unallocated Cleanaway,18625468_Clinical,,Cleanaway,Clinical waste [t],Clinical Waste [t],,,True,2025/04/08 13:07,3,0.0,0.0
Cleanaway waste,Unallocated Cleanaway,18625490_Clinical,,Cleanaway,Clinical waste [t],Clinical Waste [t],,,True,2025/04/08 13:07,3,0.1,0.0
Cleanaway waste,Unallocated Cleanaway,18625567_Clinical,,Cleanaway,Clinical waste [t],Clinical Waste [t],,,True,2025/04/08 13:07,3,0.5,0.0
Cleanaway waste,Unallocated Cleanaway,18746413_Clinical,,Cleanaway,Clinical waste [t],Clinical Waste [t],,,True,2025/04/08 13:07,2,0.4,0.0
Cleanaway waste,Unallocated Cleanaway,18752916_Clinical,,Cleanaway,Clinical waste [t],Clinical Waste [t],,,True,2025/04/08 13:07,3,0.5,0.0
Cleanaway waste,Unallocated Cleanaway,18836518_Clinical,,Cleanaway,Clinical waste [t],Clinical Waste [t],,30 Sep 2024,False,2026/04/02 17:22,0,0.0,0.0
Cleanaway waste,Unallocated Cleanaway,18836705_Clinical,,Cleanaway,Clinical waste [t],Clinical Waste [t],,31 Dec 2024,False,2026/04/02 17:22,0,0.0,0.0
Cleanaway waste,Unallocated Cleanaway,18880639_Clinical,,Cleanaway,Clinical waste [t],Clinical Waste [t],,,True,2025/02/07 17:37,0,0.0,0.0
Cleanaway waste,Unallocated Cleanaway,19475621_Clinical,,Cleanaway,Clinical waste [t],Clinical Waste [t],,31 Aug 2024,False,2026/04/02 17:22,0,0.0,0.0
Cleanaway waste,Unallocated Cleanaway,4451222_Clinical,,Cleanaway,Clinical waste [t],Clinical Waste [t],,,True,2026/09/07 16:22,2,0.7,0.0
Cleanaway waste,Unallocated Cleanaway,4451224_Clinical,,Cleanaway,Clinical waste [t],Clinical Waste [t],,,True,2026/09/07 16:22,1,0.0,0.0
Cleanaway waste,Unallocated Cleanaway,4451225_Clinical,,Cleanaway,Clinical waste [t],Clinical Waste [t],,,True,2026/09/07 16:22,2,0.4,0.0
Cleanaway waste,Unallocated Cleanaway,4451575_Clinical,,Cleanaway,Clinical waste [t],Clinical Waste [t],,,True,2026/09/07 16:22,3,3.5,0.0
Cleanaway waste,Unallocated Cleanaway,4459285_Clinical,,Cleanaway,Clinical waste [t],Clinical Waste [t],,,True,2026/09/07 16:22,1,0.0,0.0
Cleanaway waste,Unallocated Cleanaway,4629107_Clinical,,Cleanaway,Clinical waste [t],Clinical Waste [t],,,True,2026/09/07 16:22,1,0.9,0.0
Cleanaway waste,Unallocated Cleanaway,48938745_Clinical,,Cleanaway,Clinical waste [t],Clinical Waste [t],,,True,2024/03/12 15:06,1,0.0,0.0
Cleanaway waste,Unallocated Cleanaway,48938756_Clinical,,Cleanaway,Clinical waste [t],Clinical Waste [t],,30 Nov 2023,False,2026/04/02 17:22,0,0.0,0.0
Cleanaway waste,Unallocated Cleanaway,49006134_Clinical,,Cleanaway,Clinical waste [t],Clinical Waste [t],,,True,2024/03/12 15:06,6,0.0,0.0
Cleanaway waste,Unallocated Cleanaway,49050068_Clinical,,Cleanaway,Clinical waste [t],Clinical Waste [t],,30 Apr 2024,False,2026/04/02 17:22,0,0.0,0.0
Cleanaway waste,Unallocated Cleanaway,49097430_Clinical,,Cleanaway,Clinical waste [t],Clinical Waste [t],,,True,2025/10/17 16:53,0,0.0,0.0
Cleanaway waste,Unallocated Cleanaway,49165877_Clinical,,Cleanaway,Clinical waste [t],Clinical Waste [t],,,True,2025/10/17 16:53,1,0.0,0.0
Cleanaway waste,Unallocated Cleanaway,73351316_Clinical,,Cleanaway,Clinical waste [t],Clinical Waste [t],,,True,2026/04/08 15:10,1,0.0,0.0
Cleanaway waste,Unallocated Cleanaway,73364973_Clinical,,Cleanaway,Clinical waste [t],Clinical Waste [t],,,True,2025/01/08 14:17,3,0.0,0.0
Cleanaway waste,Unallocated Cleanaway,73365039_Clinical,,Cleanaway,Clinical waste [t],Clinical Waste [t],,29 Feb 2024,False,2026/04/02 17:22,0,0.0,0.0
Cleanaway waste,Unallocated Cleanaway,73365282_Clinical,,Cleanaway,Clinical waste [t],Clinical Waste [t],,,True,2025/01/08 14:17,3,0.0,0.0
Cleanaway waste,Unallocated Cleanaway,73365315_Clinical,,Cleanaway,Clinical waste [t],Clinical Waste [t],,,True,2025/01/08 14:17,3,0.0,0.0
Cleanaway waste,Unallocated Cleanaway,73365369_Clinical,,Cleanaway,Clinical waste [t],Clinical Waste [t],,,True,2025/01/08 14:17,3,0.0,0.0
Cleanaway waste,Unallocated Cleanaway,73365403_Clinical,,Cleanaway,Clinical waste [t],Clinical Waste [t],,,True,2025/01/08 14:17,3,0.0,0.0
Cleanaway waste,Unallocated Cleanaway,73365414_Clinical,,Cleanaway,Clinical waste [t],Clinical Waste [t],,,True,2025/01/08 14:17,3,0.0,0.0
Cleanaway waste,Unallocated Cleanaway,80754394_Clinical,,Cleanaway,Clinical waste [t],Clinical Waste [t],,,True,2025/07/07 16:51,0,0.0,0.0
Cleanaway waste,Unallocated Cleanaway,80913927_Clinical,,Cleanaway,Clinical waste [t],Clinical Waste [t],,,True,2024/03/12 15:06,0,0.0,0.0
Cleanaway waste,Unallocated Cleanaway,80942694_Clinical,,Cleanaway,Clinical waste [t],Clinical Waste [t],,,True,2024/10/10 18:17,0,0.0,0.0
Cleanaway waste,Unallocated Cleanaway,81020367_Clinical,,Cleanaway,Clinical waste [t],Clinical Waste [t],,,True,2026/06/05 14:03,1,0.0,0.0
Cleanaway waste,Unallocated Cleanaway,82224062_Clinical,,Cleanaway,Clinical waste [t],Clinical Waste [t],,,True,2024/05/09 17:28,0,0.0,0.0
Cleanaway waste,Unallocated Cleanaway,TS-018337_Clinical,,Cleanaway,Clinical waste [t],Clinical Waste [t],,,True,2025/04/08 13:07,6,6.1,0.0
Cleanaway waste,Unallocated Cleanaway,TS-022552_Clinical,,Cleanaway,Clinical waste [t],Clinical Waste [t],,,True,2025/06/06 12:05,2,0.0,0.0
Cleanaway waste,Unallocated Cleanaway,TS-022553_Clinical,,Cleanaway,Clinical waste [t],Clinical Waste [t],,,True,2025/04/08 13:07,5,0.7,0.0
Cleanaway waste,Unallocated Cleanaway,TS-057666_Clinical,,Cleanaway,Clinical waste [t],Clinical Waste [t],,,True,2025/05/08 13:10,1,3.0,0.0
Cleanaway waste,Unallocated Cleanaway,TS-061350_Clinical,,Cleanaway,Clinical waste [t],Clinical Waste [t],,,True,2025/04/08 13:07,4,0.9,0.0
Cleanaway waste,Unallocated Cleanaway,2295796_Contaminated Soil,,Cleanaway,Contaminated Soil [t],Contaminated Soil [t],,,True,2025/03/07 21:32,0,0.0,0.0
Cleanaway waste,Unallocated Cleanaway,3328526_Contaminated Soil,,Cleanaway,Contaminated Soil [t],Contaminated Soil [t],,,True,2025/06/06 12:05,2,282.4,0.0
Cleanaway waste,Unallocated Cleanaway,3767518_Contaminated Soil,,Cleanaway,Contaminated Soil [t],Contaminated Soil [t],,,True,2024/03/12 15:06,1,0.0,0.0
Cleanaway waste,Unallocated Cleanaway,4342841_Contaminated Soil,,Cleanaway,Contaminated Soil [t],Contaminated Soil [t],,,True,2025/07/07 16:51,0,0.0,0.0
Cleanaway waste,Unallocated Cleanaway,4609450_Contaminated Soil,,Cleanaway,Contaminated Soil [t],Contaminated Soil [t],,,True,2026/02/06 15:19,0,0.0,0.0
Cleanaway waste,Unallocated Cleanaway,49006134_Contaminated Soil,,Cleanaway,Contaminated Soil [t],Contaminated Soil [t],,,True,2025/07/07 16:51,0,0.0,0.0
Cleanaway waste,Unallocated Cleanaway,82278743_Contaminated Soil,,Cleanaway,Contaminated Soil [t],Contaminated Soil [t],,,True,2025/06/06 12:05,0,0.0,0.0
Cleanaway waste,Unallocated Cleanaway,10353919_Oily Water,,Cleanaway,Liquid Waste - Oily Water [t],Liquid Waste - Oily Water [t],,30 Apr 2024,False,2026/04/02 17:22,0,0.0,0.0
Cleanaway waste,Unallocated Cleanaway,1533996_Oily Water,,Cleanaway,Liquid Waste - Oily Water [t],Liquid Waste - Oily Water [t],,,True,2025/12/11 17:24,0,0.0,0.0
Cleanaway waste,Unallocated Cleanaway,18835427_Oily Water,,Cleanaway,Liquid Waste - Oily Water [t],Liquid Waste - Oily Water [t],,30 Nov 2023,False,2026/04/02 17:22,0,0.0,0.0
Cleanaway waste,Unallocated Cleanaway,18836893_Oily Water,,Cleanaway,Liquid Waste - Oily Water [t],Liquid Waste - Oily Water [t],,31 May 2024,False,2026/04/02 17:22,0,0.0,0.0
Cleanaway waste,Unallocated Cleanaway,18836904_Oily Water,,Cleanaway,Liquid Waste - Oily Water [t],Liquid Waste - Oily Water [t],,30 Nov 2023,False,2026/04/02 17:22,0,0.0,0.0
Cleanaway waste,Unallocated Cleanaway,18836915_Oily Water,,Cleanaway,Liquid Waste - Oily Water [t],Liquid Waste - Oily Water [t],,30 Nov 2023,False,2026/04/02 17:22,0,0.0,0.0
Cleanaway waste,Unallocated Cleanaway,18836926_Oily Water,,Cleanaway,Liquid Waste - Oily Water [t],Liquid Waste - Oily Water [t],,31 Mar 2024,False,2026/04/02 17:22,0,0.0,0.0
Cleanaway waste,Unallocated Cleanaway,18836937_Oily Water,,Cleanaway,Liquid Waste - Oily Water [t],Liquid Waste - Oily Water [t],,29 Feb 2024,False,2026/04/02 17:22,0,0.0,0.0
Cleanaway waste,Unallocated Cleanaway,18836959_Oily Water,,Cleanaway,Liquid Waste - Oily Water [t],Liquid Waste - Oily Water [t],,30 Jun 2024,False,2026/04/02 17:22,0,0.0,0.0
Cleanaway waste,Unallocated Cleanaway,18836969_Oily Water,,Cleanaway,Liquid Waste - Oily Water [t],Liquid Waste - Oily Water [t],,30 Jun 2024,False,2026/04/02 17:22,0,0.0,0.0
Cleanaway waste,Unallocated Cleanaway,18836970_Oily Water,,Cleanaway,Liquid Waste - Oily Water [t],Liquid Waste - Oily Water [t],,30 Nov 2023,False,2026/04/02 17:22,0,0.0,0.0
Cleanaway waste,Unallocated Cleanaway,18836981_Oily Water,,Cleanaway,Liquid Waste - Oily Water [t],Liquid Waste - Oily Water [t],,30 Apr 2024,False,2026/04/02 17:22,0,0.0,0.0
Cleanaway waste,Unallocated Cleanaway,18837047_Oily Water,,Cleanaway,Liquid Waste - Oily Water [t],Liquid Waste - Oily Water [t],,30 Jun 2024,False,2026/04/02 17:22,0,0.0,0.0
Cleanaway waste,Unallocated Cleanaway,18837058_Oily Water,,Cleanaway,Liquid Waste - Oily Water [t],Liquid Waste - Oily Water [t],,30 Nov 2023,False,2026/04/02 17:22,0,0.0,0.0
Cleanaway waste,Unallocated Cleanaway,18837069_Oily Water,,Cleanaway,Liquid Waste - Oily Water [t],Liquid Waste - Oily Water [t],,,True,2024/03/12 15:06,0,0.0,0.0
Cleanaway waste,Unallocated Cleanaway,18837070_Oily Water,,Cleanaway,Liquid Waste - Oily Water [t],Liquid Waste - Oily Water [t],,30 Apr 2024,False,2026/04/02 17:22,0,0.0,0.0
Cleanaway waste,Unallocated Cleanaway,18837081_Oily Water,,Cleanaway,Liquid Waste - Oily Water [t],Liquid Waste - Oily Water [t],,,True,2024/03/12 15:06,0,0.0,0.0
Cleanaway waste,Unallocated Cleanaway,18837091_Oily Water,,Cleanaway,Liquid Waste - Oily Water [t],Liquid Waste - Oily Water [t],,,True,2024/03/12 15:06,0,0.0,0.0
Cleanaway waste,Unallocated Cleanaway,18837102_Oily Water,,Cleanaway,Liquid Waste - Oily Water [t],Liquid Waste - Oily Water [t],,30 Nov 2024,False,2026/04/02 17:22,0,0.0,0.0
Cleanaway waste,Unallocated Cleanaway,18837113_Oily Water,,Cleanaway,Liquid Waste - Oily Water [t],Liquid Waste - Oily Water [t],,30 Nov 2024,False,2026/04/02 17:22,0,0.0,0.0
Cleanaway waste,Unallocated Cleanaway,18837124_Oily Water,,Cleanaway,Liquid Waste - Oily Water [t],Liquid Waste - Oily Water [t],,30 Nov 2024,False,2026/04/02 17:22,0,0.0,0.0
Cleanaway waste,Unallocated Cleanaway,18837135_Oily Water,,Cleanaway,Liquid Waste - Oily Water [t],Liquid Waste - Oily Water [t],,30 Nov 2024,False,2026/04/02 17:22,0,0.0,0.0
Cleanaway waste,Unallocated Cleanaway,18837146_Oily Water,,Cleanaway,Liquid Waste - Oily Water [t],Liquid Waste - Oily Water [t],,30 Nov 2024,False,2026/04/02 17:22,0,0.0,0.0
Cleanaway waste,Unallocated Cleanaway,18837157_Oily Water,,Cleanaway,Liquid Waste - Oily Water [t],Liquid Waste - Oily Water [t],,30 Nov 2024,False,2026/04/02 17:22,0,0.0,0.0
Cleanaway waste,Unallocated Cleanaway,18837168_Oily Water,,Cleanaway,Liquid Waste - Oily Water [t],Liquid Waste - Oily Water [t],,30 Sep 2024,False,2026/04/02 17:22,0,0.0,0.0
Cleanaway waste,Unallocated Cleanaway,18837180_Oily Water,,Cleanaway,Liquid Waste - Oily Water [t],Liquid Waste - Oily Water [t],,30 Sep 2024,False,2026/04/02 17:22,0,0.0,0.0
Cleanaway waste,Unallocated Cleanaway,18837191_Oily Water,,Cleanaway,Liquid Waste - Oily Water [t],Liquid Waste - Oily Water [t],,29 Feb 2024,False,2026/04/02 17:22,0,0.0,0.0
Cleanaway waste,Unallocated Cleanaway,18837202_Oily Water,,Cleanaway,Liquid Waste - Oily Water [t],Liquid Waste - Oily Water [t],,30 Nov 2023,False,2026/04/02 17:22,0,0.0,0.0
Cleanaway waste,Unallocated Cleanaway,18837224_Oily Water,,Cleanaway,Liquid Waste - Oily Water [t],Liquid Waste - Oily Water [t],,31 Jan 2024,False,2026/04/02 17:22,0,0.0,0.0
Cleanaway waste,Unallocated Cleanaway,18837234_Oily Water,,Cleanaway,Liquid Waste - Oily Water [t],Liquid Waste - Oily Water [t],,30 Nov 2023,False,2026/04/02 17:22,0,0.0,0.0
Cleanaway waste,Unallocated Cleanaway,18837256_Oily Water,,Cleanaway,Liquid Waste - Oily Water [t],Liquid Waste - Oily Water [t],,31 Oct 2024,False,2026/04/02 17:22,0,0.0,0.0
Cleanaway waste,Unallocated Cleanaway,18837267_Oily Water,,Cleanaway,Liquid Waste - Oily Water [t],Liquid Waste - Oily Water [t],,30 Nov 2023,False,2026/04/02 17:22,0,0.0,0.0
Cleanaway waste,Unallocated Cleanaway,18837278_Oily Water,,Cleanaway,Liquid Waste - Oily Water [t],Liquid Waste - Oily Water [t],,31 Oct 2024,False,2026/04/02 17:22,0,0.0,0.0
Cleanaway waste,Unallocated Cleanaway,18837289_Oily Water,,Cleanaway,Liquid Waste - Oily Water [t],Liquid Waste - Oily Water [t],,30 Nov 2023,False,2026/04/02 17:22,0,0.0,0.0
Cleanaway waste,Unallocated Cleanaway,18837290_Oily Water,,Cleanaway,Liquid Waste - Oily Water [t],Liquid Waste - Oily Water [t],,31 Oct 2024,False,2026/04/02 17:22,0,0.0,0.0
Cleanaway waste,Unallocated Cleanaway,18856931_Oily Water,,Cleanaway,Liquid Waste - Oily Water [t],Liquid Waste - Oily Water [t],,30 Sep 2024,False,2026/04/02 17:22,0,0.0,0.0
Cleanaway waste,Unallocated Cleanaway,18897999_Oily Water,,Cleanaway,Liquid Waste - Oily Water [t],Liquid Waste - Oily Water [t],,,True,2025/12/11 17:24,0,0.0,0.0
Cleanaway waste,Unallocated Cleanaway,18898000_Oily Water,,Cleanaway,Liquid Waste - Oily Water [t],Liquid Waste - Oily Water [t],,,True,2025/12/11 17:24,0,0.0,0.0
Cleanaway waste,Unallocated Cleanaway,18898164_Oily Water,,Cleanaway,Liquid Waste - Oily Water [t],Liquid Waste - Oily Water [t],,,True,2025/04/08 13:07,0,0.0,0.0
Cleanaway waste,Unallocated Cleanaway,18898197_Oily Water,,Cleanaway,Liquid Waste - Oily Water [t],Liquid Waste - Oily Water [t],,,True,2026/01/08 13:50,0,0.0,0.0
Cleanaway waste,Unallocated Cleanaway,18898220_Oily Water,,Cleanaway,Liquid Waste - Oily Water [t],Liquid Waste - Oily Water [t],,,True,2025/04/08 13:07,0,0.0,0.0
Cleanaway waste,Unallocated Cleanaway,18898231_Oily Water,,Cleanaway,Liquid Waste - Oily Water [t],Liquid Waste - Oily Water [t],,,True,2025/12/11 17:24,0,0.0,0.0
Cleanaway waste,Unallocated Cleanaway,18898264_Oily Water,,Cleanaway,Liquid Waste - Oily Water [t],Liquid Waste - Oily Water [t],,,True,2025/12/11 17:24,0,0.0,0.0
Cleanaway waste,Unallocated Cleanaway,18898296_Oily Water,,Cleanaway,Liquid Waste - Oily Water [t],Liquid Waste - Oily Water [t],,,True,2026/01/08 13:50,0,0.0,0.0
Cleanaway waste,Unallocated Cleanaway,18898329_Oily Water,,Cleanaway,Liquid Waste - Oily Water [t],Liquid Waste - Oily Water [t],,,True,2026/01/08 13:50,0,0.0,0.0
Cleanaway waste,Unallocated Cleanaway,18898330_Oily Water,,Cleanaway,Liquid Waste - Oily Water [t],Liquid Waste - Oily Water [t],,,True,2026/01/08 13:50,0,0.0,0.0
Cleanaway waste,Unallocated Cleanaway,18898341_Oily Water,,Cleanaway,Liquid Waste - Oily Water [t],Liquid Waste - Oily Water [t],,,True,2026/01/08 13:50,0,0.0,0.0
Cleanaway waste,Unallocated Cleanaway,18904040_Oily Water,,Cleanaway,Liquid Waste - Oily Water [t],Liquid Waste - Oily Water [t],,,True,2025/12/11 17:24,0,0.0,0.0
Cleanaway waste,Unallocated Cleanaway,18904425_Oily Water,,Cleanaway,Liquid Waste - Oily Water [t],Liquid Waste - Oily Water [t],,,True,2025/12/11 17:24,0,0.0,0.0
Cleanaway waste,Unallocated Cleanaway,2291227_Oily Water,,Cleanaway,Liquid Waste - Oily Water [t],Liquid Waste - Oily Water [t],,,True,2026/02/06 15:19,0,0.0,0.0
Cleanaway waste,Unallocated Cleanaway,2292045_Oily Water,,Cleanaway,Liquid Waste - Oily Water [t],Liquid Waste - Oily Water [t],,,True,2025/04/08 13:07,1,0.9,0.0
Cleanaway waste,Unallocated Cleanaway,2299405_Oily Water,,Cleanaway,Liquid Waste - Oily Water [t],Liquid Waste - Oily Water [t],,,True,2025/07/07 16:51,1,2.3,0.0
Cleanaway waste,Unallocated Cleanaway,2325997_Oily Water,,Cleanaway,Liquid Waste - Oily Water [t],Liquid Waste - Oily Water [t],,,True,2025/03/07 21:32,1,7.0,0.0
Cleanaway waste,Unallocated Cleanaway,2704887_Oily Water,,Cleanaway,Liquid Waste - Oily Water [t],Liquid Waste - Oily Water [t],,,True,2025/04/08 13:07,0,0.0,0.0
Cleanaway waste,Unallocated Cleanaway,2850271_Oily Water,,Cleanaway,Liquid Waste - Oily Water [t],Liquid Waste - Oily Water [t],,31 Dec 2023,False,2026/04/02 17:22,0,0.0,0.0
Cleanaway waste,Unallocated Cleanaway,2952168_Oily Water,,Cleanaway,Liquid Waste - Oily Water [t],Liquid Waste - Oily Water [t],,,True,2026/07/08 16:57,2,0.3,0.0
Cleanaway waste,Unallocated Cleanaway,2974316_Oily Water,,Cleanaway,Liquid Waste - Oily Water [t],Liquid Waste - Oily Water [t],,31 Dec 2023,False,2026/04/02 17:22,0,0.0,0.0
Cleanaway waste,Unallocated Cleanaway,308811_Oily Water,,Cleanaway,Liquid Waste - Oily Water [t],Liquid Waste - Oily Water [t],,,True,2025/10/17 16:00,0,0.0,0.0
Cleanaway waste,Unallocated Cleanaway,309202_Oily Water,,Cleanaway,Liquid Waste - Oily Water [t],Liquid Waste - Oily Water [t],,,True,2024/04/04 14:49,0,0.0,0.0
Cleanaway waste,Unallocated Cleanaway,3112115_Oily Water,,Cleanaway,Liquid Waste - Oily Water [t],Liquid Waste - Oily Water [t],,31 Jan 2024,False,2026/04/02 17:22,0,0.0,0.0
Cleanaway waste,Unallocated Cleanaway,331139_Oily Water,,Cleanaway,Liquid Waste - Oily Water [t],Liquid Waste - Oily Water [t],,,True,2024/04/04 14:49,2,0.0,0.0
Cleanaway waste,Unallocated Cleanaway,3507322_Oily Water,,Cleanaway,Liquid Waste - Oily Water [t],Liquid Waste - Oily Water [t],,,True,2025/03/07 21:32,0,0.0,0.0
Cleanaway waste,Unallocated Cleanaway,364396_Oily Water,,Cleanaway,Liquid Waste - Oily Water [t],Liquid Waste - Oily Water [t],,,True,2024/03/12 15:06,6,121.9,0.0
Cleanaway waste,Unallocated Cleanaway,3767518_Oily Water,,Cleanaway,Liquid Waste - Oily Water [t],Liquid Waste - Oily Water [t],,,True,2025/12/11 16:02,0,0.0,0.0
Cleanaway waste,Unallocated Cleanaway,3840161_Oily Water,,Cleanaway,Liquid Waste - Oily Water [t],Liquid Waste - Oily Water [t],,,True,2025/01/08 17:23,0,0.0,0.0
Cleanaway waste,Unallocated Cleanaway,3840180_Oily Water,,Cleanaway,Liquid Waste - Oily Water [t],Liquid Waste - Oily Water [t],,,True,2025/01/09 09:44,0,0.0,0.0
Cleanaway waste,Unallocated Cleanaway,3840184_Oily Water,,Cleanaway,Liquid Waste - Oily Water [t],Liquid Waste - Oily Water [t],,,True,2024/04/04 14:49,0,0.0,0.0
Cleanaway waste,Unallocated Cleanaway,3840190_Oily Water,,Cleanaway,Liquid Waste - Oily Water [t],Liquid Waste - Oily Water [t],,,True,2025/01/09 09:44,0,0.0,0.0
Cleanaway waste,Unallocated Cleanaway,4198948_Oily Water,,Cleanaway,Liquid Waste - Oily Water [t],Liquid Waste - Oily Water [t],,,True,2025/01/08 17:23,0,0.0,0.0
Cleanaway waste,Unallocated Cleanaway,4199872_Oily Water,,Cleanaway,Liquid Waste - Oily Water [t],Liquid Waste - Oily Water [t],,,True,2025/10/17 16:00,0,0.0,0.0
Cleanaway waste,Unallocated Cleanaway,4202081_Oily Water,,Cleanaway,Liquid Waste - Oily Water [t],Liquid Waste - Oily Water [t],,30 Nov 2024,False,2026/04/02 17:22,0,0.0,0.0
Cleanaway waste,Unallocated Cleanaway,4321975_Oily Water,,Cleanaway,Liquid Waste - Oily Water [t],Liquid Waste - Oily Water [t],,31 Aug 2024,False,2026/04/02 17:22,0,0.0,0.0
Cleanaway waste,Unallocated Cleanaway,4495237_Oily Water,,Cleanaway,Liquid Waste - Oily Water [t],Liquid Waste - Oily Water [t],,,True,2025/10/17 16:53,0,0.0,0.0
Cleanaway waste,Unallocated Cleanaway,4557964_Oily Water,,Cleanaway,Liquid Waste - Oily Water [t],Liquid Waste - Oily Water [t],,,True,2025/12/11 17:24,0,0.0,0.0
Cleanaway waste,Unallocated Cleanaway,4656984_Oily Water,,Cleanaway,Liquid Waste - Oily Water [t],Liquid Waste - Oily Water [t],,,True,2026/04/08 15:10,2,18.5,0.0
Cleanaway waste,Unallocated Cleanaway,4709250_Oily Water,,Cleanaway,Liquid Waste - Oily Water [t],Liquid Waste - Oily Water [t],,,True,2026/09/07 16:22,1,11.7,0.0
Cleanaway waste,Unallocated Cleanaway,53129756_Oily Water,,Cleanaway,Liquid Waste - Oily Water [t],Liquid Waste - Oily Water [t],,,True,2024/05/09 17:28,3,0.0,0.0
Cleanaway waste,Unallocated Cleanaway,60189508_Oily Water,,Cleanaway,Liquid Waste - Oily Water [t],Liquid Waste - Oily Water [t],,,True,2025/01/08 17:23,0,0.0,0.0
Cleanaway waste,Unallocated Cleanaway,63575_Oily Water,,Cleanaway,Liquid Waste - Oily Water [t],Liquid Waste - Oily Water [t],,,True,2026/07/08 16:57,0,0.0,0.0
Cleanaway waste,Unallocated Cleanaway,10353919_Liquid,,Cleanaway,Liquid Waste [t],Liquid Waste [t],,31 Jan 2024,False,2026/04/02 17:22,0,0.0,0.0
Cleanaway waste,Unallocated Cleanaway,18381440_Liquid,,Cleanaway,Liquid Waste [t],Liquid Waste [t],,,True,2024/03/12 15:06,0,0.0,0.0
Cleanaway waste,Unallocated Cleanaway,2293846_Liquid,,Cleanaway,Liquid Waste [t],Liquid Waste [t],,30 Nov 2023,False,2026/04/02 17:22,0,0.0,0.0
Cleanaway waste,Unallocated Cleanaway,2358067_Liquid,,Cleanaway,Liquid Waste [t],Liquid Waste [t],,31 Dec 2023,False,2026/04/02 17:22,0,0.0,0.0
Cleanaway waste,Unallocated Cleanaway,2664578_Liquid,,Cleanaway,Liquid Waste [t],Liquid Waste [t],,,True,2024/04/04 14:41,0,0.0,0.0
Cleanaway waste,Unallocated Cleanaway,28094914_Liquid,,Cleanaway,Liquid Waste [t],Liquid Waste [t],,,True,2024/03/12 15:06,0,0.0,0.0
Cleanaway waste,Unallocated Cleanaway,364396_Liquid,,Cleanaway,Liquid Waste [t],Liquid Waste [t],,,True,2024/03/12 15:06,0,0.0,0.0
Cleanaway waste,Unallocated Cleanaway,3767518_Liquid,,Cleanaway,Liquid Waste [t],Liquid Waste [t],,,True,2024/04/04 14:41,0,0.0,0.0
Cleanaway waste,Unallocated Cleanaway,3840151_Liquid,,Cleanaway,Liquid Waste [t],Liquid Waste [t],,,True,2025/07/07 16:51,0,0.0,0.0
Cleanaway waste,Unallocated Cleanaway,3840159_Liquid,,Cleanaway,Liquid Waste [t],Liquid Waste [t],,,True,2025/07/07 16:51,0,0.0,0.0
Cleanaway waste,Unallocated Cleanaway,3840161_Liquid,,Cleanaway,Liquid Waste [t],Liquid Waste [t],,,True,2025/07/07 16:51,0,0.0,0.0
Cleanaway waste,Unallocated Cleanaway,3840167_Liquid,,Cleanaway,Liquid Waste [t],Liquid Waste [t],,,True,2024/04/04 15:03,0,0.0,0.0
Cleanaway waste,Unallocated Cleanaway,3840171_Liquid,,Cleanaway,Liquid Waste [t],Liquid Waste [t],,,True,2025/07/07 16:51,0,0.0,0.0
Cleanaway waste,Unallocated Cleanaway,3840173_Liquid,,Cleanaway,Liquid Waste [t],Liquid Waste [t],,,True,2025/07/07 16:51,0,0.0,0.0
Cleanaway waste,Unallocated Cleanaway,3840180_Liquid,,Cleanaway,Liquid Waste [t],Liquid Waste [t],,,True,2024/04/04 15:03,0,0.0,0.0
Cleanaway waste,Unallocated Cleanaway,3840184_Liquid,,Cleanaway,Liquid Waste [t],Liquid Waste [t],,,True,2025/07/07 16:51,0,0.0,0.0
Cleanaway waste,Unallocated Cleanaway,4202081_Liquid,,Cleanaway,Liquid Waste [t],Liquid Waste [t],,30 Nov 2024,False,2026/04/02 17:22,0,0.0,0.0
Cleanaway waste,Unallocated Cleanaway,4209552_Liquid,,Cleanaway,Liquid Waste [t],Liquid Waste [t],,30 Nov 2024,False,2026/04/02 17:22,0,0.0,0.0
Cleanaway waste,Unallocated Cleanaway,436904_Liquid,,Cleanaway,Liquid Waste [t],Liquid Waste [t],,29 Feb 2024,False,2026/04/02 17:22,0,0.0,0.0
Cleanaway waste,Unallocated Cleanaway,4417480_Liquid,,Cleanaway,Liquid Waste [t],Liquid Waste [t],,,True,2025/10/17 16:00,0,0.0,0.0
Cleanaway waste,Unallocated Cleanaway,4557964_Liquid,,Cleanaway,Liquid Waste [t],Liquid Waste [t],,,True,2025/12/11 17:24,0,0.0,0.0
Cleanaway waste,Unallocated Cleanaway,53788279_Liquid,,Cleanaway,Liquid Waste [t],Liquid Waste [t],,,True,2025/04/08 13:07,0,0.0,0.0
Cleanaway waste,Unallocated Cleanaway,73718406_Liquid,,Cleanaway,Liquid Waste [t],Liquid Waste [t],,,True,2026/09/07 16:22,0,0.0,0.0
Cleanaway waste,Unallocated Cleanaway,80554311_Liquid,,Cleanaway,Liquid Waste [t],Liquid Waste [t],,,True,2024/05/09 17:28,0,0.0,0.0
Cleanaway waste,Unallocated Cleanaway,80572244_Liquid,,Cleanaway,Liquid Waste [t],Liquid Waste [t],,31 Mar 2023,False,2026/04/02 17:22,0,0.0,0.0
Cleanaway waste,Unallocated Cleanaway,919506_Liquid,,Cleanaway,Liquid Waste [t],Liquid Waste [t],,,True,2024/04/04 14:49,0,0.0,0.0
Cleanaway waste,Unallocated Cleanaway,10392663_General,,Cleanaway,Waste (general solid) to landfill [t],Waste - General Landfill [t],,31 Jan 2024,False,2026/04/02 17:22,0,0.0,0.0
Cleanaway waste,Unallocated Cleanaway,10415875_General,,Cleanaway,Waste (general solid) to landfill [t],Waste - General Landfill [t],,30 Nov 2023,False,2026/04/02 17:22,0,0.0,0.0
Cleanaway waste,Unallocated Cleanaway,10423932_General,,Cleanaway,Waste (general solid) to landfill [t],Waste - General Landfill [t],,31 Aug 2024,False,2026/04/02 17:22,0,0.0,0.0
Cleanaway waste,Unallocated Cleanaway,10427283_General,,Cleanaway,Waste (general solid) to landfill [t],Waste - General Landfill [t],,31 Jul 2024,False,2026/04/02 17:22,0,0.0,0.0
Cleanaway waste,Unallocated Cleanaway,10436607_General,,Cleanaway,Waste (general solid) to landfill [t],Waste - General Landfill [t],,,True,2025/04/08 13:07,0,0.0,0.0
Cleanaway waste,Unallocated Cleanaway,10436641_General,,Cleanaway,Waste (general solid) to landfill [t],Waste - General Landfill [t],,,True,2026/07/08 16:57,3,73.6,0.0
Cleanaway waste,Unallocated Cleanaway,10446549_General,,Cleanaway,Waste (general solid) to landfill [t],Waste - General Landfill [t],,,True,2025/12/11 17:24,6,5.3,0.0
Cleanaway waste,Unallocated Cleanaway,10457781_General,,Cleanaway,Waste (general solid) to landfill [t],Waste - General Landfill [t],,,True,2026/08/07 12:01,2,1.2,0.0
Cleanaway waste,Unallocated Cleanaway,1364748_General,,Cleanaway,Waste (general solid) to landfill [t],Waste - General Landfill [t],,,True,2024/07/05 10:49,6,67.2,0.0
Cleanaway waste,Unallocated Cleanaway,13802519_General,,Cleanaway,Waste (general solid) to landfill [t],Waste - General Landfill [t],,,True,2024/04/04 14:41,0,0.0,0.0
Cleanaway waste,Unallocated Cleanaway,13826933_General,,Cleanaway,Waste (general solid) to landfill [t],Waste - General Landfill [t],,,True,2025/10/17 16:00,5,0.0,0.0
Cleanaway waste,Unallocated Cleanaway,13831452_General,,Cleanaway,Waste (general solid) to landfill [t],Waste - General Landfill [t],,,True,2025/12/11 17:24,0,0.0,0.0
Cleanaway waste,Unallocated Cleanaway,13832796_General,,Cleanaway,Waste (general solid) to landfill [t],Waste - General Landfill [t],,,True,2026/08/07 12:01,2,1.6,0.0
Cleanaway waste,Unallocated Cleanaway,13833910_General,,Cleanaway,Waste (general solid) to landfill [t],Waste - General Landfill [t],,,True,2026/09/07 16:22,1,1.0,0.0
Cleanaway waste,Unallocated Cleanaway,18381440_General,,Cleanaway,Waste (general solid) to landfill [t],Waste - General Landfill [t],,,True,2024/03/12 15:06,6,12.9,0.0
Cleanaway waste,Unallocated Cleanaway,18437620_General,,Cleanaway,Waste (general solid) to landfill [t],Waste - General Landfill [t],,,True,2024/04/04 14:41,3,4.0,0.0
Cleanaway waste,Unallocated Cleanaway,18835184_General,,Cleanaway,Waste (general solid) to landfill [t],Waste - General Landfill [t],,31 May 2024,False,2026/04/02 17:22,0,0.0,0.0
Cleanaway waste,Unallocated Cleanaway,18835427_General,,Cleanaway,Waste (general solid) to landfill [t],Waste - General Landfill [t],,31 Oct 2024,False,2026/04/02 17:22,0,0.0,0.0
Cleanaway waste,Unallocated Cleanaway,18835571_General,,Cleanaway,Waste (general solid) to landfill [t],Waste - General Landfill [t],,31 Aug 2024,False,2026/04/02 17:22,0,0.0,0.0
Cleanaway waste,Unallocated Cleanaway,18836705_General,,Cleanaway,Waste (general solid) to landfill [t],Waste - General Landfill [t],,,True,2024/04/04 14:41,0,0.0,0.0
Cleanaway waste,Unallocated Cleanaway,18836860_General,,Cleanaway,Waste (general solid) to landfill [t],Waste - General Landfill [t],,31 Jul 2024,False,2026/04/02 17:22,0,0.0,0.0
Cleanaway waste,Unallocated Cleanaway,18836871_General,,Cleanaway,Waste (general solid) to landfill [t],Waste - General Landfill [t],,31 Oct 2024,False,2026/04/02 17:22,0,0.0,0.0
Cleanaway waste,Unallocated Cleanaway,18836904_General,,Cleanaway,Waste (general solid) to landfill [t],Waste - General Landfill [t],,31 May 2024,False,2026/04/02 17:22,0,0.0,0.0
Cleanaway waste,Unallocated Cleanaway,18837047_General,,Cleanaway,Waste (general solid) to landfill [t],Waste - General Landfill [t],,,True,2024/04/04 14:41,0,0.0,0.0
Cleanaway waste,Unallocated Cleanaway,18837157_General,,Cleanaway,Waste (general solid) to landfill [t],Waste - General Landfill [t],,31 Dec 2023,False,2026/04/02 17:22,0,0.0,0.0
Cleanaway waste,Unallocated Cleanaway,18839230_General,,Cleanaway,Waste (general solid) to landfill [t],Waste - General Landfill [t],,31 Dec 2023,False,2026/04/02 17:22,0,0.0,0.0
Cleanaway waste,Unallocated Cleanaway,18848345_General,,Cleanaway,Waste (general solid) to landfill [t],Waste - General Landfill [t],,30 Nov 2023,False,2026/04/02 17:22,0,0.0,0.0
Cleanaway waste,Unallocated Cleanaway,18848796_General,,Cleanaway,Waste (general solid) to landfill [t],Waste - General Landfill [t],,29 Feb 2024,False,2026/04/02 17:22,0,0.0,0.0
Cleanaway waste,Unallocated Cleanaway,18855212_General,,Cleanaway,Waste (general solid) to landfill [t],Waste - General Landfill [t],,,True,2024/03/12 15:06,0,0.0,0.0
Cleanaway waste,Unallocated Cleanaway,18863346_General,,Cleanaway,Waste (general solid) to landfill [t],Waste - General Landfill [t],,30 Sep 2024,False,2026/04/02 17:22,0,0.0,0.0
Cleanaway waste,Unallocated Cleanaway,18865528_General,,Cleanaway,Waste (general solid) to landfill [t],Waste - General Landfill [t],,,True,2024/03/12 15:06,0,0.0,0.0
Cleanaway waste,Unallocated Cleanaway,18866091_General,,Cleanaway,Waste (general solid) to landfill [t],Waste - General Landfill [t],,,True,2024/03/12 15:06,0,0.0,0.0
Cleanaway waste,Unallocated Cleanaway,18867379_General,,Cleanaway,Waste (general solid) to landfill [t],Waste - General Landfill [t],,31 May 2024,False,2026/04/02 17:22,0,0.0,0.0
Cleanaway waste,Unallocated Cleanaway,18871656_General,,Cleanaway,Waste (general solid) to landfill [t],Waste - General Landfill [t],,,True,2024/03/12 15:06,0,0.0,0.0
Cleanaway waste,Unallocated Cleanaway,18872582_General,,Cleanaway,Waste (general solid) to landfill [t],Waste - General Landfill [t],,29 Feb 2024,False,2026/04/02 17:22,0,0.0,0.0
Cleanaway waste,Unallocated Cleanaway,18874533_General,,Cleanaway,Waste (general solid) to landfill [t],Waste - General Landfill [t],,,True,2024/03/12 15:06,0,0.0,0.0
Cleanaway waste,Unallocated Cleanaway,18874786_General,,Cleanaway,Waste (general solid) to landfill [t],Waste - General Landfill [t],,31 Mar 2024,False,2026/04/02 17:22,0,0.0,0.0
Cleanaway waste,Unallocated Cleanaway,18876517_General,,Cleanaway,Waste (general solid) to landfill [t],Waste - General Landfill [t],,29 Feb 2024,False,2026/04/02 17:22,0,0.0,0.0
Cleanaway waste,Unallocated Cleanaway,18879239_General,,Cleanaway,Waste (general solid) to landfill [t],Waste - General Landfill [t],,30 Sep 2024,False,2026/04/02 17:22,0,0.0,0.0
Cleanaway waste,Unallocated Cleanaway,18880639_General,,Cleanaway,Waste (general solid) to landfill [t],Waste - General Landfill [t],,,True,2024/03/12 15:06,0,0.0,0.0
Cleanaway waste,Unallocated Cleanaway,18884541_General,,Cleanaway,Waste (general solid) to landfill [t],Waste - General Landfill [t],,,True,2024/04/04 14:41,0,0.0,0.0
Cleanaway waste,Unallocated Cleanaway,18887318_General,,Cleanaway,Waste (general solid) to landfill [t],Waste - General Landfill [t],,,True,2024/05/09 17:28,0,0.0,0.0
Cleanaway waste,Unallocated Cleanaway,18891848_General,,Cleanaway,Waste (general solid) to landfill [t],Waste - General Landfill [t],,31 Oct 2024,False,2026/04/02 17:22,0,0.0,0.0
Cleanaway waste,Unallocated Cleanaway,18896280_General,,Cleanaway,Waste (general solid) to landfill [t],Waste - General Landfill [t],,,True,2025/02/07 17:37,0,0.0,0.0
Cleanaway waste,Unallocated Cleanaway,18896611_General,,Cleanaway,Waste (general solid) to landfill [t],Waste - General Landfill [t],,,True,2025/04/08 13:07,3,2.0,0.0
Cleanaway waste,Unallocated Cleanaway,18896643_General,,Cleanaway,Waste (general solid) to landfill [t],Waste - General Landfill [t],,,True,2025/04/08 13:07,3,4.2,0.0
Cleanaway waste,Unallocated Cleanaway,18896687_General,,Cleanaway,Waste (general solid) to landfill [t],Waste - General Landfill [t],,,True,2025/04/08 13:07,3,2.8,0.0
Cleanaway waste,Unallocated Cleanaway,18896698_General,,Cleanaway,Waste (general solid) to landfill [t],Waste - General Landfill [t],,,True,2025/04/08 13:07,3,3.5,0.0
Cleanaway waste,Unallocated Cleanaway,18896710_General,,Cleanaway,Waste (general solid) to landfill [t],Waste - General Landfill [t],,,True,2025/04/08 13:07,3,3.6,0.0
Cleanaway waste,Unallocated Cleanaway,18896743_General,,Cleanaway,Waste (general solid) to landfill [t],Waste - General Landfill [t],,,True,2025/04/08 13:07,3,3.3,0.0
Cleanaway waste,Unallocated Cleanaway,18896797_General,,Cleanaway,Waste (general solid) to landfill [t],Waste - General Landfill [t],,,True,2025/04/08 13:07,3,3.4,0.0
Cleanaway waste,Unallocated Cleanaway,18896808_General,,Cleanaway,Waste (general solid) to landfill [t],Waste - General Landfill [t],,,True,2025/04/08 13:07,3,3.9,0.0
Cleanaway waste,Unallocated Cleanaway,18896819_General,,Cleanaway,Waste (general solid) to landfill [t],Waste - General Landfill [t],,,True,2025/04/08 13:07,3,2.5,0.0
Cleanaway waste,Unallocated Cleanaway,18896820_General,,Cleanaway,Waste (general solid) to landfill [t],Waste - General Landfill [t],,,True,2025/06/06 12:05,0,0.0,0.0
Cleanaway waste,Unallocated Cleanaway,18896842_General,,Cleanaway,Waste (general solid) to landfill [t],Waste - General Landfill [t],,,True,2025/04/08 13:07,3,2.5,0.0
Cleanaway waste,Unallocated Cleanaway,18896853_General,,Cleanaway,Waste (general solid) to landfill [t],Waste - General Landfill [t],,,True,2025/04/08 13:07,3,1.8,0.0
Cleanaway waste,Unallocated Cleanaway,18896864_General,,Cleanaway,Waste (general solid) to landfill [t],Waste - General Landfill [t],,,True,2025/04/08 13:07,3,2.6,0.0
Cleanaway waste,Unallocated Cleanaway,18896875_General,,Cleanaway,Waste (general solid) to landfill [t],Waste - General Landfill [t],,,True,2025/04/08 13:07,3,2.4,0.0
Cleanaway waste,Unallocated Cleanaway,18896886_General,,Cleanaway,Waste (general solid) to landfill [t],Waste - General Landfill [t],,,True,2025/04/08 13:07,3,2.2,0.0
Cleanaway waste,Unallocated Cleanaway,18896897_General,,Cleanaway,Waste (general solid) to landfill [t],Waste - General Landfill [t],,,True,2025/04/08 13:07,3,2.6,0.0
Cleanaway waste,Unallocated Cleanaway,18896908_General,,Cleanaway,Waste (general solid) to landfill [t],Waste - General Landfill [t],,,True,2025/04/08 13:07,3,2.5,0.0
Cleanaway waste,Unallocated Cleanaway,18896918_General,,Cleanaway,Waste (general solid) to landfill [t],Waste - General Landfill [t],,,True,2025/04/08 13:07,3,5.3,0.0
Cleanaway waste,Unallocated Cleanaway,18896929_General,,Cleanaway,Waste (general solid) to landfill [t],Waste - General Landfill [t],,,True,2025/04/08 13:07,3,7.1,0.0
Cleanaway waste,Unallocated Cleanaway,18896930_General,,Cleanaway,Waste (general solid) to landfill [t],Waste - General Landfill [t],,,True,2025/04/08 13:07,3,4.1,0.0
Cleanaway waste,Unallocated Cleanaway,18896941_General,,Cleanaway,Waste (general solid) to landfill [t],Waste - General Landfill [t],,,True,2025/04/08 13:07,3,4.0,0.0
Cleanaway waste,Unallocated Cleanaway,18896952_General,,Cleanaway,Waste (general solid) to landfill [t],Waste - General Landfill [t],,,True,2025/04/08 13:07,3,4.3,0.0
Cleanaway waste,Unallocated Cleanaway,18896963_General,,Cleanaway,Waste (general solid) to landfill [t],Waste - General Landfill [t],,,True,2025/04/08 13:07,3,2.9,0.0
Cleanaway waste,Unallocated Cleanaway,18896974_General,,Cleanaway,Waste (general solid) to landfill [t],Waste - General Landfill [t],,,True,2025/04/08 13:07,3,2.3,0.0
Cleanaway waste,Unallocated Cleanaway,18896985_General,,Cleanaway,Waste (general solid) to landfill [t],Waste - General Landfill [t],,,True,2025/04/08 13:07,3,2.0,0.0
Cleanaway waste,Unallocated Cleanaway,18896996_General,,Cleanaway,Waste (general solid) to landfill [t],Waste - General Landfill [t],,,True,2025/04/08 13:07,3,2.0,0.0
Cleanaway waste,Unallocated Cleanaway,18897007_General,,Cleanaway,Waste (general solid) to landfill [t],Waste - General Landfill [t],,,True,2025/04/08 13:07,3,3.9,0.0
Cleanaway waste,Unallocated Cleanaway,18897018_General,,Cleanaway,Waste (general solid) to landfill [t],Waste - General Landfill [t],,,True,2025/04/08 13:07,3,3.2,0.0
Cleanaway waste,Unallocated Cleanaway,18897029_General,,Cleanaway,Waste (general solid) to landfill [t],Waste - General Landfill [t],,,True,2025/04/08 13:07,3,1.9,0.0
Cleanaway waste,Unallocated Cleanaway,18897040_General,,Cleanaway,Waste (general solid) to landfill [t],Waste - General Landfill [t],,,True,2025/04/08 13:07,3,7.1,0.0
Cleanaway waste,Unallocated Cleanaway,18897051_General,,Cleanaway,Waste (general solid) to landfill [t],Waste - General Landfill [t],,,True,2025/04/08 13:07,3,3.3,0.0
Cleanaway waste,Unallocated Cleanaway,18897073_General,,Cleanaway,Waste (general solid) to landfill [t],Waste - General Landfill [t],,,True,2025/04/08 13:07,3,2.2,0.0
Cleanaway waste,Unallocated Cleanaway,18897084_General,,Cleanaway,Waste (general solid) to landfill [t],Waste - General Landfill [t],,,True,2025/04/08 13:07,3,2.4,0.0
Cleanaway waste,Unallocated Cleanaway,18897106_General,,Cleanaway,Waste (general solid) to landfill [t],Waste - General Landfill [t],,,True,2025/04/08 13:07,3,2.0,0.0
Cleanaway waste,Unallocated Cleanaway,18897117_General,,Cleanaway,Waste (general solid) to landfill [t],Waste - General Landfill [t],,,True,2025/04/08 13:07,3,1.8,0.0
Cleanaway waste,Unallocated Cleanaway,18897128_General,,Cleanaway,Waste (general solid) to landfill [t],Waste - General Landfill [t],,,True,2025/04/08 13:07,3,2.1,0.0
Cleanaway waste,Unallocated Cleanaway,18897139_General,,Cleanaway,Waste (general solid) to landfill [t],Waste - General Landfill [t],,,True,2025/04/08 13:07,3,3.8,0.0
Cleanaway waste,Unallocated Cleanaway,18897162_General,,Cleanaway,Waste (general solid) to landfill [t],Waste - General Landfill [t],,,True,2025/04/08 13:07,3,4.2,0.0
Cleanaway waste,Unallocated Cleanaway,18897173_General,,Cleanaway,Waste (general solid) to landfill [t],Waste - General Landfill [t],,,True,2025/04/08 13:07,3,2.4,0.0
Cleanaway waste,Unallocated Cleanaway,18897194_General,,Cleanaway,Waste (general solid) to landfill [t],Waste - General Landfill [t],,,True,2025/04/08 13:07,3,2.4,0.0
Cleanaway waste,Unallocated Cleanaway,18897216_General,,Cleanaway,Waste (general solid) to landfill [t],Waste - General Landfill [t],,,True,2025/04/08 13:07,3,4.2,0.0
Cleanaway waste,Unallocated Cleanaway,18897238_General,,Cleanaway,Waste (general solid) to landfill [t],Waste - General Landfill [t],,,True,2025/04/08 13:07,3,3.9,0.0
Cleanaway waste,Unallocated Cleanaway,18897249_General,,Cleanaway,Waste (general solid) to landfill [t],Waste - General Landfill [t],,,True,2025/04/08 13:07,3,2.4,0.0
Cleanaway waste,Unallocated Cleanaway,18897250_General,,Cleanaway,Waste (general solid) to landfill [t],Waste - General Landfill [t],,,True,2025/04/08 13:07,3,2.4,0.0
Cleanaway waste,Unallocated Cleanaway,18897261_General,,Cleanaway,Waste (general solid) to landfill [t],Waste - General Landfill [t],,,True,2025/04/08 13:07,3,2.4,0.0
Cleanaway waste,Unallocated Cleanaway,18897272_General,,Cleanaway,Waste (general solid) to landfill [t],Waste - General Landfill [t],,,True,2025/04/08 13:07,3,2.5,0.0
Cleanaway waste,Unallocated Cleanaway,18897305_General,,Cleanaway,Waste (general solid) to landfill [t],Waste - General Landfill [t],,,True,2025/12/11 17:24,3,1.3,0.0
Cleanaway waste,Unallocated Cleanaway,18897316_General,,Cleanaway,Waste (general solid) to landfill [t],Waste - General Landfill [t],,,True,2025/04/08 13:07,3,1.6,0.0
Cleanaway waste,Unallocated Cleanaway,18897326_General,,Cleanaway,Waste (general solid) to landfill [t],Waste - General Landfill [t],,,True,2025/04/08 13:07,3,1.4,0.0
Cleanaway waste,Unallocated Cleanaway,18897337_General,,Cleanaway,Waste (general solid) to landfill [t],Waste - General Landfill [t],,,True,2025/04/08 13:07,3,2.6,0.0
Cleanaway waste,Unallocated Cleanaway,18897348_General,,Cleanaway,Waste (general solid) to landfill [t],Waste - General Landfill [t],,,True,2025/04/08 13:07,3,1.5,0.0
Cleanaway waste,Unallocated Cleanaway,18897359_General,,Cleanaway,Waste (general solid) to landfill [t],Waste - General Landfill [t],,,True,2025/04/08 13:07,3,5.8,0.0
Cleanaway waste,Unallocated Cleanaway,18897360_General,,Cleanaway,Waste (general solid) to landfill [t],Waste - General Landfill [t],,,True,2025/04/08 13:07,3,1.4,0.0
Cleanaway waste,Unallocated Cleanaway,18897371_General,,Cleanaway,Waste (general solid) to landfill [t],Waste - General Landfill [t],,,True,2025/04/08 13:07,3,2.0,0.0
Cleanaway waste,Unallocated Cleanaway,18897382_General,,Cleanaway,Waste (general solid) to landfill [t],Waste - General Landfill [t],,,True,2025/04/08 13:07,3,0.8,0.0
Cleanaway waste,Unallocated Cleanaway,18897393_General,,Cleanaway,Waste (general solid) to landfill [t],Waste - General Landfill [t],,,True,2025/04/08 13:07,3,0.4,0.0
Cleanaway waste,Unallocated Cleanaway,18897404_General,,Cleanaway,Waste (general solid) to landfill [t],Waste - General Landfill [t],,,True,2025/04/08 13:07,3,6.6,0.0
Cleanaway waste,Unallocated Cleanaway,18897437_General,,Cleanaway,Waste (general solid) to landfill [t],Waste - General Landfill [t],,,True,2025/04/08 13:07,3,2.7,0.0
Cleanaway waste,Unallocated Cleanaway,18897448_General,,Cleanaway,Waste (general solid) to landfill [t],Waste - General Landfill [t],,,True,2025/04/08 13:07,3,1.3,0.0
Cleanaway waste,Unallocated Cleanaway,18897459_General,,Cleanaway,Waste (general solid) to landfill [t],Waste - General Landfill [t],,,True,2025/04/08 13:07,3,4.4,0.0
Cleanaway waste,Unallocated Cleanaway,18897469_General,,Cleanaway,Waste (general solid) to landfill [t],Waste - General Landfill [t],,,True,2025/04/08 13:07,0,0.0,0.0
Cleanaway waste,Unallocated Cleanaway,18897470_General,,Cleanaway,Waste (general solid) to landfill [t],Waste - General Landfill [t],,,True,2025/04/08 13:07,3,1.5,0.0
Cleanaway waste,Unallocated Cleanaway,18897481_General,,Cleanaway,Waste (general solid) to landfill [t],Waste - General Landfill [t],,,True,2025/04/08 13:07,3,1.3,0.0
Cleanaway waste,Unallocated Cleanaway,18897492_General,,Cleanaway,Waste (general solid) to landfill [t],Waste - General Landfill [t],,,True,2025/04/08 13:07,3,1.4,0.0
Cleanaway waste,Unallocated Cleanaway,18897503_General,,Cleanaway,Waste (general solid) to landfill [t],Waste - General Landfill [t],,,True,2025/04/08 13:07,3,4.7,0.0
Cleanaway waste,Unallocated Cleanaway,18897514_General,,Cleanaway,Waste (general solid) to landfill [t],Waste - General Landfill [t],,,True,2025/04/08 13:07,3,13.2,0.0
Cleanaway waste,Unallocated Cleanaway,18897525_General,,Cleanaway,Waste (general solid) to landfill [t],Waste - General Landfill [t],,,True,2025/04/08 13:07,3,6.6,0.0
Cleanaway waste,Unallocated Cleanaway,18897547_General,,Cleanaway,Waste (general solid) to landfill [t],Waste - General Landfill [t],,,True,2025/04/08 13:07,3,2.5,0.0
Cleanaway waste,Unallocated Cleanaway,18897558_General,,Cleanaway,Waste (general solid) to landfill [t],Waste - General Landfill [t],,,True,2025/04/08 13:07,3,2.4,0.0
Cleanaway waste,Unallocated Cleanaway,18897570_General,,Cleanaway,Waste (general solid) to landfill [t],Waste - General Landfill [t],,,True,2025/04/08 13:07,3,1.1,0.0
Cleanaway waste,Unallocated Cleanaway,18897591_General,,Cleanaway,Waste (general solid) to landfill [t],Waste - General Landfill [t],,,True,2025/12/11 17:24,3,1.2,0.0
Cleanaway waste,Unallocated Cleanaway,18897613_General,,Cleanaway,Waste (general solid) to landfill [t],Waste - General Landfill [t],,,True,2025/04/08 13:07,3,1.4,0.0
Cleanaway waste,Unallocated Cleanaway,18897624_General,,Cleanaway,Waste (general solid) to landfill [t],Waste - General Landfill [t],,,True,2025/12/11 17:24,3,1.4,0.0
Cleanaway waste,Unallocated Cleanaway,18897635_General,,Cleanaway,Waste (general solid) to landfill [t],Waste - General Landfill [t],,,True,2025/04/08 13:07,3,0.8,0.0
Cleanaway waste,Unallocated Cleanaway,18897646_General,,Cleanaway,Waste (general solid) to landfill [t],Waste - General Landfill [t],,,True,2025/04/08 13:07,3,1.8,0.0
Cleanaway waste,Unallocated Cleanaway,18897657_General,,Cleanaway,Waste (general solid) to landfill [t],Waste - General Landfill [t],,,True,2025/04/08 13:07,3,1.4,0.0
Cleanaway waste,Unallocated Cleanaway,18897713_General,,Cleanaway,Waste (general solid) to landfill [t],Waste - General Landfill [t],,,True,2025/04/08 13:07,3,2.0,0.0
Cleanaway waste,Unallocated Cleanaway,18897724_General,,Cleanaway,Waste (general solid) to landfill [t],Waste - General Landfill [t],,,True,2025/04/08 13:07,3,0.6,0.0
Cleanaway waste,Unallocated Cleanaway,18897734_General,,Cleanaway,Waste (general solid) to landfill [t],Waste - General Landfill [t],,,True,2025/04/08 13:07,3,1.3,0.0
Cleanaway waste,Unallocated Cleanaway,18897745_General,,Cleanaway,Waste (general solid) to landfill [t],Waste - General Landfill [t],,,True,2025/04/08 13:07,3,2.1,0.0
Cleanaway waste,Unallocated Cleanaway,18897778_General,,Cleanaway,Waste (general solid) to landfill [t],Waste - General Landfill [t],,,True,2025/04/08 13:07,3,2.8,0.0
Cleanaway waste,Unallocated Cleanaway,18897801_General,,Cleanaway,Waste (general solid) to landfill [t],Waste - General Landfill [t],,,True,2025/04/08 13:07,3,1.4,0.0
Cleanaway waste,Unallocated Cleanaway,18897812_General,,Cleanaway,Waste (general solid) to landfill [t],Waste - General Landfill [t],,,True,2025/04/08 13:07,3,4.9,0.0
Cleanaway waste,Unallocated Cleanaway,18897823_General,,Cleanaway,Waste (general solid) to landfill [t],Waste - General Landfill [t],,,True,2025/04/08 13:07,3,3.2,0.0
Cleanaway waste,Unallocated Cleanaway,18897834_General,,Cleanaway,Waste (general solid) to landfill [t],Waste - General Landfill [t],,,True,2025/04/08 13:07,3,1.5,0.0
Cleanaway waste,Unallocated Cleanaway,18897845_General,,Cleanaway,Waste (general solid) to landfill [t],Waste - General Landfill [t],,,True,2025/04/08 13:07,3,1.9,0.0
Cleanaway waste,Unallocated Cleanaway,18897856_General,,Cleanaway,Waste (general solid) to landfill [t],Waste - General Landfill [t],,,True,2025/04/08 13:07,3,2.3,0.0
Cleanaway waste,Unallocated Cleanaway,18897867_General,,Cleanaway,Waste (general solid) to landfill [t],Waste - General Landfill [t],,,True,2025/04/08 13:07,3,1.4,0.0
Cleanaway waste,Unallocated Cleanaway,18897899_General,,Cleanaway,Waste (general solid) to landfill [t],Waste - General Landfill [t],,,True,2025/12/11 17:24,0,0.0,0.0
Cleanaway waste,Unallocated Cleanaway,18897988_General,,Cleanaway,Waste (general solid) to landfill [t],Waste - General Landfill [t],,,True,2025/04/08 13:07,3,1.1,0.0
Cleanaway waste,Unallocated Cleanaway,18898132_General,,Cleanaway,Waste (general solid) to landfill [t],Waste - General Landfill [t],,,True,2026/01/08 13:50,0,0.0,0.0
Cleanaway waste,Unallocated Cleanaway,18898275_General,,Cleanaway,Waste (general solid) to landfill [t],Waste - General Landfill [t],,,True,2025/03/07 21:32,3,0.0,0.0
Cleanaway waste,Unallocated Cleanaway,18898374_General,,Cleanaway,Waste (general solid) to landfill [t],Waste - General Landfill [t],,,True,2025/06/06 12:05,3,0.0,0.0
Cleanaway waste,Unallocated Cleanaway,18898484_General,,Cleanaway,Waste (general solid) to landfill [t],Waste - General Landfill [t],,,True,2025/04/08 13:07,3,1.1,0.0
Cleanaway waste,Unallocated Cleanaway,18898506_General,,Cleanaway,Waste (general solid) to landfill [t],Waste - General Landfill [t],,,True,2025/04/08 13:07,3,1.5,0.0
Cleanaway waste,Unallocated Cleanaway,18900182_General,,Cleanaway,Waste (general solid) to landfill [t],Waste - General Landfill [t],,,True,2025/06/06 12:05,3,0.9,0.0
Cleanaway waste,Unallocated Cleanaway,18900534_General,,Cleanaway,Waste (general solid) to landfill [t],Waste - General Landfill [t],,,True,2025/06/06 12:05,3,0.5,0.0
Cleanaway waste,Unallocated Cleanaway,18902595_General,,Cleanaway,Waste (general solid) to landfill [t],Waste - General Landfill [t],,,True,2026/01/08 13:50,0,0.0,0.0
Cleanaway waste,Unallocated Cleanaway,18903928_General,,Cleanaway,Waste (general solid) to landfill [t],Waste - General Landfill [t],,,True,2026/01/08 13:50,0,0.0,0.0
Cleanaway waste,Unallocated Cleanaway,18904689_General,,Cleanaway,Waste (general solid) to landfill [t],Waste - General Landfill [t],,,True,2026/01/08 13:50,0,0.0,0.0
Cleanaway waste,Unallocated Cleanaway,18904744_General,,Cleanaway,Waste (general solid) to landfill [t],Waste - General Landfill [t],,,True,2026/01/08 13:50,3,2.7,0.0
Cleanaway waste,Unallocated Cleanaway,18906255_General,,Cleanaway,Waste (general solid) to landfill [t],Waste - General Landfill [t],,,True,2026/04/08 15:10,3,0.6,0.0
Cleanaway waste,Unallocated Cleanaway,19475267_General,,Cleanaway,Waste (general solid) to landfill [t],Waste - General Landfill [t],,,True,2024/05/09 17:28,0,0.0,0.0
Cleanaway waste,Unallocated Cleanaway,2292045_Oily Rags,,Cleanaway,Waste (general solid) to landfill [t],Waste - General Landfill [t],,,True,2025/05/08 13:10,0,0.0,0.0
Cleanaway waste,Unallocated Cleanaway,2293846_General,,Cleanaway,Waste (general solid) to landfill [t],Waste - General Landfill [t],,31 Jul 2024,False,2026/04/02 17:22,0,0.0,0.0
Cleanaway waste,Unallocated Cleanaway,2294082_Oily Rags,,Cleanaway,Waste (general solid) to landfill [t],Waste - General Landfill [t],,,True,2026/08/07 12:01,1,0.2,0.0
Cleanaway waste,Unallocated Cleanaway,2296431_General,,Cleanaway,Waste (general solid) to landfill [t],Waste - General Landfill [t],,,True,2025/05/08 13:10,1,0.0,0.0
Cleanaway waste,Unallocated Cleanaway,2296431_Oily Rags,,Cleanaway,Waste (general solid) to landfill [t],Waste - General Landfill [t],,,True,2026/08/07 12:01,1,0.2,0.0
Cleanaway waste,Unallocated Cleanaway,2309052_General,,Cleanaway,Waste (general solid) to landfill [t],Waste - General Landfill [t],,30 Nov 2023,False,2026/04/02 17:22,0,0.0,0.0
Cleanaway waste,Unallocated Cleanaway,2325997_Oily Rags,,Cleanaway,Waste (general solid) to landfill [t],Waste - General Landfill [t],,,True,2025/04/08 13:07,0,0.0,0.0
Cleanaway waste,Unallocated Cleanaway,2704887_General,,Cleanaway,Waste (general solid) to landfill [t],Waste - General Landfill [t],,,True,2025/02/07 17:37,3,15.9,0.0
Cleanaway waste,Unallocated Cleanaway,27974465_General,,Cleanaway,Waste (general solid) to landfill [t],Waste - General Landfill [t],,,True,2025/01/09 09:44,0,0.0,0.0
Cleanaway waste,Unallocated Cleanaway,27993820_General,,Cleanaway,Waste (general solid) to landfill [t],Waste - General Landfill [t],,,True,2024/04/04 14:41,0,0.0,0.0
Cleanaway waste,Unallocated Cleanaway,28490132_General,,Cleanaway,Waste (general solid) to landfill [t],Waste - General Landfill [t],,,True,2024/03/12 15:06,6,1.0,0.0
Cleanaway waste,Unallocated Cleanaway,2974316_General,,Cleanaway,Waste (general solid) to landfill [t],Waste - General Landfill [t],,30 Nov 2023,False,2026/04/02 17:22,0,0.0,0.0
Cleanaway waste,Unallocated Cleanaway,3117434_Oily Rags,,Cleanaway,Waste (general solid) to landfill [t],Waste - General Landfill [t],,,True,2025/01/08 14:17,0,0.0,0.0
Cleanaway waste,Unallocated Cleanaway,3191775_General,,Cleanaway,Waste (general solid) to landfill [t],Waste - General Landfill [t],,,True,2025/12/11 17:24,0,0.0,0.0
Cleanaway waste,Unallocated Cleanaway,3280992_General,,Cleanaway,Waste (general solid) to landfill [t],Waste - General Landfill [t],,,True,2025/12/11 16:02,1,2.3,0.0
Cleanaway waste,Unallocated Cleanaway,32903182_General,,Cleanaway,Waste (general solid) to landfill [t],Waste - General Landfill [t],,,True,2024/03/12 15:06,0,0.0,0.0
Cleanaway waste,Unallocated Cleanaway,33052827_General,,Cleanaway,Waste (general solid) to landfill [t],Waste - General Landfill [t],,,True,2024/05/09 17:28,0,0.0,0.0
Cleanaway waste,Unallocated Cleanaway,3347794_General,,Cleanaway,Waste (general solid) to landfill [t],Waste - General Landfill [t],,31 Aug 2024,False,2026/04/02 17:22,0,0.0,0.0
Cleanaway waste,Unallocated Cleanaway,3368761_General,,Cleanaway,Waste (general solid) to landfill [t],Waste - General Landfill [t],,31 Dec 2023,False,2026/04/02 17:22,0,0.0,0.0
Cleanaway waste,Unallocated Cleanaway,341640_Oily Rags,,Cleanaway,Waste (general solid) to landfill [t],Waste - General Landfill [t],,30 Nov 2023,False,2026/04/02 17:22,0,0.0,0.0
Cleanaway waste,Unallocated Cleanaway,3426406_General,,Cleanaway,Waste (general solid) to landfill [t],Waste - General Landfill [t],,30 Apr 2024,False,2026/04/02 17:22,0,0.0,0.0
Cleanaway waste,Unallocated Cleanaway,3431144_General,,Cleanaway,Waste (general solid) to landfill [t],Waste - General Landfill [t],,,True,2024/04/04 14:49,0,0.0,0.0
Cleanaway waste,Unallocated Cleanaway,3504159_General,,Cleanaway,Waste (general solid) to landfill [t],Waste - General Landfill [t],,31 Aug 2024,False,2026/04/02 17:22,0,0.0,0.0
Cleanaway waste,Unallocated Cleanaway,360496_Oily Rags,,Cleanaway,Waste (general solid) to landfill [t],Waste - General Landfill [t],,30 Nov 2023,False,2026/04/02 17:22,0,0.0,0.0
Cleanaway waste,Unallocated Cleanaway,3652176_General,,Cleanaway,Waste (general solid) to landfill [t],Waste - General Landfill [t],,,True,2024/06/07 13:03,0,0.0,0.0
Cleanaway waste,Unallocated Cleanaway,3712810_General,,Cleanaway,Waste (general solid) to landfill [t],Waste - General Landfill [t],,,True,2025/01/09 09:44,1,0.0,0.0
Cleanaway waste,Unallocated Cleanaway,3767518_General,,Cleanaway,Waste (general solid) to landfill [t],Waste - General Landfill [t],,30 Nov 2023,False,2026/04/02 17:22,0,0.0,0.0
Cleanaway waste,Unallocated Cleanaway,3840151_General,,Cleanaway,Waste (general solid) to landfill [t],Waste - General Landfill [t],,,True,2024/04/04 14:49,0,0.0,0.0
Cleanaway waste,Unallocated Cleanaway,3840159_General,,Cleanaway,Waste (general solid) to landfill [t],Waste - General Landfill [t],,,True,2025/01/08 17:23,0,0.0,0.0
Cleanaway waste,Unallocated Cleanaway,3840161_General,,Cleanaway,Waste (general solid) to landfill [t],Waste - General Landfill [t],,,True,2024/04/04 14:49,0,0.0,0.0
Cleanaway waste,Unallocated Cleanaway,3840167_General,,Cleanaway,Waste (general solid) to landfill [t],Waste - General Landfill [t],,,True,2024/03/12 15:06,1,0.0,0.0
Cleanaway waste,Unallocated Cleanaway,3840171_General,,Cleanaway,Waste (general solid) to landfill [t],Waste - General Landfill [t],,,True,2024/03/12 15:06,0,0.0,0.0
Cleanaway waste,Unallocated Cleanaway,3840173_General,,Cleanaway,Waste (general solid) to landfill [t],Waste - General Landfill [t],,,True,2024/03/12 15:06,1,0.0,0.0
Cleanaway waste,Unallocated Cleanaway,3840180_General,,Cleanaway,Waste (general solid) to landfill [t],Waste - General Landfill [t],,,True,2024/04/04 14:41,0,0.0,0.0
Cleanaway waste,Unallocated Cleanaway,3840184_General,,Cleanaway,Waste (general solid) to landfill [t],Waste - General Landfill [t],,,True,2024/04/04 14:49,0,0.0,0.0
Cleanaway waste,Unallocated Cleanaway,3840190_General,,Cleanaway,Waste (general solid) to landfill [t],Waste - General Landfill [t],,,True,2024/04/04 14:41,1,0.0,0.0
Cleanaway waste,Unallocated Cleanaway,4153086_General,,Cleanaway,Waste (general solid) to landfill [t],Waste - General Landfill [t],,,True,2025/07/07 16:51,2,5.6,0.0
Cleanaway waste,Unallocated Cleanaway,4180432_General,,Cleanaway,Waste (general solid) to landfill [t],Waste - General Landfill [t],,31 Oct 2024,False,2026/04/02 17:22,0,0.0,0.0
Cleanaway waste,Unallocated Cleanaway,4321975_General,,Cleanaway,Waste (general solid) to landfill [t],Waste - General Landfill [t],,,True,2025/12/11 17:24,0,0.0,0.0
Cleanaway waste,Unallocated Cleanaway,4325050_General,,Cleanaway,Waste (general solid) to landfill [t],Waste - General Landfill [t],,,True,2025/05/08 13:10,3,2.8,0.0
Cleanaway waste,Unallocated Cleanaway,436904_General,,Cleanaway,Waste (general solid) to landfill [t],Waste - General Landfill [t],,,True,2024/04/04 14:41,3,0.0,0.0
Cleanaway waste,Unallocated Cleanaway,436904_Oily Rags,,Cleanaway,Waste (general solid) to landfill [t],Waste - General Landfill [t],,,True,2024/04/04 14:41,4,0.7,0.0
Cleanaway waste,Unallocated Cleanaway,4395704_General,,Cleanaway,Waste (general solid) to landfill [t],Waste - General Landfill [t],,,True,2025/08/08 18:14,0,0.0,0.0
Cleanaway waste,Unallocated Cleanaway,4428261_Oily Rags,,Cleanaway,Waste (general solid) to landfill [t],Waste - General Landfill [t],,,True,2025/08/08 18:14,0,0.0,0.0
Cleanaway waste,Unallocated Cleanaway,4451575_General,,Cleanaway,Waste (general solid) to landfill [t],Waste - General Landfill [t],,,True,2026/09/07 16:22,1,63.5,0.0
Cleanaway waste,Unallocated Cleanaway,4561742_General,,Cleanaway,Waste (general solid) to landfill [t],Waste - General Landfill [t],,,True,2025/12/11 17:24,5,133.1,0.0
Cleanaway waste,Unallocated Cleanaway,48949966_General,,Cleanaway,Waste (general solid) to landfill [t],Waste - General Landfill [t],,,True,2024/03/12 15:06,6,14.8,0.0
Cleanaway waste,Unallocated Cleanaway,48954022_General,,Cleanaway,Waste (general solid) to landfill [t],Waste - General Landfill [t],,,True,2025/04/08 13:07,3,0.1,0.0
Cleanaway waste,Unallocated Cleanaway,49017597_General,,Cleanaway,Waste (general solid) to landfill [t],Waste - General Landfill [t],,,True,2024/03/12 15:06,6,1.4,0.0
Cleanaway waste,Unallocated Cleanaway,49022910_General,,Cleanaway,Waste (general solid) to landfill [t],Waste - General Landfill [t],,,True,2024/03/12 15:06,6,0.3,0.0
Cleanaway waste,Unallocated Cleanaway,49031606_General,,Cleanaway,Waste (general solid) to landfill [t],Waste - General Landfill [t],,31 Oct 2024,False,2026/04/02 17:22,0,0.0,0.0
Cleanaway waste,Unallocated Cleanaway,49032256_General,,Cleanaway,Waste (general solid) to landfill [t],Waste - General Landfill [t],,,True,2025/04/08 13:07,0,0.0,0.0
Cleanaway waste,Unallocated Cleanaway,49050167_General,,Cleanaway,Waste (general solid) to landfill [t],Waste - General Landfill [t],,,True,2024/03/12 15:06,0,0.0,0.0
Cleanaway waste,Unallocated Cleanaway,49076973_General,,Cleanaway,Waste (general solid) to landfill [t],Waste - General Landfill [t],,29 Feb 2024,False,2026/04/02 17:22,0,0.0,0.0
Cleanaway waste,Unallocated Cleanaway,49077744_General,,Cleanaway,Waste (general solid) to landfill [t],Waste - General Landfill [t],,31 Dec 2023,False,2026/04/02 17:22,0,0.0,0.0
Cleanaway waste,Unallocated Cleanaway,49078561_General,,Cleanaway,Waste (general solid) to landfill [t],Waste - General Landfill [t],,30 Jun 2024,False,2026/04/02 17:22,0,0.0,0.0
Cleanaway waste,Unallocated Cleanaway,49082683_General,,Cleanaway,Waste (general solid) to landfill [t],Waste - General Landfill [t],,,True,2024/03/12 15:06,6,0.5,0.0
Cleanaway waste,Unallocated Cleanaway,49083145_General,,Cleanaway,Waste (general solid) to landfill [t],Waste - General Landfill [t],,,True,2024/03/12 15:06,6,1.5,0.0
Cleanaway waste,Unallocated Cleanaway,49086364_General,,Cleanaway,Waste (general solid) to landfill [t],Waste - General Landfill [t],,31 Jan 2024,False,2026/04/02 17:22,0,0.0,0.0
Cleanaway waste,Unallocated Cleanaway,49092679_General,,Cleanaway,Waste (general solid) to landfill [t],Waste - General Landfill [t],,,True,2024/04/04 14:41,6,0.2,0.0
Cleanaway waste,Unallocated Cleanaway,49094774_General,,Cleanaway,Waste (general solid) to landfill [t],Waste - General Landfill [t],,,True,2024/03/12 15:06,6,0.2,0.0
Cleanaway waste,Unallocated Cleanaway,49095368_General,,Cleanaway,Waste (general solid) to landfill [t],Waste - General Landfill [t],,30 Jun 2024,False,2026/04/02 17:22,0,0.0,0.0
Cleanaway waste,Unallocated Cleanaway,49101629_General,,Cleanaway,Waste (general solid) to landfill [t],Waste - General Landfill [t],,,True,2024/04/04 14:41,2,0.4,0.0
Cleanaway waste,Unallocated Cleanaway,49118912_General,,Cleanaway,Waste (general solid) to landfill [t],Waste - General Landfill [t],,30 Nov 2023,False,2026/04/02 17:22,0,0.0,0.0
Cleanaway waste,Unallocated Cleanaway,49118945_General,,Cleanaway,Waste (general solid) to landfill [t],Waste - General Landfill [t],,,True,2024/03/12 15:06,0,0.0,0.0
Cleanaway waste,Unallocated Cleanaway,49120874_General,,Cleanaway,Waste (general solid) to landfill [t],Waste - General Landfill [t],,,True,2025/04/08 13:07,0,0.0,0.0
Cleanaway waste,Unallocated Cleanaway,49121436_General,,Cleanaway,Waste (general solid) to landfill [t],Waste - General Landfill [t],,31 Oct 2024,False,2026/04/02 17:22,0,0.0,0.0
Cleanaway waste,Unallocated Cleanaway,49123706_General,,Cleanaway,Waste (general solid) to landfill [t],Waste - General Landfill [t],,,True,2024/03/12 15:06,6,0.3,0.0
Cleanaway waste,Unallocated Cleanaway,49129085_General,,Cleanaway,Waste (general solid) to landfill [t],Waste - General Landfill [t],,31 Mar 2024,False,2026/04/02 17:22,0,0.0,0.0
Cleanaway waste,Unallocated Cleanaway,49129096_General,,Cleanaway,Waste (general solid) to landfill [t],Waste - General Landfill [t],,30 Nov 2023,False,2026/04/02 17:22,0,0.0,0.0
Cleanaway waste,Unallocated Cleanaway,49132403_General,,Cleanaway,Waste (general solid) to landfill [t],Waste - General Landfill [t],,,True,2024/03/12 15:06,6,2.3,0.0
Cleanaway waste,Unallocated Cleanaway,49137439_General,,Cleanaway,Waste (general solid) to landfill [t],Waste - General Landfill [t],,31 Oct 2024,False,2026/04/02 17:22,0,0.0,0.0
Cleanaway waste,Unallocated Cleanaway,49148870_General,,Cleanaway,Waste (general solid) to landfill [t],Waste - General Landfill [t],,31 Mar 2024,False,2026/04/02 17:22,0,0.0,0.0
Cleanaway waste,Unallocated Cleanaway,49149167_General,,Cleanaway,Waste (general solid) to landfill [t],Waste - General Landfill [t],,31 Mar 2024,False,2026/04/02 17:22,0,0.0,0.0
Cleanaway waste,Unallocated Cleanaway,49150700_General,,Cleanaway,Waste (general solid) to landfill [t],Waste - General Landfill [t],,31 May 2024,False,2026/04/02 17:22,0,0.0,0.0
Cleanaway waste,Unallocated Cleanaway,49151669_General,,Cleanaway,Waste (general solid) to landfill [t],Waste - General Landfill [t],,31 May 2024,False,2026/04/02 17:22,0,0.0,0.0
Cleanaway waste,Unallocated Cleanaway,49153587_General,,Cleanaway,Waste (general solid) to landfill [t],Waste - General Landfill [t],,31 May 2024,False,2026/04/02 17:22,0,0.0,0.0
Cleanaway waste,Unallocated Cleanaway,49155351_General,,Cleanaway,Waste (general solid) to landfill [t],Waste - General Landfill [t],,,True,2024/10/10 18:17,1,0.2,0.0
Cleanaway waste,Unallocated Cleanaway,49157203_General,,Cleanaway,Waste (general solid) to landfill [t],Waste - General Landfill [t],,30 Jun 2024,False,2026/04/02 17:22,0,0.0,0.0
Cleanaway waste,Unallocated Cleanaway,49162923_General,,Cleanaway,Waste (general solid) to landfill [t],Waste - General Landfill [t],,,True,2024/10/10 18:17,6,1.0,0.0
Cleanaway waste,Unallocated Cleanaway,49163308_General,,Cleanaway,Waste (general solid) to landfill [t],Waste - General Landfill [t],,,True,2024/10/10 18:17,6,1.4,0.0
Cleanaway waste,Unallocated Cleanaway,49165877_General,,Cleanaway,Waste (general solid) to landfill [t],Waste - General Landfill [t],,,True,2025/01/08 14:17,6,12.1,0.0
Cleanaway waste,Unallocated Cleanaway,49167629_General,,Cleanaway,Waste (general solid) to landfill [t],Waste - General Landfill [t],,30 Nov 2024,False,2026/04/02 17:22,0,0.0,0.0
Cleanaway waste,Unallocated Cleanaway,49169834_General,,Cleanaway,Waste (general solid) to landfill [t],Waste - General Landfill [t],,30 Nov 2024,False,2026/04/02 17:22,0,0.0,0.0
Cleanaway waste,Unallocated Cleanaway,49174716_General,,Cleanaway,Waste (general solid) to landfill [t],Waste - General Landfill [t],,,True,2025/02/07 17:37,0,0.0,0.0
Cleanaway waste,Unallocated Cleanaway,49179489_General,,Cleanaway,Waste (general solid) to landfill [t],Waste - General Landfill [t],,31 Jul 2024,False,2026/04/02 17:22,0,0.0,0.0
Cleanaway waste,Unallocated Cleanaway,49180140_General,,Cleanaway,Waste (general solid) to landfill [t],Waste - General Landfill [t],,,True,2025/04/08 13:07,1,0.4,0.0
Cleanaway waste,Unallocated Cleanaway,49184857_General,,Cleanaway,Waste (general solid) to landfill [t],Waste - General Landfill [t],,,True,2025/06/06 12:05,0,0.0,0.0
Cleanaway waste,Unallocated Cleanaway,49185154_General,,Cleanaway,Waste (general solid) to landfill [t],Waste - General Landfill [t],,,True,2025/10/17 16:00,1,4.5,0.0
Cleanaway waste,Unallocated Cleanaway,49186334_General,,Cleanaway,Waste (general solid) to landfill [t],Waste - General Landfill [t],,,True,2025/07/07 16:51,2,0.0,0.0
Cleanaway waste,Unallocated Cleanaway,49186576_General,,Cleanaway,Waste (general solid) to landfill [t],Waste - General Landfill [t],,,True,2025/07/07 16:51,6,3.6,0.0
Cleanaway waste,Unallocated Cleanaway,49188252_General,,Cleanaway,Waste (general solid) to landfill [t],Waste - General Landfill [t],,,True,2025/07/07 16:51,1,2.8,0.0
Cleanaway waste,Unallocated Cleanaway,49189133_General,,Cleanaway,Waste (general solid) to landfill [t],Waste - General Landfill [t],,,True,2025/08/08 18:14,6,0.7,0.0
Cleanaway waste,Unallocated Cleanaway,49193223_General,,Cleanaway,Waste (general solid) to landfill [t],Waste - General Landfill [t],,,True,2025/10/17 16:00,1,0.4,0.0
Cleanaway waste,Unallocated Cleanaway,49197224_General,,Cleanaway,Waste (general solid) to landfill [t],Waste - General Landfill [t],,,True,2025/12/11 16:02,0,0.0,0.0
Cleanaway waste,Unallocated Cleanaway,49198127_General,,Cleanaway,Waste (general solid) to landfill [t],Waste - General Landfill [t],,,True,2026/08/07 12:01,1,4.7,0.0
Cleanaway waste,Unallocated Cleanaway,49199714_General,,Cleanaway,Waste (general solid) to landfill [t],Waste - General Landfill [t],,,True,2025/12/11 17:24,6,2.6,0.0
Cleanaway waste,Unallocated Cleanaway,49200211_General,,Cleanaway,Waste (general solid) to landfill [t],Waste - General Landfill [t],,,True,2025/12/11 17:24,6,9.7,0.0
Cleanaway waste,Unallocated Cleanaway,49200222_General,,Cleanaway,Waste (general solid) to landfill [t],Waste - General Landfill [t],,,True,2026/01/08 13:50,6,0.4,0.0
Cleanaway waste,Unallocated Cleanaway,49200233_General,,Cleanaway,Waste (general solid) to landfill [t],Waste - General Landfill [t],,,True,2026/05/07 10:58,5,2.1,0.0
Cleanaway waste,Unallocated Cleanaway,49208003_General,,Cleanaway,Waste (general solid) to landfill [t],Waste - General Landfill [t],,,True,2026/04/08 15:10,1,1.2,0.0
Cleanaway waste,Unallocated Cleanaway,49208621_General,,Cleanaway,Waste (general solid) to landfill [t],Waste - General Landfill [t],,,True,2026/04/08 15:10,2,2.7,0.0
Cleanaway waste,Unallocated Cleanaway,49208885_General,,Cleanaway,Waste (general solid) to landfill [t],Waste - General Landfill [t],,,True,2026/04/08 15:10,6,9.6,0.0
Cleanaway waste,Unallocated Cleanaway,49210561_General,,Cleanaway,Waste (general solid) to landfill [t],Waste - General Landfill [t],,,True,2026/05/07 10:58,2,2.3,0.0
Cleanaway waste,Unallocated Cleanaway,49210571_General,,Cleanaway,Waste (general solid) to landfill [t],Waste - General Landfill [t],,,True,2026/05/07 10:58,1,0.0,0.0
Cleanaway waste,Unallocated Cleanaway,49211155_General,,Cleanaway,Waste (general solid) to landfill [t],Waste - General Landfill [t],,,True,2026/05/07 10:58,5,1.8,0.0
Cleanaway waste,Unallocated Cleanaway,49211486_General,,Cleanaway,Waste (general solid) to landfill [t],Waste - General Landfill [t],,,True,2026/05/07 10:58,5,0.4,0.0
Cleanaway waste,Unallocated Cleanaway,49211508_General,,Cleanaway,Waste (general solid) to landfill [t],Waste - General Landfill [t],,,True,2026/05/07 10:58,5,3.5,0.0
Cleanaway waste,Unallocated Cleanaway,49211960_General,,Cleanaway,Waste (general solid) to landfill [t],Waste - General Landfill [t],,,True,2026/06/05 14:03,4,4.5,0.0
Cleanaway waste,Unallocated Cleanaway,49215663_General,,Cleanaway,Waste (general solid) to landfill [t],Waste - General Landfill [t],,,True,2026/09/07 16:22,1,0.2,0.0
Cleanaway waste,Unallocated Cleanaway,49215817_General,,Cleanaway,Waste (general solid) to landfill [t],Waste - General Landfill [t],,,True,2026/08/07 12:01,2,0.4,0.0
Cleanaway waste,Unallocated Cleanaway,49216071_General,,Cleanaway,Waste (general solid) to landfill [t],Waste - General Landfill [t],,,True,2026/08/07 12:01,2,0.3,0.0
Cleanaway waste,Unallocated Cleanaway,53765916_General,,Cleanaway,Waste (general solid) to landfill [t],Waste - General Landfill [t],,,True,2024/04/04 14:41,0,0.0,0.0
Cleanaway waste,Unallocated Cleanaway,53788235_General,,Cleanaway,Waste (general solid) to landfill [t],Waste - General Landfill [t],,30 Sep 2024,False,2026/04/02 17:22,0,0.0,0.0
Cleanaway waste,Unallocated Cleanaway,53993444_General,,Cleanaway,Waste (general solid) to landfill [t],Waste - General Landfill [t],,,True,2024/03/12 15:06,6,4.8,0.0
Cleanaway waste,Unallocated Cleanaway,53993939_General,,Cleanaway,Waste (general solid) to landfill [t],Waste - General Landfill [t],,31 Jul 2024,False,2026/04/02 17:22,0,0.0,0.0
Cleanaway waste,Unallocated Cleanaway,53995438_General,,Cleanaway,Waste (general solid) to landfill [t],Waste - General Landfill [t],,31 Dec 2023,False,2026/04/02 17:22,0,0.0,0.0
Cleanaway waste,Unallocated Cleanaway,53998348_General,,Cleanaway,Waste (general solid) to landfill [t],Waste - General Landfill [t],,,True,2024/04/09 09:39,0,0.0,0.0
Cleanaway waste,Unallocated Cleanaway,53998767_General,,Cleanaway,Waste (general solid) to landfill [t],Waste - General Landfill [t],,31 Dec 2023,False,2026/04/02 17:22,0,0.0,0.0
Cleanaway waste,Unallocated Cleanaway,53999540_General,,Cleanaway,Waste (general solid) to landfill [t],Waste - General Landfill [t],,,True,2024/06/07 13:03,0,0.0,0.0
Cleanaway waste,Unallocated Cleanaway,54017879_General,,Cleanaway,Waste (general solid) to landfill [t],Waste - General Landfill [t],,,True,2026/07/08 16:57,1,0.0,0.0
Cleanaway waste,Unallocated Cleanaway,60316405_General,,Cleanaway,Waste (general solid) to landfill [t],Waste - General Landfill [t],,,True,2024/03/12 15:06,0,0.0,0.0
Cleanaway waste,Unallocated Cleanaway,60321630_General,,Cleanaway,Waste (general solid) to landfill [t],Waste - General Landfill [t],,,True,2024/03/12 15:06,0,0.0,0.0
Cleanaway waste,Unallocated Cleanaway,63206_Oily Rags,,Cleanaway,Waste (general solid) to landfill [t],Waste - General Landfill [t],,,True,2024/04/04 15:03,0,0.0,0.0
Cleanaway waste,Unallocated Cleanaway,63575_Oily Rags,,Cleanaway,Waste (general solid) to landfill [t],Waste - General Landfill [t],,,True,2024/06/07 13:03,1,0.2,0.0
Cleanaway waste,Unallocated Cleanaway,71042_Oily Rags,,Cleanaway,Waste (general solid) to landfill [t],Waste - General Landfill [t],,30 Apr 2024,False,2026/04/02 17:22,0,0.0,0.0
Cleanaway waste,Unallocated Cleanaway,72687_General,,Cleanaway,Waste (general solid) to landfill [t],Waste - General Landfill [t],,30 Sep 2024,False,2026/04/02 17:22,0,0.0,0.0
Cleanaway waste,Unallocated Cleanaway,72729_General,,Cleanaway,Waste (general solid) to landfill [t],Waste - General Landfill [t],,,True,2025/10/17 16:00,0,0.0,0.0
Cleanaway waste,Unallocated Cleanaway,73364940_General,,Cleanaway,Waste (general solid) to landfill [t],Waste - General Landfill [t],,,True,2025/05/08 13:10,0,0.0,0.0
Cleanaway waste,Unallocated Cleanaway,73385187_General,,Cleanaway,Waste (general solid) to landfill [t],Waste - General Landfill [t],,30 Jun 2024,False,2026/04/02 17:22,0,0.0,0.0
Cleanaway waste,Unallocated Cleanaway,73445378_General,,Cleanaway,Waste (general solid) to landfill [t],Waste - General Landfill [t],,31 Dec 2023,False,2026/04/02 17:22,0,0.0,0.0
Cleanaway waste,Unallocated Cleanaway,73464336_General,,Cleanaway,Waste (general solid) to landfill [t],Waste - General Landfill [t],,31 Aug 2024,False,2026/04/02 17:22,0,0.0,0.0
Cleanaway waste,Unallocated Cleanaway,73472405_General,,Cleanaway,Waste (general solid) to landfill [t],Waste - General Landfill [t],,31 Aug 2024,False,2026/04/02 17:22,0,0.0,0.0
Cleanaway waste,Unallocated Cleanaway,73491815_General,,Cleanaway,Waste (general solid) to landfill [t],Waste - General Landfill [t],,,True,2024/03/12 15:06,6,2.6,0.0
Cleanaway waste,Unallocated Cleanaway,73535903_General,,Cleanaway,Waste (general solid) to landfill [t],Waste - General Landfill [t],,31 Dec 2023,False,2026/04/02 17:22,0,0.0,0.0
Cleanaway waste,Unallocated Cleanaway,73563766_General,,Cleanaway,Waste (general solid) to landfill [t],Waste - General Landfill [t],,31 Aug 2024,False,2026/04/02 17:22,0,0.0,0.0
Cleanaway waste,Unallocated Cleanaway,73570292_General,,Cleanaway,Waste (general solid) to landfill [t],Waste - General Landfill [t],,,True,2024/03/12 15:06,4,0.0,0.0
Cleanaway waste,Unallocated Cleanaway,73573377_General,,Cleanaway,Waste (general solid) to landfill [t],Waste - General Landfill [t],,,True,2024/03/12 15:06,3,15.4,0.0
Cleanaway waste,Unallocated Cleanaway,73580333_General,,Cleanaway,Waste (general solid) to landfill [t],Waste - General Landfill [t],,,True,2024/03/12 15:06,6,3.8,0.0
Cleanaway waste,Unallocated Cleanaway,73596491_General,,Cleanaway,Waste (general solid) to landfill [t],Waste - General Landfill [t],,,True,2026/07/08 16:57,3,3.9,0.0
Cleanaway waste,Unallocated Cleanaway,73606598_General,,Cleanaway,Waste (general solid) to landfill [t],Waste - General Landfill [t],,31 May 2024,False,2026/04/02 17:22,0,0.0,0.0
Cleanaway waste,Unallocated Cleanaway,73614997_General,,Cleanaway,Waste (general solid) to landfill [t],Waste - General Landfill [t],,,True,2024/08/09 09:34,6,0.9,0.0
Cleanaway waste,Unallocated Cleanaway,73615008_General,,Cleanaway,Waste (general solid) to landfill [t],Waste - General Landfill [t],,,True,2024/08/09 09:34,6,3.9,0.0
Cleanaway waste,Unallocated Cleanaway,73615019_General,,Cleanaway,Waste (general solid) to landfill [t],Waste - General Landfill [t],,,True,2024/08/09 09:34,6,1.1,0.0
Cleanaway waste,Unallocated Cleanaway,73620310_General,,Cleanaway,Waste (general solid) to landfill [t],Waste - General Landfill [t],,,True,2024/10/10 18:17,6,16.9,0.0
Cleanaway waste,Unallocated Cleanaway,73620618_General,,Cleanaway,Waste (general solid) to landfill [t],Waste - General Landfill [t],,,True,2025/10/17 16:00,0,0.0,0.0
Cleanaway waste,Unallocated Cleanaway,73621280_General,,Cleanaway,Waste (general solid) to landfill [t],Waste - General Landfill [t],,30 Nov 2024,False,2026/04/02 17:22,0,0.0,0.0
Cleanaway waste,Unallocated Cleanaway,73626448_General,,Cleanaway,Waste (general solid) to landfill [t],Waste - General Landfill [t],,,True,2026/08/07 12:01,1,2.2,0.0
Cleanaway waste,Unallocated Cleanaway,73633547_General,,Cleanaway,Waste (general solid) to landfill [t],Waste - General Landfill [t],,,True,2025/01/08 14:17,6,2.5,0.0
Cleanaway waste,Unallocated Cleanaway,73633558_General,,Cleanaway,Waste (general solid) to landfill [t],Waste - General Landfill [t],,,True,2025/01/08 14:17,6,3.4,0.0
Cleanaway waste,Unallocated Cleanaway,73634231_General,,Cleanaway,Waste (general solid) to landfill [t],Waste - General Landfill [t],,,True,2025/01/08 14:17,6,2.2,0.0
Cleanaway waste,Unallocated Cleanaway,73634253_General,,Cleanaway,Waste (general solid) to landfill [t],Waste - General Landfill [t],,,True,2025/01/08 14:17,6,1.1,0.0
Cleanaway waste,Unallocated Cleanaway,73634275_General,,Cleanaway,Waste (general solid) to landfill [t],Waste - General Landfill [t],,,True,2025/01/08 14:17,6,2.5,0.0
Cleanaway waste,Unallocated Cleanaway,73658148_General,,Cleanaway,Waste (general solid) to landfill [t],Waste - General Landfill [t],,,True,2026/07/08 16:57,3,2.5,0.0
Cleanaway waste,Unallocated Cleanaway,80499057_General,,Cleanaway,Waste (general solid) to landfill [t],Waste - General Landfill [t],,,True,2025/01/08 16:30,0,0.0,0.0
Cleanaway waste,Unallocated Cleanaway,80527637_General,,Cleanaway,Waste (general solid) to landfill [t],Waste - General Landfill [t],,31 Oct 2024,False,2026/04/02 17:22,0,0.0,0.0
Cleanaway waste,Unallocated Cleanaway,80554311_General,,Cleanaway,Waste (general solid) to landfill [t],Waste - General Landfill [t],,,True,2024/03/12 15:06,6,7.2,0.0
Cleanaway waste,Unallocated Cleanaway,80572244_General,,Cleanaway,Waste (general solid) to landfill [t],Waste - General Landfill [t],,,True,2024/04/09 09:39,0,0.0,0.0
Cleanaway waste,Unallocated Cleanaway,80598795_General,,Cleanaway,Waste (general solid) to landfill [t],Waste - General Landfill [t],,,True,2024/03/12 15:06,6,6.2,0.0
Cleanaway waste,Unallocated Cleanaway,80604351_General,,Cleanaway,Waste (general solid) to landfill [t],Waste - General Landfill [t],,,True,2024/03/12 15:06,6,49.0,0.0
Cleanaway waste,Unallocated Cleanaway,80611802_General,,Cleanaway,Waste (general solid) to landfill [t],Waste - General Landfill [t],,,True,2024/04/04 14:41,3,9.5,0.0
Cleanaway waste,Unallocated Cleanaway,80635202_General,,Cleanaway,Waste (general solid) to landfill [t],Waste - General Landfill [t],,,True,2024/03/12 15:06,6,1.0,0.0
Cleanaway waste,Unallocated Cleanaway,80638861_General,,Cleanaway,Waste (general solid) to landfill [t],Waste - General Landfill [t],,30 Apr 2024,False,2026/04/02 17:22,0,0.0,0.0
Cleanaway waste,Unallocated Cleanaway,80663121_General,,Cleanaway,Waste (general solid) to landfill [t],Waste - General Landfill [t],,,True,2024/08/09 09:34,0,0.0,0.0
Cleanaway waste,Unallocated Cleanaway,80663528_General,,Cleanaway,Waste (general solid) to landfill [t],Waste - General Landfill [t],,,True,2025/01/08 14:17,4,23.5,0.0
Cleanaway waste,Unallocated Cleanaway,80667000_General,,Cleanaway,Waste (general solid) to landfill [t],Waste - General Landfill [t],,,True,2025/01/08 17:23,1,0.0,0.0
Cleanaway waste,Unallocated Cleanaway,80672279_General,,Cleanaway,Waste (general solid) to landfill [t],Waste - General Landfill [t],,,True,2025/04/08 13:07,0,0.0,0.0
Cleanaway waste,Unallocated Cleanaway,80674010_General,,Cleanaway,Waste (general solid) to landfill [t],Waste - General Landfill [t],,,True,2025/05/08 13:10,6,2.4,0.0
Cleanaway waste,Unallocated Cleanaway,80676204_General,,Cleanaway,Waste (general solid) to landfill [t],Waste - General Landfill [t],,,True,2025/10/17 16:00,3,1.5,0.0
Cleanaway waste,Unallocated Cleanaway,80684734_General,,Cleanaway,Waste (general solid) to landfill [t],Waste - General Landfill [t],,,True,2026/07/08 16:57,4,62.6,0.0
Cleanaway waste,Unallocated Cleanaway,80685043_General,,Cleanaway,Waste (general solid) to landfill [t],Waste - General Landfill [t],,,True,2026/07/08 16:57,3,2.8,0.0
Cleanaway waste,Unallocated Cleanaway,80819865_General,,Cleanaway,Waste (general solid) to landfill [t],Waste - General Landfill [t],,31 Jul 2024,False,2026/04/02 17:22,0,0.0,0.0
Cleanaway waste,Unallocated Cleanaway,80823645_General,,Cleanaway,Waste (general solid) to landfill [t],Waste - General Landfill [t],,,True,2024/03/12 15:06,0,0.0,0.0
Cleanaway waste,Unallocated Cleanaway,80856701_General,,Cleanaway,Waste (general solid) to landfill [t],Waste - General Landfill [t],,,True,2024/03/12 15:06,6,18.0,0.0
Cleanaway waste,Unallocated Cleanaway,80868328_General,,Cleanaway,Waste (general solid) to landfill [t],Waste - General Landfill [t],,31 May 2024,False,2026/04/02 17:22,0,0.0,0.0
Cleanaway waste,Unallocated Cleanaway,80913927_General,,Cleanaway,Waste (general solid) to landfill [t],Waste - General Landfill [t],,,True,2024/03/12 15:06,6,16.6,0.0
Cleanaway waste,Unallocated Cleanaway,80914081_General,,Cleanaway,Waste (general solid) to landfill [t],Waste - General Landfill [t],,30 Apr 2023,False,2026/04/02 17:22,0,0.0,0.0
Cleanaway waste,Unallocated Cleanaway,80920639_General,,Cleanaway,Waste (general solid) to landfill [t],Waste - General Landfill [t],,31 Oct 2024,False,2026/04/02 17:22,0,0.0,0.0
Cleanaway waste,Unallocated Cleanaway,80929556_General,,Cleanaway,Waste (general solid) to landfill [t],Waste - General Landfill [t],,30 Jun 2024,False,2026/04/02 17:22,0,0.0,0.0
Cleanaway waste,Unallocated Cleanaway,80929931_General,,Cleanaway,Waste (general solid) to landfill [t],Waste - General Landfill [t],,,True,2024/03/12 15:06,6,2.2,0.0
Cleanaway waste,Unallocated Cleanaway,80940865_General,,Cleanaway,Waste (general solid) to landfill [t],Waste - General Landfill [t],,,True,2024/03/12 15:06,0,0.0,0.0
Cleanaway waste,Unallocated Cleanaway,80942694_General,,Cleanaway,Waste (general solid) to landfill [t],Waste - General Landfill [t],,,True,2024/04/04 14:41,0,0.0,0.0
Cleanaway waste,Unallocated Cleanaway,80943719_General,,Cleanaway,Waste (general solid) to landfill [t],Waste - General Landfill [t],,30 Apr 2024,False,2026/04/02 17:22,0,0.0,0.0
Cleanaway waste,Unallocated Cleanaway,80946948_General,,Cleanaway,Waste (general solid) to landfill [t],Waste - General Landfill [t],,,True,2024/04/04 14:41,0,0.0,0.0
Cleanaway waste,Unallocated Cleanaway,80947257_General,,Cleanaway,Waste (general solid) to landfill [t],Waste - General Landfill [t],,,True,2024/04/04 14:41,6,21.3,0.0
Cleanaway waste,Unallocated Cleanaway,80950112_General,,Cleanaway,Waste (general solid) to landfill [t],Waste - General Landfill [t],,,True,2024/04/04 14:41,0,0.0,0.0
Cleanaway waste,Unallocated Cleanaway,80955403_General,,Cleanaway,Waste (general solid) to landfill [t],Waste - General Landfill [t],,31 Mar 2024,False,2026/04/02 17:22,0,0.0,0.0
Cleanaway waste,Unallocated Cleanaway,80956229_General,,Cleanaway,Waste (general solid) to landfill [t],Waste - General Landfill [t],,30 Apr 2024,False,2026/04/02 17:22,0,0.0,0.0
Cleanaway waste,Unallocated Cleanaway,80965477_General,,Cleanaway,Waste (general solid) to landfill [t],Waste - General Landfill [t],,30 Nov 2024,False,2026/04/02 17:22,0,0.0,0.0
Cleanaway waste,Unallocated Cleanaway,80968397_General,,Cleanaway,Waste (general solid) to landfill [t],Waste - General Landfill [t],,,True,2025/01/08 16:30,0,0.0,0.0
Cleanaway waste,Unallocated Cleanaway,80969170_General,,Cleanaway,Waste (general solid) to landfill [t],Waste - General Landfill [t],,,True,2024/10/10 18:17,3,0.1,0.0
Cleanaway waste,Unallocated Cleanaway,80971826_General,,Cleanaway,Waste (general solid) to landfill [t],Waste - General Landfill [t],,31 Oct 2024,False,2026/04/02 17:22,0,0.0,0.0
Cleanaway waste,Unallocated Cleanaway,80973876_General,,Cleanaway,Waste (general solid) to landfill [t],Waste - General Landfill [t],,31 Oct 2024,False,2026/04/02 17:22,0,0.0,0.0
Cleanaway waste,Unallocated Cleanaway,80974658_General,,Cleanaway,Waste (general solid) to landfill [t],Waste - General Landfill [t],,,True,2025/01/08 14:17,0,0.0,0.0
Cleanaway waste,Unallocated Cleanaway,80975375_General,,Cleanaway,Waste (general solid) to landfill [t],Waste - General Landfill [t],,,True,2025/01/08 14:17,0,0.0,0.0
Cleanaway waste,Unallocated Cleanaway,80981073_General,,Cleanaway,Waste (general solid) to landfill [t],Waste - General Landfill [t],,,True,2025/02/07 17:37,0,0.0,0.0
Cleanaway waste,Unallocated Cleanaway,80986507_General,,Cleanaway,Waste (general solid) to landfill [t],Waste - General Landfill [t],,,True,2025/04/08 13:07,2,0.2,0.0
Cleanaway waste,Unallocated Cleanaway,80989097_General,,Cleanaway,Waste (general solid) to landfill [t],Waste - General Landfill [t],,,True,2025/06/06 12:05,4,13.3,0.0
Cleanaway waste,Unallocated Cleanaway,80994510_General,,Cleanaway,Waste (general solid) to landfill [t],Waste - General Landfill [t],,,True,2025/07/07 16:51,6,11.3,0.0
Cleanaway waste,Unallocated Cleanaway,80995942_General,,Cleanaway,Waste (general solid) to landfill [t],Waste - General Landfill [t],,,True,2025/08/08 18:14,0,0.0,0.0
Cleanaway waste,Unallocated Cleanaway,80995953_General,,Cleanaway,Waste (general solid) to landfill [t],Waste - General Landfill [t],,,True,2025/10/17 16:00,0,0.0,0.0
Cleanaway waste,Unallocated Cleanaway,81004010_General,,Cleanaway,Waste (general solid) to landfill [t],Waste - General Landfill [t],,,True,2025/12/11 16:02,0,0.0,0.0
Cleanaway waste,Unallocated Cleanaway,81004528_General,,Cleanaway,Waste (general solid) to landfill [t],Waste - General Landfill [t],,,True,2025/12/11 17:24,2,0.0,0.0
Cleanaway waste,Unallocated Cleanaway,81004540_General,,Cleanaway,Waste (general solid) to landfill [t],Waste - General Landfill [t],,,True,2025/12/11 17:24,2,0.0,0.0
Cleanaway waste,Unallocated Cleanaway,81004605_General,,Cleanaway,Waste (general solid) to landfill [t],Waste - General Landfill [t],,,True,2025/12/11 17:24,3,-12.4,0.0
Cleanaway waste,Unallocated Cleanaway,81004661_General,,Cleanaway,Waste (general solid) to landfill [t],Waste - General Landfill [t],,,True,2025/12/11 16:02,2,0.0,0.0
Cleanaway waste,Unallocated Cleanaway,81004693_General,,Cleanaway,Waste (general solid) to landfill [t],Waste - General Landfill [t],,,True,2026/01/08 13:50,1,0.0,0.0
Cleanaway waste,Unallocated Cleanaway,81009653_General,,Cleanaway,Waste (general solid) to landfill [t],Waste - General Landfill [t],,,True,2026/02/06 15:19,6,0.0,0.0
Cleanaway waste,Unallocated Cleanaway,81009907_General,,Cleanaway,Waste (general solid) to landfill [t],Waste - General Landfill [t],,,True,2026/02/06 15:19,4,34.2,0.0
Cleanaway waste,Unallocated Cleanaway,81015407_General,,Cleanaway,Waste (general solid) to landfill [t],Waste - General Landfill [t],,,True,2026/04/08 15:10,1,0.0,0.0
Cleanaway waste,Unallocated Cleanaway,81019926_General,,Cleanaway,Waste (general solid) to landfill [t],Waste - General Landfill [t],,,True,2026/06/05 14:03,3,4.4,0.0
Cleanaway waste,Unallocated Cleanaway,81019948_General,,Cleanaway,Waste (general solid) to landfill [t],Waste - General Landfill [t],,,True,2026/08/07 12:01,1,0.1,0.0
Cleanaway waste,Unallocated Cleanaway,81020070_General,,Cleanaway,Waste (general solid) to landfill [t],Waste - General Landfill [t],,,True,2026/06/05 14:03,2,8.3,0.0
Cleanaway waste,Unallocated Cleanaway,81020323_General,,Cleanaway,Waste (general solid) to landfill [t],Waste - General Landfill [t],,,True,2026/06/05 14:03,6,12.4,0.0
Cleanaway waste,Unallocated Cleanaway,81020356_General,,Cleanaway,Waste (general solid) to landfill [t],Waste - General Landfill [t],,,True,2026/06/05 14:03,6,11.7,0.0
Cleanaway waste,Unallocated Cleanaway,81020367_General,,Cleanaway,Waste (general solid) to landfill [t],Waste - General Landfill [t],,,True,2026/06/05 14:03,5,77.3,0.0
Cleanaway waste,Unallocated Cleanaway,81020377_General,,Cleanaway,Waste (general solid) to landfill [t],Waste - General Landfill [t],,,True,2026/06/05 14:03,6,36.2,0.0
Cleanaway waste,Unallocated Cleanaway,81020388_General,,Cleanaway,Waste (general solid) to landfill [t],Waste - General Landfill [t],,,True,2026/06/05 14:03,6,60.9,0.0
Cleanaway waste,Unallocated Cleanaway,81021965_General,,Cleanaway,Waste (general solid) to landfill [t],Waste - General Landfill [t],,,True,2026/08/07 12:01,1,0.0,0.0
Cleanaway waste,Unallocated Cleanaway,81022781_General,,Cleanaway,Waste (general solid) to landfill [t],Waste - General Landfill [t],,,True,2026/08/07 12:01,1,0.5,0.0
Cleanaway waste,Unallocated Cleanaway,81023045_General,,Cleanaway,Waste (general solid) to landfill [t],Waste - General Landfill [t],,,True,2026/09/07 16:22,1,0.3,0.0
Cleanaway waste,Unallocated Cleanaway,81540464_General,,Cleanaway,Waste (general solid) to landfill [t],Waste - General Landfill [t],,30 Sep 2024,False,2026/04/02 17:22,0,0.0,0.0
Cleanaway waste,Unallocated Cleanaway,81561472_General,,Cleanaway,Waste (general solid) to landfill [t],Waste - General Landfill [t],,,True,2025/01/09 09:44,0,0.0,0.0
Cleanaway waste,Unallocated Cleanaway,81573453_General,,Cleanaway,Waste (general solid) to landfill [t],Waste - General Landfill [t],,,True,2024/08/09 09:34,4,4.8,0.0
Cleanaway waste,Unallocated Cleanaway,81602232_General,,Cleanaway,Waste (general solid) to landfill [t],Waste - General Landfill [t],,,True,2026/09/07 16:22,1,0.0,0.0
Cleanaway waste,Unallocated Cleanaway,82147404_General,,Cleanaway,Waste (general solid) to landfill [t],Waste - General Landfill [t],,,True,2024/03/12 15:06,3,1.5,0.0
Cleanaway waste,Unallocated Cleanaway,82156861_General,,Cleanaway,Waste (general solid) to landfill [t],Waste - General Landfill [t],,,True,2024/03/12 15:06,6,6.0,0.0
Cleanaway waste,Unallocated Cleanaway,82166538_General,,Cleanaway,Waste (general solid) to landfill [t],Waste - General Landfill [t],,,True,2024/03/12 15:06,6,3.0,0.0
Cleanaway waste,Unallocated Cleanaway,82200663_General,,Cleanaway,Waste (general solid) to landfill [t],Waste - General Landfill [t],,,True,2024/03/12 15:06,0,0.0,0.0
Cleanaway waste,Unallocated Cleanaway,82206878_General,,Cleanaway,Waste (general solid) to landfill [t],Waste - General Landfill [t],,31 May 2024,False,2026/04/02 17:22,0,0.0,0.0
Cleanaway waste,Unallocated Cleanaway,82217063_General,,Cleanaway,Waste (general solid) to landfill [t],Waste - General Landfill [t],,31 Jan 2024,False,2026/04/02 17:22,0,0.0,0.0
Cleanaway waste,Unallocated Cleanaway,82224062_General,,Cleanaway,Waste (general solid) to landfill [t],Waste - General Landfill [t],,,True,2024/03/12 15:06,0,0.0,0.0
Cleanaway waste,Unallocated Cleanaway,82242634_General,,Cleanaway,Waste (general solid) to landfill [t],Waste - General Landfill [t],,31 Dec 2024,False,2026/04/02 17:22,0,0.0,0.0
Cleanaway waste,Unallocated Cleanaway,82248839_General,,Cleanaway,Waste (general solid) to landfill [t],Waste - General Landfill [t],,31 Jul 2024,False,2026/04/02 17:22,0,0.0,0.0
Cleanaway waste,Unallocated Cleanaway,82259432_General,,Cleanaway,Waste (general solid) to landfill [t],Waste - General Landfill [t],,,True,2025/01/08 14:17,6,4.0,0.0
Cleanaway waste,Unallocated Cleanaway,82263377_General,,Cleanaway,Waste (general solid) to landfill [t],Waste - General Landfill [t],,,True,2025/01/08 14:17,4,0.4,0.0
Cleanaway waste,Unallocated Cleanaway,82265781_General,,Cleanaway,Waste (general solid) to landfill [t],Waste - General Landfill [t],,,True,2025/07/07 16:51,0,0.0,0.0
Cleanaway waste,Unallocated Cleanaway,82268151_General,,Cleanaway,Waste (general solid) to landfill [t],Waste - General Landfill [t],,,True,2025/02/07 17:37,0,0.0,0.0
Cleanaway waste,Unallocated Cleanaway,82278401_General,,Cleanaway,Waste (general solid) to landfill [t],Waste - General Landfill [t],,,True,2025/05/08 13:10,0,0.0,0.0
Cleanaway waste,Unallocated Cleanaway,82278743_General,,Cleanaway,Waste (general solid) to landfill [t],Waste - General Landfill [t],,,True,2025/06/06 12:05,0,0.0,0.0
Cleanaway waste,Unallocated Cleanaway,82288056_General,,Cleanaway,Waste (general solid) to landfill [t],Waste - General Landfill [t],,,True,2026/01/08 13:50,6,1.1,0.0
Cleanaway waste,Unallocated Cleanaway,82289908_General,,Cleanaway,Waste (general solid) to landfill [t],Waste - General Landfill [t],,,True,2025/12/11 16:02,2,0.0,0.0
Cleanaway waste,Unallocated Cleanaway,82305405_General,,Cleanaway,Waste (general solid) to landfill [t],Waste - General Landfill [t],,,True,2026/02/06 15:19,6,38.2,0.0
Cleanaway waste,Unallocated Cleanaway,82308557_General,,Cleanaway,Waste (general solid) to landfill [t],Waste - General Landfill [t],,,True,2026/04/08 15:10,3,3.1,0.0
Cleanaway waste,Unallocated Cleanaway,82311743_General,,Cleanaway,Waste (general solid) to landfill [t],Waste - General Landfill [t],,,True,2026/06/05 14:03,4,0.5,0.0
Cleanaway waste,Unallocated Cleanaway,82311754_General,,Cleanaway,Waste (general solid) to landfill [t],Waste - General Landfill [t],,,True,2026/05/07 10:58,5,0.6,0.0
Cleanaway waste,Unallocated Cleanaway,82314277_General,,Cleanaway,Waste (general solid) to landfill [t],Waste - General Landfill [t],,,True,2026/08/07 12:01,2,2.1,0.0
Cleanaway waste,Unallocated Cleanaway,83003971_General,,Cleanaway,Waste (general solid) to landfill [t],Waste - General Landfill [t],,30 Nov 2023,False,2026/04/02 17:22,0,0.0,0.0
Cleanaway waste,Unallocated Cleanaway,83018145_General,,Cleanaway,Waste (general solid) to landfill [t],Waste - General Landfill [t],,,True,2024/03/12 15:06,6,48.5,0.0
Cleanaway waste,Unallocated Cleanaway,83018178_General,,Cleanaway,Waste (general solid) to landfill [t],Waste - General Landfill [t],,,True,2024/03/12 15:06,6,12.8,0.0
Cleanaway waste,Unallocated Cleanaway,83018432_General,,Cleanaway,Waste (general solid) to landfill [t],Waste - General Landfill [t],,,True,2024/03/12 15:06,0,0.0,0.0
Cleanaway waste,Unallocated Cleanaway,83027569_General,,Cleanaway,Waste (general solid) to landfill [t],Waste - General Landfill [t],,31 May 2023,False,2026/04/02 17:22,0,0.0,0.0
Cleanaway waste,Unallocated Cleanaway,83050285_General,,Cleanaway,Waste (general solid) to landfill [t],Waste - General Landfill [t],,,True,2024/06/07 13:03,0,0.0,0.0
Cleanaway waste,Unallocated Cleanaway,83052457_General,,Cleanaway,Waste (general solid) to landfill [t],Waste - General Landfill [t],,,True,2025/01/08 16:30,2,1.2,0.0
Cleanaway waste,Unallocated Cleanaway,83073080_General,,Cleanaway,Waste (general solid) to landfill [t],Waste - General Landfill [t],,,True,2025/04/08 13:07,6,3.7,0.0
Cleanaway waste,Unallocated Cleanaway,83078943_General,,Cleanaway,Waste (general solid) to landfill [t],Waste - General Landfill [t],,,True,2025/06/06 12:05,0,0.0,0.0
Cleanaway waste,Unallocated Cleanaway,83082581_General,,Cleanaway,Waste (general solid) to landfill [t],Waste - General Landfill [t],,,True,2025/08/08 18:14,1,0.0,0.0
Cleanaway waste,Unallocated Cleanaway,83083804_General,,Cleanaway,Waste (general solid) to landfill [t],Waste - General Landfill [t],,,True,2025/10/17 16:53,6,7.3,0.0
Cleanaway waste,Unallocated Cleanaway,83085765_General,,Cleanaway,Waste (general solid) to landfill [t],Waste - General Landfill [t],,,True,2025/10/17 16:53,1,0.3,0.0
Cleanaway waste,Unallocated Cleanaway,83090339_General,,Cleanaway,Waste (general solid) to landfill [t],Waste - General Landfill [t],,,True,2025/12/11 17:24,2,1.1,0.0
Cleanaway waste,Unallocated Cleanaway,83101604_General,,Cleanaway,Waste (general solid) to landfill [t],Waste - General Landfill [t],,,True,2026/04/08 15:10,6,2.0,0.0
Cleanaway waste,Unallocated Cleanaway,83110267_General,,Cleanaway,Waste (general solid) to landfill [t],Waste - General Landfill [t],,,True,2026/08/07 12:01,1,0.9,0.0
Cleanaway waste,Unallocated Cleanaway,901627_General,,Cleanaway,Waste (general solid) to landfill [t],Waste - General Landfill [t],,31 May 2024,False,2026/04/02 17:22,0,0.0,0.0
Cleanaway waste,Unallocated Cleanaway,919506_Oily Rags,,Cleanaway,Waste (general solid) to landfill [t],Waste - General Landfill [t],,,True,2024/04/04 14:41,5,1.2,0.0
Cleanaway waste,Unallocated Cleanaway,10353919_Prescribed - Solid,,Cleanaway,Waste (solid) sent to hazardous waste facility [t],Waste - Hazardous (solid) [t],,31 May 2024,False,2026/04/02 17:22,0,0.0,0.0
Cleanaway waste,Unallocated Cleanaway,116962_Prescribed - Solid,,Cleanaway,Waste (solid) sent to hazardous waste facility [t],Waste - Hazardous (solid) [t],,31 Jan 2024,False,2026/04/02 17:22,0,0.0,0.0
Cleanaway waste,Unallocated Cleanaway,13826933_Prescribed - Solid,,Cleanaway,Waste (solid) sent to hazardous waste facility [t],Waste - Hazardous (solid) [t],,,True,2026/08/07 12:01,1,0.0,0.0
Cleanaway waste,Unallocated Cleanaway,18836705_Prescribed - Solid,,Cleanaway,Waste (solid) sent to hazardous waste facility [t],Waste - Hazardous (solid) [t],,,True,2025/02/07 17:37,0,0.0,0.0
Cleanaway waste,Unallocated Cleanaway,18897569_Prescribed - Solid,,Cleanaway,Waste (solid) sent to hazardous waste facility [t],Waste - Hazardous (solid) [t],,,True,2025/06/06 12:05,0,0.0,0.0
Cleanaway waste,Unallocated Cleanaway,18898440_Prescribed - Solid,,Cleanaway,Waste (solid) sent to hazardous waste facility [t],Waste - Hazardous (solid) [t],,,True,2025/04/08 13:07,0,0.0,0.0
Cleanaway waste,Unallocated Cleanaway,214714_Prescribed - Solid,,Cleanaway,Waste (solid) sent to hazardous waste facility [t],Waste - Hazardous (solid) [t],,30 Nov 2023,False,2026/04/02 17:22,0,0.0,0.0
Cleanaway waste,Unallocated Cleanaway,2235724_Prescribed - Solid,,Cleanaway,Waste (solid) sent to hazardous waste facility [t],Waste - Hazardous (solid) [t],,,True,2024/04/09 09:39,2,0.4,0.0
Cleanaway waste,Unallocated Cleanaway,2291227_Prescribed - Solid,,Cleanaway,Waste (solid) sent to hazardous waste facility [t],Waste - Hazardous (solid) [t],,31 Oct 2023,False,2026/04/02 17:22,0,0.0,0.0
Cleanaway waste,Unallocated Cleanaway,2292045_Prescribed - Solid,,Cleanaway,Waste (solid) sent to hazardous waste facility [t],Waste - Hazardous (solid) [t],,,True,2025/05/08 13:10,0,0.0,0.0
Cleanaway waste,Unallocated Cleanaway,2296431_Prescribed - Solid,,Cleanaway,Waste (solid) sent to hazardous waste facility [t],Waste - Hazardous (solid) [t],,,True,2025/05/08 13:10,3,0.8,0.0
Cleanaway waste,Unallocated Cleanaway,2296470_Prescribed - Solid,,Cleanaway,Waste (solid) sent to hazardous waste facility [t],Waste - Hazardous (solid) [t],,30 Nov 2024,False,2026/04/02 17:22,0,0.0,0.0
Cleanaway waste,Unallocated Cleanaway,2299284_Prescribed - Solid,,Cleanaway,Waste (solid) sent to hazardous waste facility [t],Waste - Hazardous (solid) [t],,31 Oct 2024,False,2026/04/02 17:22,0,0.0,0.0
Cleanaway waste,Unallocated Cleanaway,2325997_Prescribed - Solid,,Cleanaway,Waste (solid) sent to hazardous waste facility [t],Waste - Hazardous (solid) [t],,30 Nov 2023,False,2026/04/02 17:22,0,0.0,0.0
Cleanaway waste,Unallocated Cleanaway,2841241_Prescribed - Solid,,Cleanaway,Waste (solid) sent to hazardous waste facility [t],Waste - Hazardous (solid) [t],,,True,2026/09/07 16:22,1,0.1,0.0
Cleanaway waste,Unallocated Cleanaway,2974316_Prescribed - Solid,,Cleanaway,Waste (solid) sent to hazardous waste facility [t],Waste - Hazardous (solid) [t],,,True,2024/04/04 14:49,1,0.5,0.0
Cleanaway waste,Unallocated Cleanaway,297998_Prescribed - Solid,,Cleanaway,Waste (solid) sent to hazardous waste facility [t],Waste - Hazardous (solid) [t],,30 Nov 2023,False,2026/04/02 17:22,0,0.0,0.0
Cleanaway waste,Unallocated Cleanaway,3112115_Prescribed - Solid,,Cleanaway,Waste (solid) sent to hazardous waste facility [t],Waste - Hazardous (solid) [t],,29 Feb 2024,False,2026/04/02 17:22,0,0.0,0.0
Cleanaway waste,Unallocated Cleanaway,3199083_Prescribed - Solid,,Cleanaway,Waste (solid) sent to hazardous waste facility [t],Waste - Hazardous (solid) [t],,,True,2026/06/05 14:03,1,0.4,0.0
Cleanaway waste,Unallocated Cleanaway,341640_Prescribed - Solid,,Cleanaway,Waste (solid) sent to hazardous waste facility [t],Waste - Hazardous (solid) [t],,,True,2026/04/08 15:10,1,0.9,0.0
Cleanaway waste,Unallocated Cleanaway,3504159_Prescribed - Solid,,Cleanaway,Waste (solid) sent to hazardous waste facility [t],Waste - Hazardous (solid) [t],,31 Dec 2023,False,2026/04/02 17:22,0,0.0,0.0
Cleanaway waste,Unallocated Cleanaway,364396_Prescribed - Solid,,Cleanaway,Waste (solid) sent to hazardous waste facility [t],Waste - Hazardous (solid) [t],,,True,2024/03/12 15:06,0,0.0,0.0
Cleanaway waste,Unallocated Cleanaway,3767518_Prescribed - Solid,,Cleanaway,Waste (solid) sent to hazardous waste facility [t],Waste - Hazardous (solid) [t],,,True,2024/06/07 13:03,0,0.0,0.0
Cleanaway waste,Unallocated Cleanaway,3840151_Prescribed - Solid,,Cleanaway,Waste (solid) sent to hazardous waste facility [t],Waste - Hazardous (solid) [t],,,True,2025/03/07 21:32,1,0.2,0.0
Cleanaway waste,Unallocated Cleanaway,3840159_Prescribed - Solid,,Cleanaway,Waste (solid) sent to hazardous waste facility [t],Waste - Hazardous (solid) [t],,,True,2025/07/07 16:51,1,0.5,0.0
Cleanaway waste,Unallocated Cleanaway,3840161_Prescribed - Solid,,Cleanaway,Waste (solid) sent to hazardous waste facility [t],Waste - Hazardous (solid) [t],,,True,2025/07/07 16:51,1,0.5,0.0
Cleanaway waste,Unallocated Cleanaway,3840167_Prescribed - Solid,,Cleanaway,Waste (solid) sent to hazardous waste facility [t],Waste - Hazardous (solid) [t],,,True,2025/05/08 13:10,0,0.0,0.0
Cleanaway waste,Unallocated Cleanaway,3840171_Prescribed - Solid,,Cleanaway,Waste (solid) sent to hazardous waste facility [t],Waste - Hazardous (solid) [t],,,True,2025/01/08 17:23,0,0.0,0.0
Cleanaway waste,Unallocated Cleanaway,3840173_Prescribed - Solid,,Cleanaway,Waste (solid) sent to hazardous waste facility [t],Waste - Hazardous (solid) [t],,,True,2024/04/04 14:41,1,0.7,0.0
Cleanaway waste,Unallocated Cleanaway,3840180_Prescribed - Solid,,Cleanaway,Waste (solid) sent to hazardous waste facility [t],Waste - Hazardous (solid) [t],,,True,2024/04/04 14:41,1,1.2,0.0
Cleanaway waste,Unallocated Cleanaway,3840184_Prescribed - Solid,,Cleanaway,Waste (solid) sent to hazardous waste facility [t],Waste - Hazardous (solid) [t],,,True,2025/01/08 17:23,1,0.0,0.0
Cleanaway waste,Unallocated Cleanaway,3840190_Prescribed - Solid,,Cleanaway,Waste (solid) sent to hazardous waste facility [t],Waste - Hazardous (solid) [t],,29 Feb 2024,False,2026/04/02 17:22,0,0.0,0.0
Cleanaway waste,Unallocated Cleanaway,3893323_Prescribed - Solid,,Cleanaway,Waste (solid) sent to hazardous waste facility [t],Waste - Hazardous (solid) [t],,29 Feb 2024,False,2026/04/02 17:22,0,0.0,0.0
Cleanaway waste,Unallocated Cleanaway,4199872_Prescribed - Solid,,Cleanaway,Waste (solid) sent to hazardous waste facility [t],Waste - Hazardous (solid) [t],,,True,2026/04/08 15:10,1,1.7,0.0
Cleanaway waste,Unallocated Cleanaway,4202081_Prescribed - Solid,,Cleanaway,Waste (solid) sent to hazardous waste facility [t],Waste - Hazardous (solid) [t],,,True,2025/12/11 16:02,0,0.0,0.0
Cleanaway waste,Unallocated Cleanaway,4320755_Prescribed - Solid,,Cleanaway,Waste (solid) sent to hazardous waste facility [t],Waste - Hazardous (solid) [t],,,True,2025/05/08 13:10,0,0.0,0.0
Cleanaway waste,Unallocated Cleanaway,4342841_Prescribed - Solid,,Cleanaway,Waste (solid) sent to hazardous waste facility [t],Waste - Hazardous (solid) [t],,,True,2025/07/07 16:51,0,0.0,0.0
Cleanaway waste,Unallocated Cleanaway,436904_Prescribed - Solid,,Cleanaway,Waste (solid) sent to hazardous waste facility [t],Waste - Hazardous (solid) [t],,,True,2024/04/04 15:03,4,0.4,0.0
Cleanaway waste,Unallocated Cleanaway,4372130_Prescribed - Solid,,Cleanaway,Waste (solid) sent to hazardous waste facility [t],Waste - Hazardous (solid) [t],,,True,2025/07/07 16:51,0,0.0,0.0
Cleanaway waste,Unallocated Cleanaway,4390704_Prescribed - Solid,,Cleanaway,Waste (solid) sent to hazardous waste facility [t],Waste - Hazardous (solid) [t],,,True,2025/08/08 18:14,1,0.2,0.0
Cleanaway waste,Unallocated Cleanaway,4390707_Prescribed - Solid,,Cleanaway,Waste (solid) sent to hazardous waste facility [t],Waste - Hazardous (solid) [t],,,True,2025/08/08 18:14,0,0.0,0.0
Cleanaway waste,Unallocated Cleanaway,4428261_Prescribed - Solid,,Cleanaway,Waste (solid) sent to hazardous waste facility [t],Waste - Hazardous (solid) [t],,,True,2025/08/08 18:14,1,0.2,0.0
Cleanaway waste,Unallocated Cleanaway,4493253_Prescribed - Solid,,Cleanaway,Waste (solid) sent to hazardous waste facility [t],Waste - Hazardous (solid) [t],,,True,2025/10/17 16:53,3,1.0,0.0
Cleanaway waste,Unallocated Cleanaway,4495237_Prescribed - Solid,,Cleanaway,Waste (solid) sent to hazardous waste facility [t],Waste - Hazardous (solid) [t],,,True,2026/02/06 15:19,0,0.0,0.0
Cleanaway waste,Unallocated Cleanaway,4582554_Prescribed - Solid,,Cleanaway,Waste (solid) sent to hazardous waste facility [t],Waste - Hazardous (solid) [t],,,True,2026/01/08 13:50,0,0.0,0.0
Cleanaway waste,Unallocated Cleanaway,60189508_Prescribed - Solid,,Cleanaway,Waste (solid) sent to hazardous waste facility [t],Waste - Hazardous (solid) [t],,,True,2026/04/08 15:10,1,0.0,0.0
Cleanaway waste,Unallocated Cleanaway,60273132_Prescribed - Solid,,Cleanaway,Waste (solid) sent to hazardous waste facility [t],Waste - Hazardous (solid) [t],,,True,2025/07/07 16:51,0,0.0,0.0
Cleanaway waste,Unallocated Cleanaway,63206_Prescribed - Solid,,Cleanaway,Waste (solid) sent to hazardous waste facility [t],Waste - Hazardous (solid) [t],,,True,2024/06/07 13:03,1,0.0,0.0
Cleanaway waste,Unallocated Cleanaway,63575_Prescribed - Solid,,Cleanaway,Waste (solid) sent to hazardous waste facility [t],Waste - Hazardous (solid) [t],,31 Dec 2024,False,2026/04/02 17:22,0,0.0,0.0
Cleanaway waste,Unallocated Cleanaway,81021965_Prescribed - Solid,,Cleanaway,Waste (solid) sent to hazardous waste facility [t],Waste - Hazardous (solid) [t],,,True,2026/08/07 12:01,1,6.0,0.0
Cleanaway waste,Unallocated Cleanaway,901627_Prescribed - Solid,,Cleanaway,Waste (solid) sent to hazardous waste facility [t],Waste - Hazardous (solid) [t],,30 Nov 2023,False,2026/04/02 17:22,0,0.0,0.0
Cleanaway waste,Unallocated Cleanaway,919506_Prescribed - Solid,,Cleanaway,Waste (solid) sent to hazardous waste facility [t],Waste - Hazardous (solid) [t],,,True,2024/04/04 14:41,5,4.3,0.0
Cleanaway waste,Unallocated Cleanaway,10353919_Prescribed - Liquid,,Cleanaway,Waste - Chemical [t],Waste - Chemical [t] - No Scope,,30 Sep 2024,False,2026/04/02 17:22,0,0.0,0.0
Cleanaway waste,Unallocated Cleanaway,117355_Prescribed - Liquid,,Cleanaway,Waste - Chemical [t],Waste - Chemical [t] - No Scope,,,True,2024/04/04 14:41,0,0.0,0.0
Cleanaway waste,Unallocated Cleanaway,1364748_Prescribed - Liquid,,Cleanaway,Waste - Chemical [t],Waste - Chemical [t] - No Scope,,,True,2025/02/07 17:37,3,247.3,0.0
Cleanaway waste,Unallocated Cleanaway,173354_Prescribed - Liquid,,Cleanaway,Waste - Chemical [t],Waste - Chemical [t] - No Scope,,31 May 2024,False,2026/04/02 17:22,0,0.0,0.0
Cleanaway waste,Unallocated Cleanaway,18836705_Prescribed - Liquid,,Cleanaway,Waste - Chemical [t],Waste - Chemical [t] - No Scope,,30 Nov 2024,False,2026/04/02 17:22,0,0.0,0.0
Cleanaway waste,Unallocated Cleanaway,214714_Prescribed - Liquid,,Cleanaway,Waste - Chemical [t],Waste - Chemical [t] - No Scope,,,True,2024/04/09 09:39,1,2.0,0.0
Cleanaway waste,Unallocated Cleanaway,2291227_Prescribed - Liquid,,Cleanaway,Waste - Chemical [t],Waste - Chemical [t] - No Scope,,,True,2024/04/04 14:49,1,1.3,0.0
Cleanaway waste,Unallocated Cleanaway,2291228_Prescribed - Liquid,,Cleanaway,Waste - Chemical [t],Waste - Chemical [t] - No Scope,,,True,2025/01/09 09:44,2,0.6,0.0
Cleanaway waste,Unallocated Cleanaway,2292045_Prescribed - Liquid,,Cleanaway,Waste - Chemical [t],Waste - Chemical [t] - No Scope,,,True,2025/12/11 16:02,0,0.0,0.0
Cleanaway waste,Unallocated Cleanaway,2293846_Prescribed - Liquid,,Cleanaway,Waste - Chemical [t],Waste - Chemical [t] - No Scope,,30 Nov 2023,False,2026/04/02 17:22,0,0.0,0.0
Cleanaway waste,Unallocated Cleanaway,2295796_Prescribed - Liquid,,Cleanaway,Waste - Chemical [t],Waste - Chemical [t] - No Scope,,,True,2025/10/17 16:53,0,0.0,0.0
Cleanaway waste,Unallocated Cleanaway,2296431_Prescribed - Liquid,,Cleanaway,Waste - Chemical [t],Waste - Chemical [t] - No Scope,,,True,2024/04/04 14:41,5,8.4,0.0
Cleanaway waste,Unallocated Cleanaway,2296470_Prescribed - Liquid,,Cleanaway,Waste - Chemical [t],Waste - Chemical [t] - No Scope,,,True,2024/03/12 15:06,0,0.0,0.0
Cleanaway waste,Unallocated Cleanaway,2325997_Prescribed - Liquid,,Cleanaway,Waste - Chemical [t],Waste - Chemical [t] - No Scope,,,True,2024/03/12 15:06,0,0.0,0.0
Cleanaway waste,Unallocated Cleanaway,2358067_Prescribed - Liquid,,Cleanaway,Waste - Chemical [t],Waste - Chemical [t] - No Scope,,31 Dec 2023,False,2026/04/02 17:22,0,0.0,0.0
Cleanaway waste,Unallocated Cleanaway,236942_Prescribed - Liquid,,Cleanaway,Waste - Chemical [t],Waste - Chemical [t] - No Scope,,31 Dec 2023,False,2026/04/02 17:22,0,0.0,0.0
Cleanaway waste,Unallocated Cleanaway,2400642_Prescribed - Liquid,,Cleanaway,Waste - Chemical [t],Waste - Chemical [t] - No Scope,,31 Jan 2024,False,2026/04/02 17:22,0,0.0,0.0
Cleanaway waste,Unallocated Cleanaway,2664578_Prescribed - Liquid,,Cleanaway,Waste - Chemical [t],Waste - Chemical [t] - No Scope,,29 Feb 2024,False,2026/04/02 17:22,0,0.0,0.0
Cleanaway waste,Unallocated Cleanaway,2930490_Prescribed - Liquid,,Cleanaway,Waste - Chemical [t],Waste - Chemical [t] - No Scope,,,True,2026/06/05 14:03,1,0.6,0.0
Cleanaway waste,Unallocated Cleanaway,2952168_Prescribed - Liquid,,Cleanaway,Waste - Chemical [t],Waste - Chemical [t] - No Scope,,,True,2026/07/08 16:57,2,1.6,0.0
Cleanaway waste,Unallocated Cleanaway,2974316_Prescribed - Liquid,,Cleanaway,Waste - Chemical [t],Waste - Chemical [t] - No Scope,,,True,2024/04/04 14:49,5,2.0,0.0
Cleanaway waste,Unallocated Cleanaway,2976550_Prescribed - Liquid,,Cleanaway,Waste - Chemical [t],Waste - Chemical [t] - No Scope,,,True,2026/09/07 16:22,1,0.9,0.0
Cleanaway waste,Unallocated Cleanaway,297997_Prescribed - Liquid,,Cleanaway,Waste - Chemical [t],Waste - Chemical [t] - No Scope,,31 Dec 2024,False,2026/04/02 17:22,0,0.0,0.0
Cleanaway waste,Unallocated Cleanaway,307981_Prescribed - Liquid,,Cleanaway,Waste - Chemical [t],Waste - Chemical [t] - No Scope,,30 Nov 2023,False,2026/04/02 17:22,0,0.0,0.0
Cleanaway waste,Unallocated Cleanaway,3112115_Prescribed - Liquid,,Cleanaway,Waste - Chemical [t],Waste - Chemical [t] - No Scope,,29 Feb 2024,False,2026/04/02 17:22,0,0.0,0.0
Cleanaway waste,Unallocated Cleanaway,334933_Prescribed - Liquid,,Cleanaway,Waste - Chemical [t],Waste - Chemical [t] - No Scope,,30 Nov 2024,False,2026/04/02 17:22,0,0.0,0.0
Cleanaway waste,Unallocated Cleanaway,341640_Prescribed - Liquid,,Cleanaway,Waste - Chemical [t],Waste - Chemical [t] - No Scope,,,True,2026/08/07 12:01,1,1.0,0.0
Cleanaway waste,Unallocated Cleanaway,3507322_Prescribed - Liquid,,Cleanaway,Waste - Chemical [t],Waste - Chemical [t] - No Scope,,,True,2025/03/07 21:32,0,0.0,0.0
Cleanaway waste,Unallocated Cleanaway,364396_Prescribed - Liquid,,Cleanaway,Waste - Chemical [t],Waste - Chemical [t] - No Scope,,,True,2024/03/12 15:06,4,1.8,0.0
Cleanaway waste,Unallocated Cleanaway,3767518_Prescribed - Liquid,,Cleanaway,Waste - Chemical [t],Waste - Chemical [t] - No Scope,,,True,2024/03/12 15:06,0,0.0,0.0
Cleanaway waste,Unallocated Cleanaway,3830488_Prescribed - Liquid,,Cleanaway,Waste - Chemical [t],Waste - Chemical [t] - No Scope,,,True,2025/04/08 13:07,0,0.0,0.0
Cleanaway waste,Unallocated Cleanaway,3840151_Prescribed - Liquid,,Cleanaway,Waste - Chemical [t],Waste - Chemical [t] - No Scope,,,True,2025/01/08 14:17,1,0.0,0.0
Cleanaway waste,Unallocated Cleanaway,3840159_Prescribed - Liquid,,Cleanaway,Waste - Chemical [t],Waste - Chemical [t] - No Scope,,,True,2025/07/07 16:51,1,0.0,0.0
Cleanaway waste,Unallocated Cleanaway,3840161_Prescribed - Liquid,,Cleanaway,Waste - Chemical [t],Waste - Chemical [t] - No Scope,,,True,2025/07/07 16:51,1,0.1,0.0
Cleanaway waste,Unallocated Cleanaway,3840167_Prescribed - Liquid,,Cleanaway,Waste - Chemical [t],Waste - Chemical [t] - No Scope,,,True,2025/05/08 13:10,0,0.0,0.0
Cleanaway waste,Unallocated Cleanaway,3840171_Prescribed - Liquid,,Cleanaway,Waste - Chemical [t],Waste - Chemical [t] - No Scope,,,True,2025/01/08 17:23,0,0.0,0.0
Cleanaway waste,Unallocated Cleanaway,3840173_Prescribed - Liquid,,Cleanaway,Waste - Chemical [t],Waste - Chemical [t] - No Scope,,,True,2024/04/04 14:41,1,0.0,0.0
Cleanaway waste,Unallocated Cleanaway,3840180_Prescribed - Liquid,,Cleanaway,Waste - Chemical [t],Waste - Chemical [t] - No Scope,,,True,2024/04/04 14:41,1,0.5,0.0
Cleanaway waste,Unallocated Cleanaway,3840184_Prescribed - Liquid,,Cleanaway,Waste - Chemical [t],Waste - Chemical [t] - No Scope,,,True,2025/01/09 09:44,0,0.0,0.0
Cleanaway waste,Unallocated Cleanaway,3854864_Prescribed - Liquid,,Cleanaway,Waste - Chemical [t],Waste - Chemical [t] - No Scope,,,True,2024/04/04 14:41,0,0.0,0.0
Cleanaway waste,Unallocated Cleanaway,385923_Prescribed - Liquid,,Cleanaway,Waste - Chemical [t],Waste - Chemical [t] - No Scope,,,True,2024/03/12 15:06,0,0.0,0.0
Cleanaway waste,Unallocated Cleanaway,3893323_Prescribed - Liquid,,Cleanaway,Waste - Chemical [t],Waste - Chemical [t] - No Scope,,29 Feb 2024,False,2026/04/02 17:22,0,0.0,0.0
Cleanaway waste,Unallocated Cleanaway,4062502_Prescribed - Liquid,,Cleanaway,Waste - Chemical [t],Waste - Chemical [t] - No Scope,,,True,2026/07/08 16:57,2,2.5,0.0
Cleanaway waste,Unallocated Cleanaway,4074034_Prescribed - Liquid,,Cleanaway,Waste - Chemical [t],Waste - Chemical [t] - No Scope,,,True,2025/03/07 21:32,0,0.0,0.0
Cleanaway waste,Unallocated Cleanaway,4078404_Prescribed - Liquid,,Cleanaway,Waste - Chemical [t],Waste - Chemical [t] - No Scope,,30 Jun 2024,False,2026/04/02 17:22,0,0.0,0.0
Cleanaway waste,Unallocated Cleanaway,4111734_Prescribed - Liquid,,Cleanaway,Waste - Chemical [t],Waste - Chemical [t] - No Scope,,31 Aug 2024,False,2026/04/02 17:22,0,0.0,0.0
Cleanaway waste,Unallocated Cleanaway,4199872_Prescribed - Liquid,,Cleanaway,Waste - Chemical [t],Waste - Chemical [t] - No Scope,,,True,2025/08/08 18:14,0,0.0,0.0
Cleanaway waste,Unallocated Cleanaway,4201939_Prescribed - Liquid,,Cleanaway,Waste - Chemical [t],Waste - Chemical [t] - No Scope,,,True,2025/01/09 09:44,0,0.0,0.0
Cleanaway waste,Unallocated Cleanaway,4202081_Prescribed - Liquid,,Cleanaway,Waste - Chemical [t],Waste - Chemical [t] - No Scope,,,True,2025/01/09 09:44,0,0.0,0.0
Cleanaway waste,Unallocated Cleanaway,4275263_Prescribed - Liquid,,Cleanaway,Waste - Chemical [t],Waste - Chemical [t] - No Scope,,,True,2025/03/07 21:32,0,0.0,0.0
Cleanaway waste,Unallocated Cleanaway,4280923_Prescribed - Liquid,,Cleanaway,Waste - Chemical [t],Waste - Chemical [t] - No Scope,,,True,2025/05/08 13:10,0,0.0,0.0
Cleanaway waste,Unallocated Cleanaway,4333620_Prescribed - Liquid,,Cleanaway,Waste - Chemical [t],Waste - Chemical [t] - No Scope,,,True,2025/05/08 13:10,0,0.0,0.0
Cleanaway waste,Unallocated Cleanaway,436904_Prescribed - Liquid,,Cleanaway,Waste - Chemical [t],Waste - Chemical [t] - No Scope,,,True,2024/04/04 14:41,5,0.7,0.0
Cleanaway waste,Unallocated Cleanaway,4372130_Prescribed - Liquid,,Cleanaway,Waste - Chemical [t],Waste - Chemical [t] - No Scope,,,True,2025/07/07 16:51,0,0.0,0.0
Cleanaway waste,Unallocated Cleanaway,4390707_Prescribed - Liquid,,Cleanaway,Waste - Chemical [t],Waste - Chemical [t] - No Scope,,,True,2025/08/08 18:14,0,0.0,0.0
Cleanaway waste,Unallocated Cleanaway,4400077_Prescribed - Liquid,,Cleanaway,Waste - Chemical [t],Waste - Chemical [t] - No Scope,,,True,2025/08/08 18:14,0,0.0,0.0
Cleanaway waste,Unallocated Cleanaway,4428755_Prescribed - Liquid,,Cleanaway,Waste - Chemical [t],Waste - Chemical [t] - No Scope,,,True,2025/08/08 18:14,0,0.0,0.0
Cleanaway waste,Unallocated Cleanaway,4495237_Prescribed - Liquid,,Cleanaway,Waste - Chemical [t],Waste - Chemical [t] - No Scope,,,True,2026/02/06 15:19,2,3.5,0.0
Cleanaway waste,Unallocated Cleanaway,4564844_Prescribed - Liquid,,Cleanaway,Waste - Chemical [t],Waste - Chemical [t] - No Scope,,,True,2026/01/08 13:50,0,0.0,0.0
Cleanaway waste,Unallocated Cleanaway,4604170_Prescribed - Liquid,,Cleanaway,Waste - Chemical [t],Waste - Chemical [t] - No Scope,,,True,2026/02/06 15:19,0,0.0,0.0
Cleanaway waste,Unallocated Cleanaway,4659067_Prescribed - Liquid,,Cleanaway,Waste - Chemical [t],Waste - Chemical [t] - No Scope,,,True,2026/05/07 10:58,1,2.4,0.0
Cleanaway waste,Unallocated Cleanaway,4666354_Prescribed - Liquid,,Cleanaway,Waste - Chemical [t],Waste - Chemical [t] - No Scope,,,True,2026/05/07 10:58,1,1.5,0.0
Cleanaway waste,Unallocated Cleanaway,4709250_Prescribed - Liquid,,Cleanaway,Waste - Chemical [t],Waste - Chemical [t] - No Scope,,,True,2026/07/08 16:57,1,7.6,0.0
Cleanaway waste,Unallocated Cleanaway,54017879_Prescribed - Liquid,,Cleanaway,Waste - Chemical [t],Waste - Chemical [t] - No Scope,,,True,2026/07/08 16:57,1,0.0,0.0
Cleanaway waste,Unallocated Cleanaway,60189508_Prescribed - Liquid,,Cleanaway,Waste - Chemical [t],Waste - Chemical [t] - No Scope,,,True,2025/10/17 16:53,0,0.0,0.0
Cleanaway waste,Unallocated Cleanaway,73573377_Prescribed - Liquid,,Cleanaway,Waste - Chemical [t],Waste - Chemical [t] - No Scope,,31 Oct 2024,False,2026/04/02 17:22,0,0.0,0.0
Cleanaway waste,Unallocated Cleanaway,73658148_Prescribed - Liquid,,Cleanaway,Waste - Chemical [t],Waste - Chemical [t] - No Scope,,,True,2026/07/08 16:57,1,0.0,0.0
Cleanaway waste,Unallocated Cleanaway,117355_Industrial Services,,Cleanaway,Waste - Commercial and Industrial - [t],Waste Landfilled - Commercial and Industrial [t],,,True,2024/04/04 14:41,6,0.0,0.0
Cleanaway waste,Unallocated Cleanaway,134065_Industrial Services,,Cleanaway,Waste - Commercial and Industrial - [t],Waste Landfilled - Commercial and Industrial [t],,31 May 2024,False,2026/04/02 17:22,0,0.0,0.0
Cleanaway waste,Unallocated Cleanaway,173354_Industrial Services,,Cleanaway,Waste - Commercial and Industrial - [t],Waste Landfilled - Commercial and Industrial [t],,,True,2026/05/07 10:58,4,0.0,0.0
Cleanaway waste,Unallocated Cleanaway,191302_Industrial Services,,Cleanaway,Waste - Commercial and Industrial - [t],Waste Landfilled - Commercial and Industrial [t],,30 Nov 2024,False,2026/04/02 17:22,0,0.0,0.0
Cleanaway waste,Unallocated Cleanaway,2101585_Industrial Services,,Cleanaway,Waste - Commercial and Industrial - [t],Waste Landfilled - Commercial and Industrial [t],,,True,2026/09/07 16:22,1,0.0,0.0
Cleanaway waste,Unallocated Cleanaway,2292045_Industrial Services,,Cleanaway,Waste - Commercial and Industrial - [t],Waste Landfilled - Commercial and Industrial [t],,,True,2025/08/08 18:14,0,0.0,0.0
Cleanaway waste,Unallocated Cleanaway,2294079_Industrial Services,,Cleanaway,Waste - Commercial and Industrial - [t],Waste Landfilled - Commercial and Industrial [t],,,True,2024/03/12 15:06,0,0.0,0.0
Cleanaway waste,Unallocated Cleanaway,2296431_Industrial Services,,Cleanaway,Waste - Commercial and Industrial - [t],Waste Landfilled - Commercial and Industrial [t],,,True,2025/01/08 16:30,6,0.0,0.0
Cleanaway waste,Unallocated Cleanaway,2301139_Industrial Services,,Cleanaway,Waste - Commercial and Industrial - [t],Waste Landfilled - Commercial and Industrial [t],,,True,2024/03/12 15:06,0,0.0,0.0
Cleanaway waste,Unallocated Cleanaway,2325997_Industrial Services,,Cleanaway,Waste - Commercial and Industrial - [t],Waste Landfilled - Commercial and Industrial [t],,,True,2024/03/12 15:06,1,0.0,0.0
Cleanaway waste,Unallocated Cleanaway,236942_Industrial Services,,Cleanaway,Waste - Commercial and Industrial - [t],Waste Landfilled - Commercial and Industrial [t],,31 Dec 2023,False,2026/04/02 17:22,0,0.0,0.0
Cleanaway waste,Unallocated Cleanaway,2704887_Industrial Services,,Cleanaway,Waste - Commercial and Industrial - [t],Waste Landfilled - Commercial and Industrial [t],,,True,2025/01/09 09:44,3,0.0,0.0
Cleanaway waste,Unallocated Cleanaway,2841241_Industrial Services,,Cleanaway,Waste - Commercial and Industrial - [t],Waste Landfilled - Commercial and Industrial [t],,,True,2024/03/12 15:06,4,0.0,0.0
Cleanaway waste,Unallocated Cleanaway,2850271_Industrial Services,,Cleanaway,Waste - Commercial and Industrial - [t],Waste Landfilled - Commercial and Industrial [t],,31 Oct 2023,False,2026/04/02 17:22,0,0.0,0.0
Cleanaway waste,Unallocated Cleanaway,2974316_Industrial Services,,Cleanaway,Waste - Commercial and Industrial - [t],Waste Landfilled - Commercial and Industrial [t],,,True,2025/03/07 21:32,0,0.0,0.0
Cleanaway waste,Unallocated Cleanaway,297998_Industrial Services,,Cleanaway,Waste - Commercial and Industrial - [t],Waste Landfilled - Commercial and Industrial [t],,31 Aug 2024,False,2026/04/02 17:22,0,0.0,0.0
Cleanaway waste,Unallocated Cleanaway,308811_Industrial Services,,Cleanaway,Waste - Commercial and Industrial - [t],Waste Landfilled - Commercial and Industrial [t],,,True,2025/10/17 16:00,0,0.0,0.0
Cleanaway waste,Unallocated Cleanaway,309202_Industrial Services,,Cleanaway,Waste - Commercial and Industrial - [t],Waste Landfilled - Commercial and Industrial [t],,,True,2024/03/12 15:06,0,0.0,0.0
Cleanaway waste,Unallocated Cleanaway,3191775_Industrial Services,,Cleanaway,Waste - Commercial and Industrial - [t],Waste Landfilled - Commercial and Industrial [t],,,True,2024/03/12 15:06,0,0.0,0.0
Cleanaway waste,Unallocated Cleanaway,3280992_Industrial Services,,Cleanaway,Waste - Commercial and Industrial - [t],Waste Landfilled - Commercial and Industrial [t],,,True,2025/10/17 16:53,1,0.0,0.0
Cleanaway waste,Unallocated Cleanaway,330844_Industrial Services,,Cleanaway,Waste - Commercial and Industrial - [t],Waste Landfilled - Commercial and Industrial [t],,31 Dec 2023,False,2026/04/02 17:22,0,0.0,0.0
Cleanaway waste,Unallocated Cleanaway,3347794_Industrial Services,,Cleanaway,Waste - Commercial and Industrial - [t],Waste Landfilled - Commercial and Industrial [t],,31 Dec 2023,False,2026/04/02 17:22,0,0.0,0.0
Cleanaway waste,Unallocated Cleanaway,334933_Industrial Services,,Cleanaway,Waste - Commercial and Industrial - [t],Waste Landfilled - Commercial and Industrial [t],,30 Nov 2024,False,2026/04/02 17:22,0,0.0,0.0
Cleanaway waste,Unallocated Cleanaway,3368761_Industrial Services,,Cleanaway,Waste - Commercial and Industrial - [t],Waste Landfilled - Commercial and Industrial [t],,31 Dec 2023,False,2026/04/02 17:22,0,0.0,0.0
Cleanaway waste,Unallocated Cleanaway,3431144_Industrial Services,,Cleanaway,Waste - Commercial and Industrial - [t],Waste Landfilled - Commercial and Industrial [t],,,True,2024/04/04 14:49,0,0.0,0.0
Cleanaway waste,Unallocated Cleanaway,3504159_Industrial Services,,Cleanaway,Waste - Commercial and Industrial - [t],Waste Landfilled - Commercial and Industrial [t],,30 Jun 2024,False,2026/04/02 17:22,0,0.0,0.0
Cleanaway waste,Unallocated Cleanaway,3507322_Industrial Services,,Cleanaway,Waste - Commercial and Industrial - [t],Waste Landfilled - Commercial and Industrial [t],,,True,2025/03/07 21:32,0,0.0,0.0
Cleanaway waste,Unallocated Cleanaway,364396_Industrial Services,,Cleanaway,Waste - Commercial and Industrial - [t],Waste Landfilled - Commercial and Industrial [t],,30 Sep 2024,False,2026/04/02 17:22,0,0.0,0.0
Cleanaway waste,Unallocated Cleanaway,3652176_Industrial Services,,Cleanaway,Waste - Commercial and Industrial - [t],Waste Landfilled - Commercial and Industrial [t],,,True,2025/01/08 14:17,0,0.0,0.0
Cleanaway waste,Unallocated Cleanaway,365679_Industrial Services,,Cleanaway,Waste - Commercial and Industrial - [t],Waste Landfilled - Commercial and Industrial [t],,,True,2024/04/04 14:49,6,0.0,0.0
Cleanaway waste,Unallocated Cleanaway,3672723_Industrial Services,,Cleanaway,Waste - Commercial and Industrial - [t],Waste Landfilled - Commercial and Industrial [t],,,True,2025/07/07 16:51,0,0.0,0.0
Cleanaway waste,Unallocated Cleanaway,3695612_Industrial Services,,Cleanaway,Waste - Commercial and Industrial - [t],Waste Landfilled - Commercial and Industrial [t],,30 Nov 2023,False,2026/04/02 17:22,0,0.0,0.0
Cleanaway waste,Unallocated Cleanaway,3712810_Industrial Services,,Cleanaway,Waste - Commercial and Industrial - [t],Waste Landfilled - Commercial and Industrial [t],,,True,2025/01/09 09:44,1,0.0,0.0
Cleanaway waste,Unallocated Cleanaway,3767518_Industrial Services,,Cleanaway,Waste - Commercial and Industrial - [t],Waste Landfilled - Commercial and Industrial [t],,,True,2024/03/12 15:06,1,0.0,0.0
Cleanaway waste,Unallocated Cleanaway,3830488_Industrial Services,,Cleanaway,Waste - Commercial and Industrial - [t],Waste Landfilled - Commercial and Industrial [t],,30 Apr 2024,False,2026/04/02 17:22,0,0.0,0.0
Cleanaway waste,Unallocated Cleanaway,3840151_Industrial Services,,Cleanaway,Waste - Commercial and Industrial - [t],Waste Landfilled - Commercial and Industrial [t],,,True,2025/07/07 16:51,1,0.0,0.0
Cleanaway waste,Unallocated Cleanaway,3840159_Industrial Services,,Cleanaway,Waste - Commercial and Industrial - [t],Waste Landfilled - Commercial and Industrial [t],,,True,2025/07/07 16:51,1,0.0,0.0
Cleanaway waste,Unallocated Cleanaway,3840161_Industrial Services,,Cleanaway,Waste - Commercial and Industrial - [t],Waste Landfilled - Commercial and Industrial [t],,,True,2025/01/08 17:23,1,0.0,0.0
Cleanaway waste,Unallocated Cleanaway,3840167_Industrial Services,,Cleanaway,Waste - Commercial and Industrial - [t],Waste Landfilled - Commercial and Industrial [t],,,True,2025/07/07 16:51,0,0.0,0.0
Cleanaway waste,Unallocated Cleanaway,3840171_Industrial Services,,Cleanaway,Waste - Commercial and Industrial - [t],Waste Landfilled - Commercial and Industrial [t],,,True,2025/07/07 16:51,1,0.0,0.0
Cleanaway waste,Unallocated Cleanaway,3840180_Industrial Services,,Cleanaway,Waste - Commercial and Industrial - [t],Waste Landfilled - Commercial and Industrial [t],,,True,2024/04/04 14:49,1,0.0,0.0
Cleanaway waste,Unallocated Cleanaway,3840184_Industrial Services,,Cleanaway,Waste - Commercial and Industrial - [t],Waste Landfilled - Commercial and Industrial [t],,,True,2025/03/07 21:32,0,0.0,0.0
Cleanaway waste,Unallocated Cleanaway,3840190_Industrial Services,,Cleanaway,Waste - Commercial and Industrial - [t],Waste Landfilled - Commercial and Industrial [t],,,True,2025/07/07 16:51,0,0.0,0.0
Cleanaway waste,Unallocated Cleanaway,3854864_Industrial Services,,Cleanaway,Waste - Commercial and Industrial - [t],Waste Landfilled - Commercial and Industrial [t],,,True,2025/05/08 13:10,0,0.0,0.0
Cleanaway waste,Unallocated Cleanaway,385923_Industrial Services,,Cleanaway,Waste - Commercial and Industrial - [t],Waste Landfilled - Commercial and Industrial [t],,,True,2024/03/12 15:06,0,0.0,0.0
Cleanaway waste,Unallocated Cleanaway,4074034_Industrial Services,,Cleanaway,Waste - Commercial and Industrial - [t],Waste Landfilled - Commercial and Industrial [t],,,True,2024/08/09 09:34,0,0.0,0.0
Cleanaway waste,Unallocated Cleanaway,4111734_Industrial Services,,Cleanaway,Waste - Commercial and Industrial - [t],Waste Landfilled - Commercial and Industrial [t],,31 Aug 2024,False,2026/04/02 17:22,0,0.0,0.0
Cleanaway waste,Unallocated Cleanaway,4153086_Industrial Services,,Cleanaway,Waste - Commercial and Industrial - [t],Waste Landfilled - Commercial and Industrial [t],,,True,2025/01/08 14:17,3,0.0,0.0
Cleanaway waste,Unallocated Cleanaway,4199872_Industrial Services,,Cleanaway,Waste - Commercial and Industrial - [t],Waste Landfilled - Commercial and Industrial [t],,30 Nov 2024,False,2026/04/02 17:22,0,0.0,0.0
Cleanaway waste,Unallocated Cleanaway,4199877_Industrial Services,,Cleanaway,Waste - Commercial and Industrial - [t],Waste Landfilled - Commercial and Industrial [t],,,True,2025/04/08 13:07,0,0.0,0.0
Cleanaway waste,Unallocated Cleanaway,4201939_Industrial Services,,Cleanaway,Waste - Commercial and Industrial - [t],Waste Landfilled - Commercial and Industrial [t],,,True,2025/01/09 09:44,0,0.0,0.0
Cleanaway waste,Unallocated Cleanaway,4202081_Industrial Services,,Cleanaway,Waste - Commercial and Industrial - [t],Waste Landfilled - Commercial and Industrial [t],,,True,2025/01/09 09:44,0,0.0,0.0
Cleanaway waste,Unallocated Cleanaway,4209552_Industrial Services,,Cleanaway,Waste - Commercial and Industrial - [t],Waste Landfilled - Commercial and Industrial [t],,30 Nov 2024,False,2026/04/02 17:22,0,0.0,0.0
Cleanaway waste,Unallocated Cleanaway,4275263_Industrial Services,,Cleanaway,Waste - Commercial and Industrial - [t],Waste Landfilled - Commercial and Industrial [t],,,True,2025/03/07 21:32,0,0.0,0.0
Cleanaway waste,Unallocated Cleanaway,4320755_Industrial Services,,Cleanaway,Waste - Commercial and Industrial - [t],Waste Landfilled - Commercial and Industrial [t],,,True,2025/05/08 13:10,0,0.0,0.0
Cleanaway waste,Unallocated Cleanaway,4321975_Industrial Services,,Cleanaway,Waste - Commercial and Industrial - [t],Waste Landfilled - Commercial and Industrial [t],,,True,2025/04/08 13:07,0,0.0,0.0
Cleanaway waste,Unallocated Cleanaway,4325050_Industrial Services,,Cleanaway,Waste - Commercial and Industrial - [t],Waste Landfilled - Commercial and Industrial [t],,,True,2025/05/08 13:10,3,0.0,0.0
Cleanaway waste,Unallocated Cleanaway,4333620_Industrial Services,,Cleanaway,Waste - Commercial and Industrial - [t],Waste Landfilled - Commercial and Industrial [t],,,True,2025/05/08 13:10,0,0.0,0.0
Cleanaway waste,Unallocated Cleanaway,4342841_Industrial Services,,Cleanaway,Waste - Commercial and Industrial - [t],Waste Landfilled - Commercial and Industrial [t],,,True,2025/07/07 16:51,0,0.0,0.0
Cleanaway waste,Unallocated Cleanaway,436904_Industrial Services,,Cleanaway,Waste - Commercial and Industrial - [t],Waste Landfilled - Commercial and Industrial [t],,,True,2024/04/04 14:41,1,0.0,0.0
Cleanaway waste,Unallocated Cleanaway,4372130_Industrial Services,,Cleanaway,Waste - Commercial and Industrial - [t],Waste Landfilled - Commercial and Industrial [t],,,True,2025/12/11 17:24,1,0.0,0.0
Cleanaway waste,Unallocated Cleanaway,4395704_Industrial Services,,Cleanaway,Waste - Commercial and Industrial - [t],Waste Landfilled - Commercial and Industrial [t],,,True,2025/08/08 18:14,1,0.0,0.0
Cleanaway waste,Unallocated Cleanaway,4417480_Industrial Services,,Cleanaway,Waste - Commercial and Industrial - [t],Waste Landfilled - Commercial and Industrial [t],,,True,2025/10/17 16:00,0,0.0,0.0
Cleanaway waste,Unallocated Cleanaway,4491179_Industrial Services,,Cleanaway,Waste - Commercial and Industrial - [t],Waste Landfilled - Commercial and Industrial [t],,,True,2025/12/11 17:24,0,0.0,0.0
Cleanaway waste,Unallocated Cleanaway,4493253_Industrial Services,,Cleanaway,Waste - Commercial and Industrial - [t],Waste Landfilled - Commercial and Industrial [t],,,True,2025/10/17 16:53,3,0.0,0.0
Cleanaway waste,Unallocated Cleanaway,453718_Industrial Services,,Cleanaway,Waste - Commercial and Industrial - [t],Waste Landfilled - Commercial and Industrial [t],,,True,2024/04/04 15:03,0,0.0,0.0
Cleanaway waste,Unallocated Cleanaway,4605575_Industrial Services,,Cleanaway,Waste - Commercial and Industrial - [t],Waste Landfilled - Commercial and Industrial [t],,,True,2026/04/08 15:10,0,0.0,0.0
Cleanaway waste,Unallocated Cleanaway,4653225_Industrial Services,,Cleanaway,Waste - Commercial and Industrial - [t],Waste Landfilled - Commercial and Industrial [t],,,True,2026/04/08 15:10,2,0.0,0.0
Cleanaway waste,Unallocated Cleanaway,4709250_Industrial Services,,Cleanaway,Waste - Commercial and Industrial - [t],Waste Landfilled - Commercial and Industrial [t],,,True,2026/09/07 16:22,1,0.0,0.0
Cleanaway waste,Unallocated Cleanaway,63206_Industrial Services,,Cleanaway,Waste - Commercial and Industrial - [t],Waste Landfilled - Commercial and Industrial [t],,,True,2024/04/04 14:49,6,0.0,0.0
Cleanaway waste,Unallocated Cleanaway,63575_Industrial Services,,Cleanaway,Waste - Commercial and Industrial - [t],Waste Landfilled - Commercial and Industrial [t],,30 Sep 2024,False,2026/04/02 17:22,0,0.0,0.0
Cleanaway waste,Unallocated Cleanaway,70029_Industrial Services,,Cleanaway,Waste - Commercial and Industrial - [t],Waste Landfilled - Commercial and Industrial [t],,30 Nov 2023,False,2026/04/02 17:22,0,0.0,0.0
Cleanaway waste,Unallocated Cleanaway,72687_Industrial Services,,Cleanaway,Waste - Commercial and Industrial - [t],Waste Landfilled - Commercial and Industrial [t],,31 Oct 2024,False,2026/04/02 17:22,0,0.0,0.0
Cleanaway waste,Unallocated Cleanaway,72729_Industrial Services,,Cleanaway,Waste - Commercial and Industrial - [t],Waste Landfilled - Commercial and Industrial [t],,,True,2024/04/04 14:49,0,0.0,0.0
Cleanaway waste,Unallocated Cleanaway,73037695_Industrial Services,,Cleanaway,Waste - Commercial and Industrial - [t],Waste Landfilled - Commercial and Industrial [t],,,True,2024/03/12 15:06,6,0.0,0.0
Cleanaway waste,Unallocated Cleanaway,77215_Industrial Services,,Cleanaway,Waste - Commercial and Industrial - [t],Waste Landfilled - Commercial and Industrial [t],,,True,2025/04/08 13:07,0,0.0,0.0
Cleanaway waste,Unallocated Cleanaway,13832796_Commingle,,Cleanaway,Waste - Commingled [t],Waste - Commingled [t],,,True,2026/08/07 12:01,2,1.8,0.0
Cleanaway waste,Unallocated Cleanaway,18437620_Commingle,,Cleanaway,Waste - Commingled [t],Waste - Commingled [t],,,True,2024/03/12 15:06,6,15.0,0.0
Cleanaway waste,Unallocated Cleanaway,18835427_Commingle,,Cleanaway,Waste - Commingled [t],Waste - Commingled [t],,31 Dec 2023,False,2026/04/02 17:22,0,0.0,0.0
Cleanaway waste,Unallocated Cleanaway,18835559_Commingle,,Cleanaway,Waste - Commingled [t],Waste - Commingled [t],,31 Jan 2024,False,2026/04/02 17:22,0,0.0,0.0
Cleanaway waste,Unallocated Cleanaway,18835603_Commingle,,Cleanaway,Waste - Commingled [t],Waste - Commingled [t],,31 Jan 2024,False,2026/04/02 17:22,0,0.0,0.0
Cleanaway waste,Unallocated Cleanaway,18836595_Commingle,,Cleanaway,Waste - Commingled [t],Waste - Commingled [t],,,True,2024/03/12 15:06,0,0.0,0.0
Cleanaway waste,Unallocated Cleanaway,18837047_Commingle,,Cleanaway,Waste - Commingled [t],Waste - Commingled [t],,,True,2024/04/04 14:41,0,0.0,0.0
Cleanaway waste,Unallocated Cleanaway,18837234_Commingle,,Cleanaway,Waste - Commingled [t],Waste - Commingled [t],,,True,2024/03/12 15:06,0,0.0,0.0
Cleanaway waste,Unallocated Cleanaway,18837488_Commingle,,Cleanaway,Waste - Commingled [t],Waste - Commingled [t],,31 Jan 2024,False,2026/04/02 17:22,0,0.0,0.0
Cleanaway waste,Unallocated Cleanaway,18839230_Commingle,,Cleanaway,Waste - Commingled [t],Waste - Commingled [t],,31 Dec 2023,False,2026/04/02 17:22,0,0.0,0.0
Cleanaway waste,Unallocated Cleanaway,18840023_Commingle,,Cleanaway,Waste - Commingled [t],Waste - Commingled [t],,,True,2025/12/11 16:02,1,0.0,0.0
Cleanaway waste,Unallocated Cleanaway,18851959_Commingle,,Cleanaway,Waste - Commingled [t],Waste - Commingled [t],,,True,2024/04/04 14:49,0,0.0,0.0
Cleanaway waste,Unallocated Cleanaway,18855212_Commingle,,Cleanaway,Waste - Commingled [t],Waste - Commingled [t],,,True,2024/03/12 15:06,0,0.0,0.0
Cleanaway waste,Unallocated Cleanaway,18865528_Commingle,,Cleanaway,Waste - Commingled [t],Waste - Commingled [t],,,True,2024/03/12 15:06,0,0.0,0.0
Cleanaway waste,Unallocated Cleanaway,18866091_Commingle,,Cleanaway,Waste - Commingled [t],Waste - Commingled [t],,,True,2024/03/12 15:06,0,0.0,0.0
Cleanaway waste,Unallocated Cleanaway,18874533_Commingle,,Cleanaway,Waste - Commingled [t],Waste - Commingled [t],,,True,2024/03/12 15:06,0,0.0,0.0
Cleanaway waste,Unallocated Cleanaway,18880639_Commingle,,Cleanaway,Waste - Commingled [t],Waste - Commingled [t],,30 Sep 2024,False,2026/04/02 17:22,0,0.0,0.0
Cleanaway waste,Unallocated Cleanaway,18884541_Commingle,,Cleanaway,Waste - Commingled [t],Waste - Commingled [t],,,True,2024/04/04 14:41,0,0.0,0.0
Cleanaway waste,Unallocated Cleanaway,18887318_Commingle,,Cleanaway,Waste - Commingled [t],Waste - Commingled [t],,,True,2024/05/09 17:28,0,0.0,0.0
Cleanaway waste,Unallocated Cleanaway,18891848_Commingle,,Cleanaway,Waste - Commingled [t],Waste - Commingled [t],,31 Oct 2024,False,2026/04/02 17:22,0,0.0,0.0
Cleanaway waste,Unallocated Cleanaway,18896611_Commingle,,Cleanaway,Waste - Commingled [t],Waste - Commingled [t],,,True,2025/04/08 13:07,3,1.3,0.0
Cleanaway waste,Unallocated Cleanaway,18896643_Commingle,,Cleanaway,Waste - Commingled [t],Waste - Commingled [t],,,True,2025/04/08 13:07,3,3.0,0.0
Cleanaway waste,Unallocated Cleanaway,18896687_Commingle,,Cleanaway,Waste - Commingled [t],Waste - Commingled [t],,,True,2025/04/08 13:07,3,1.7,0.0
Cleanaway waste,Unallocated Cleanaway,18896698_Commingle,,Cleanaway,Waste - Commingled [t],Waste - Commingled [t],,,True,2025/04/08 13:07,3,2.0,0.0
Cleanaway waste,Unallocated Cleanaway,18896710_Commingle,,Cleanaway,Waste - Commingled [t],Waste - Commingled [t],,,True,2025/04/08 13:07,3,2.3,0.0
Cleanaway waste,Unallocated Cleanaway,18896743_Commingle,,Cleanaway,Waste - Commingled [t],Waste - Commingled [t],,,True,2025/04/08 13:07,3,2.3,0.0
Cleanaway waste,Unallocated Cleanaway,18896797_Commingle,,Cleanaway,Waste - Commingled [t],Waste - Commingled [t],,,True,2025/04/08 13:07,3,2.1,0.0
Cleanaway waste,Unallocated Cleanaway,18896808_Commingle,,Cleanaway,Waste - Commingled [t],Waste - Commingled [t],,,True,2025/04/08 13:07,3,1.4,0.0
Cleanaway waste,Unallocated Cleanaway,18896819_Commingle,,Cleanaway,Waste - Commingled [t],Waste - Commingled [t],,,True,2025/04/08 13:07,3,1.9,0.0
Cleanaway waste,Unallocated Cleanaway,18896842_Commingle,,Cleanaway,Waste - Commingled [t],Waste - Commingled [t],,,True,2025/04/08 13:07,3,1.7,0.0
Cleanaway waste,Unallocated Cleanaway,18896853_Commingle,,Cleanaway,Waste - Commingled [t],Waste - Commingled [t],,,True,2025/04/08 13:07,3,0.9,0.0
Cleanaway waste,Unallocated Cleanaway,18896864_Commingle,,Cleanaway,Waste - Commingled [t],Waste - Commingled [t],,,True,2025/04/08 13:07,3,1.7,0.0
Cleanaway waste,Unallocated Cleanaway,18896875_Commingle,,Cleanaway,Waste - Commingled [t],Waste - Commingled [t],,,True,2025/04/08 13:07,3,1.7,0.0
Cleanaway waste,Unallocated Cleanaway,18896886_Commingle,,Cleanaway,Waste - Commingled [t],Waste - Commingled [t],,,True,2025/04/08 13:07,3,1.6,0.0
Cleanaway waste,Unallocated Cleanaway,18896897_Commingle,,Cleanaway,Waste - Commingled [t],Waste - Commingled [t],,,True,2025/04/08 13:07,3,1.8,0.0
Cleanaway waste,Unallocated Cleanaway,18896908_Commingle,,Cleanaway,Waste - Commingled [t],Waste - Commingled [t],,,True,2025/04/08 13:07,3,1.6,0.0
Cleanaway waste,Unallocated Cleanaway,18896918_Commingle,,Cleanaway,Waste - Commingled [t],Waste - Commingled [t],,,True,2025/04/08 13:07,3,4.1,0.0
Cleanaway waste,Unallocated Cleanaway,18896929_Commingle,,Cleanaway,Waste - Commingled [t],Waste - Commingled [t],,,True,2025/04/08 13:07,3,3.3,0.0
Cleanaway waste,Unallocated Cleanaway,18896930_Commingle,,Cleanaway,Waste - Commingled [t],Waste - Commingled [t],,,True,2025/04/08 13:07,3,3.0,0.0
Cleanaway waste,Unallocated Cleanaway,18896952_Commingle,,Cleanaway,Waste - Commingled [t],Waste - Commingled [t],,,True,2025/04/08 13:07,3,3.4,0.0
Cleanaway waste,Unallocated Cleanaway,18896963_Commingle,,Cleanaway,Waste - Commingled [t],Waste - Commingled [t],,,True,2025/04/08 13:07,3,0.7,0.0
Cleanaway waste,Unallocated Cleanaway,18896974_Commingle,,Cleanaway,Waste - Commingled [t],Waste - Commingled [t],,,True,2025/04/08 13:07,3,0.7,0.0
Cleanaway waste,Unallocated Cleanaway,18896985_Commingle,,Cleanaway,Waste - Commingled [t],Waste - Commingled [t],,,True,2025/04/08 13:07,3,0.8,0.0
Cleanaway waste,Unallocated Cleanaway,18896996_Commingle,,Cleanaway,Waste - Commingled [t],Waste - Commingled [t],,,True,2025/04/08 13:07,3,0.8,0.0
Cleanaway waste,Unallocated Cleanaway,18897007_Commingle,,Cleanaway,Waste - Commingled [t],Waste - Commingled [t],,,True,2025/04/08 13:07,3,1.6,0.0
Cleanaway waste,Unallocated Cleanaway,18897018_Commingle,,Cleanaway,Waste - Commingled [t],Waste - Commingled [t],,,True,2025/04/08 13:07,3,0.3,0.0
Cleanaway waste,Unallocated Cleanaway,18897040_Commingle,,Cleanaway,Waste - Commingled [t],Waste - Commingled [t],,,True,2025/04/08 13:07,3,1.4,0.0
Cleanaway waste,Unallocated Cleanaway,18897051_Commingle,,Cleanaway,Waste - Commingled [t],Waste - Commingled [t],,,True,2025/04/08 13:07,3,0.9,0.0
Cleanaway waste,Unallocated Cleanaway,18897073_Commingle,,Cleanaway,Waste - Commingled [t],Waste - Commingled [t],,,True,2025/04/08 13:07,3,1.4,0.0
Cleanaway waste,Unallocated Cleanaway,18897084_Commingle,,Cleanaway,Waste - Commingled [t],Waste - Commingled [t],,,True,2025/04/08 13:07,3,1.6,0.0
Cleanaway waste,Unallocated Cleanaway,18897106_Commingle,,Cleanaway,Waste - Commingled [t],Waste - Commingled [t],,,True,2025/04/08 13:07,3,1.6,0.0
Cleanaway waste,Unallocated Cleanaway,18897117_Commingle,,Cleanaway,Waste - Commingled [t],Waste - Commingled [t],,,True,2025/04/08 13:07,3,1.5,0.0
Cleanaway waste,Unallocated Cleanaway,18897128_Commingle,,Cleanaway,Waste - Commingled [t],Waste - Commingled [t],,,True,2025/04/08 13:07,3,1.4,0.0
Cleanaway waste,Unallocated Cleanaway,18897139_Commingle,,Cleanaway,Waste - Commingled [t],Waste - Commingled [t],,,True,2025/04/08 13:07,3,3.2,0.0
Cleanaway waste,Unallocated Cleanaway,18897162_Commingle,,Cleanaway,Waste - Commingled [t],Waste - Commingled [t],,,True,2025/04/08 13:07,3,1.6,0.0
Cleanaway waste,Unallocated Cleanaway,18897173_Commingle,,Cleanaway,Waste - Commingled [t],Waste - Commingled [t],,,True,2025/04/08 13:07,3,1.9,0.0
Cleanaway waste,Unallocated Cleanaway,18897194_Commingle,,Cleanaway,Waste - Commingled [t],Waste - Commingled [t],,,True,2025/04/08 13:07,3,1.6,0.0
Cleanaway waste,Unallocated Cleanaway,18897216_Commingle,,Cleanaway,Waste - Commingled [t],Waste - Commingled [t],,,True,2025/04/08 13:07,3,1.7,0.0
Cleanaway waste,Unallocated Cleanaway,18897238_Commingle,,Cleanaway,Waste - Commingled [t],Waste - Commingled [t],,,True,2025/04/08 13:07,3,3.3,0.0
Cleanaway waste,Unallocated Cleanaway,18897249_Commingle,,Cleanaway,Waste - Commingled [t],Waste - Commingled [t],,,True,2025/04/08 13:07,3,1.8,0.0
Cleanaway waste,Unallocated Cleanaway,18897250_Commingle,,Cleanaway,Waste - Commingled [t],Waste - Commingled [t],,,True,2025/04/08 13:07,3,1.9,0.0
Cleanaway waste,Unallocated Cleanaway,18897261_Commingle,,Cleanaway,Waste - Commingled [t],Waste - Commingled [t],,,True,2025/04/08 13:07,3,1.7,0.0
Cleanaway waste,Unallocated Cleanaway,18897272_Commingle,,Cleanaway,Waste - Commingled [t],Waste - Commingled [t],,,True,2025/04/08 13:07,3,1.5,0.0
Cleanaway waste,Unallocated Cleanaway,18897305_Commingle,,Cleanaway,Waste - Commingled [t],Waste - Commingled [t],,,True,2025/04/08 13:07,3,1.4,0.0
Cleanaway waste,Unallocated Cleanaway,18897316_Commingle,,Cleanaway,Waste - Commingled [t],Waste - Commingled [t],,,True,2025/04/08 13:07,3,1.2,0.0
Cleanaway waste,Unallocated Cleanaway,18897326_Commingle,,Cleanaway,Waste - Commingled [t],Waste - Commingled [t],,,True,2025/04/08 13:07,3,1.2,0.0
Cleanaway waste,Unallocated Cleanaway,18897337_Commingle,,Cleanaway,Waste - Commingled [t],Waste - Commingled [t],,,True,2025/04/08 13:07,3,2.0,0.0
Cleanaway waste,Unallocated Cleanaway,18897348_Commingle,,Cleanaway,Waste - Commingled [t],Waste - Commingled [t],,,True,2025/04/08 13:07,3,1.3,0.0
Cleanaway waste,Unallocated Cleanaway,18897359_Commingle,,Cleanaway,Waste - Commingled [t],Waste - Commingled [t],,,True,2025/04/08 13:07,3,3.2,0.0
Cleanaway waste,Unallocated Cleanaway,18897360_Commingle,,Cleanaway,Waste - Commingled [t],Waste - Commingled [t],,,True,2025/04/08 13:07,3,1.2,0.0
Cleanaway waste,Unallocated Cleanaway,18897371_Commingle,,Cleanaway,Waste - Commingled [t],Waste - Commingled [t],,,True,2025/04/08 13:07,3,1.7,0.0
Cleanaway waste,Unallocated Cleanaway,18897382_Commingle,,Cleanaway,Waste - Commingled [t],Waste - Commingled [t],,,True,2025/04/08 13:07,3,0.4,0.0
Cleanaway waste,Unallocated Cleanaway,18897393_Commingle,,Cleanaway,Waste - Commingled [t],Waste - Commingled [t],,,True,2025/04/08 13:07,3,0.2,0.0
Cleanaway waste,Unallocated Cleanaway,18897404_Commingle,,Cleanaway,Waste - Commingled [t],Waste - Commingled [t],,,True,2025/04/08 13:07,3,2.5,0.0
Cleanaway waste,Unallocated Cleanaway,18897448_Commingle,,Cleanaway,Waste - Commingled [t],Waste - Commingled [t],,,True,2025/04/08 13:07,3,1.6,0.0
Cleanaway waste,Unallocated Cleanaway,18897469_Commingle,,Cleanaway,Waste - Commingled [t],Waste - Commingled [t],,,True,2025/04/08 13:07,0,0.0,0.0
Cleanaway waste,Unallocated Cleanaway,18897470_Commingle,,Cleanaway,Waste - Commingled [t],Waste - Commingled [t],,,True,2025/04/08 13:07,3,1.3,0.0
Cleanaway waste,Unallocated Cleanaway,18897503_Commingle,,Cleanaway,Waste - Commingled [t],Waste - Commingled [t],,,True,2025/04/08 13:07,0,0.0,0.0
Cleanaway waste,Unallocated Cleanaway,18897514_Commingle,,Cleanaway,Waste - Commingled [t],Waste - Commingled [t],,,True,2025/04/08 13:07,3,1.3,0.0
Cleanaway waste,Unallocated Cleanaway,18897558_Commingle,,Cleanaway,Waste - Commingled [t],Waste - Commingled [t],,,True,2025/04/08 13:07,3,2.0,0.0
Cleanaway waste,Unallocated Cleanaway,18897569_Commingle,,Cleanaway,Waste - Commingled [t],Waste - Commingled [t],,,True,2025/04/08 13:07,3,1.4,0.0
Cleanaway waste,Unallocated Cleanaway,18897570_Commingle,,Cleanaway,Waste - Commingled [t],Waste - Commingled [t],,,True,2025/04/08 13:07,3,1.5,0.0
Cleanaway waste,Unallocated Cleanaway,18897591_Commingle,,Cleanaway,Waste - Commingled [t],Waste - Commingled [t],,,True,2025/04/08 13:07,3,1.4,0.0
Cleanaway waste,Unallocated Cleanaway,18897602_Commingle,,Cleanaway,Waste - Commingled [t],Waste - Commingled [t],,,True,2025/04/08 13:07,3,1.5,0.0
Cleanaway waste,Unallocated Cleanaway,18897613_Commingle,,Cleanaway,Waste - Commingled [t],Waste - Commingled [t],,,True,2025/04/08 13:07,3,1.4,0.0
Cleanaway waste,Unallocated Cleanaway,18897624_Commingle,,Cleanaway,Waste - Commingled [t],Waste - Commingled [t],,,True,2025/04/08 13:07,3,1.6,0.0
Cleanaway waste,Unallocated Cleanaway,18897657_Commingle,,Cleanaway,Waste - Commingled [t],Waste - Commingled [t],,,True,2025/04/08 13:07,3,2.6,0.0
Cleanaway waste,Unallocated Cleanaway,18897691_Commingle,,Cleanaway,Waste - Commingled [t],Waste - Commingled [t],,,True,2025/04/08 13:07,3,1.5,0.0
Cleanaway waste,Unallocated Cleanaway,18897724_Commingle,,Cleanaway,Waste - Commingled [t],Waste - Commingled [t],,,True,2025/04/08 13:07,3,0.7,0.0
Cleanaway waste,Unallocated Cleanaway,18897734_Commingle,,Cleanaway,Waste - Commingled [t],Waste - Commingled [t],,,True,2025/04/08 13:07,3,1.3,0.0
Cleanaway waste,Unallocated Cleanaway,18897745_Commingle,,Cleanaway,Waste - Commingled [t],Waste - Commingled [t],,,True,2025/04/08 13:07,3,1.8,0.0
Cleanaway waste,Unallocated Cleanaway,18897778_Commingle,,Cleanaway,Waste - Commingled [t],Waste - Commingled [t],,,True,2025/04/08 13:07,3,1.4,0.0
Cleanaway waste,Unallocated Cleanaway,18897801_Commingle,,Cleanaway,Waste - Commingled [t],Waste - Commingled [t],,,True,2025/04/08 13:07,3,1.2,0.0
Cleanaway waste,Unallocated Cleanaway,18897834_Commingle,,Cleanaway,Waste - Commingled [t],Waste - Commingled [t],,,True,2025/04/08 13:07,3,1.2,0.0
Cleanaway waste,Unallocated Cleanaway,18897856_Commingle,,Cleanaway,Waste - Commingled [t],Waste - Commingled [t],,,True,2025/04/08 13:07,3,0.5,0.0
Cleanaway waste,Unallocated Cleanaway,18897867_Commingle,,Cleanaway,Waste - Commingled [t],Waste - Commingled [t],,,True,2025/04/08 13:07,3,1.5,0.0
Cleanaway waste,Unallocated Cleanaway,18897877_Commingle,,Cleanaway,Waste - Commingled [t],Waste - Commingled [t],,,True,2025/04/08 13:07,3,0.5,0.0
Cleanaway waste,Unallocated Cleanaway,18897899_Commingle,,Cleanaway,Waste - Commingled [t],Waste - Commingled [t],,,True,2025/12/11 17:24,0,0.0,0.0
Cleanaway waste,Unallocated Cleanaway,18898374_Commingle,,Cleanaway,Waste - Commingled [t],Waste - Commingled [t],,,True,2025/12/11 17:24,3,0.0,0.0
Cleanaway waste,Unallocated Cleanaway,18898484_Commingle,,Cleanaway,Waste - Commingled [t],Waste - Commingled [t],,,True,2025/04/08 13:07,3,0.7,0.0
Cleanaway waste,Unallocated Cleanaway,18898506_Commingle,,Cleanaway,Waste - Commingled [t],Waste - Commingled [t],,,True,2025/04/08 13:07,3,1.4,0.0
Cleanaway waste,Unallocated Cleanaway,18900534_Commingle,,Cleanaway,Waste - Commingled [t],Waste - Commingled [t],,,True,2025/06/06 12:05,3,0.6,0.0
Cleanaway waste,Unallocated Cleanaway,18904744_Commingle,,Cleanaway,Waste - Commingled [t],Waste - Commingled [t],,,True,2026/01/08 13:50,3,0.4,0.0
Cleanaway waste,Unallocated Cleanaway,18906255_Commingle,,Cleanaway,Waste - Commingled [t],Waste - Commingled [t],,,True,2026/04/08 15:10,3,0.6,0.0
Cleanaway waste,Unallocated Cleanaway,19025271_Commingle,,Cleanaway,Waste - Commingled [t],Waste - Commingled [t],,,True,2024/03/12 15:06,6,1.1,0.0
Cleanaway waste,Unallocated Cleanaway,19475621_Commingle,,Cleanaway,Waste - Commingled [t],Waste - Commingled [t],,,True,2024/03/12 15:06,6,0.2,0.0
Cleanaway waste,Unallocated Cleanaway,2294079_Commingle,,Cleanaway,Waste - Commingled [t],Waste - Commingled [t],,,True,2024/04/04 14:41,0,0.0,0.0
Cleanaway waste,Unallocated Cleanaway,28094925_Commingle,,Cleanaway,Waste - Commingled [t],Waste - Commingled [t],,31 Jan 2024,False,2026/04/02 17:22,0,0.0,0.0
Cleanaway waste,Unallocated Cleanaway,2841241_Commingle,,Cleanaway,Waste - Commingled [t],Waste - Commingled [t],,,True,2024/03/12 15:06,2,0.2,0.0
Cleanaway waste,Unallocated Cleanaway,3368761_Commingle,,Cleanaway,Waste - Commingled [t],Waste - Commingled [t],,30 Nov 2023,False,2026/04/02 17:22,0,0.0,0.0
Cleanaway waste,Unallocated Cleanaway,48936684_Commingle,,Cleanaway,Waste - Commingled [t],Waste - Commingled [t],,,True,2024/04/04 15:03,3,0.2,0.0
Cleanaway waste,Unallocated Cleanaway,48938745_Commingle,,Cleanaway,Waste - Commingled [t],Waste - Commingled [t],,,True,2026/06/05 14:03,4,2.3,0.0
Cleanaway waste,Unallocated Cleanaway,48998232_Commingle,,Cleanaway,Waste - Commingled [t],Waste - Commingled [t],,,True,2024/03/12 15:06,6,1.2,0.0
Cleanaway waste,Unallocated Cleanaway,48998496_Commingle,,Cleanaway,Waste - Commingled [t],Waste - Commingled [t],,,True,2025/10/17 16:53,0,0.0,0.0
Cleanaway waste,Unallocated Cleanaway,49076973_Commingle,,Cleanaway,Waste - Commingled [t],Waste - Commingled [t],,29 Feb 2024,False,2026/04/02 17:22,0,0.0,0.0
Cleanaway waste,Unallocated Cleanaway,49078561_Commingle,,Cleanaway,Waste - Commingled [t],Waste - Commingled [t],,30 Jun 2024,False,2026/04/02 17:22,0,0.0,0.0
Cleanaway waste,Unallocated Cleanaway,49134872_Commingle,,Cleanaway,Waste - Commingled [t],Waste - Commingled [t],,30 Nov 2023,False,2026/04/02 17:22,0,0.0,0.0
Cleanaway waste,Unallocated Cleanaway,49165877_Commingle,,Cleanaway,Waste - Commingled [t],Waste - Commingled [t],,,True,2025/01/08 14:17,6,1.2,0.0
Cleanaway waste,Unallocated Cleanaway,49200211_Commingle,,Cleanaway,Waste - Commingled [t],Waste - Commingled [t],,,True,2026/01/08 13:50,6,11.6,0.0
Cleanaway waste,Unallocated Cleanaway,49210571_Commingle,,Cleanaway,Waste - Commingled [t],Waste - Commingled [t],,,True,2026/05/07 10:58,1,0.0,0.0
Cleanaway waste,Unallocated Cleanaway,49211960_Commingle,,Cleanaway,Waste - Commingled [t],Waste - Commingled [t],,,True,2026/06/05 14:03,4,1.8,0.0
Cleanaway waste,Unallocated Cleanaway,49215663_Commingle,,Cleanaway,Waste - Commingled [t],Waste - Commingled [t],,,True,2026/08/07 12:01,2,0.1,0.0
Cleanaway waste,Unallocated Cleanaway,73472405_Commingle,,Cleanaway,Waste - Commingled [t],Waste - Commingled [t],,31 Aug 2024,False,2026/04/02 17:22,0,0.0,0.0
Cleanaway waste,Unallocated Cleanaway,73614997_Commingle,,Cleanaway,Waste - Commingled [t],Waste - Commingled [t],,,True,2024/08/09 09:34,1,0.0,0.0
Cleanaway waste,Unallocated Cleanaway,73615008_Commingle,,Cleanaway,Waste - Commingled [t],Waste - Commingled [t],,,True,2024/08/09 09:34,5,0.1,0.0
Cleanaway waste,Unallocated Cleanaway,73615019_Commingle,,Cleanaway,Waste - Commingled [t],Waste - Commingled [t],,,True,2025/01/08 16:30,2,0.0,0.0
Cleanaway waste,Unallocated Cleanaway,73620310_Commingle,,Cleanaway,Waste - Commingled [t],Waste - Commingled [t],,,True,2026/05/07 10:58,5,0.6,0.0
Cleanaway waste,Unallocated Cleanaway,73633547_Commingle,,Cleanaway,Waste - Commingled [t],Waste - Commingled [t],,,True,2025/01/08 14:17,6,0.6,0.0
Cleanaway waste,Unallocated Cleanaway,73633558_Commingle,,Cleanaway,Waste - Commingled [t],Waste - Commingled [t],,,True,2025/01/08 14:17,6,0.7,0.0
Cleanaway waste,Unallocated Cleanaway,73634231_Commingle,,Cleanaway,Waste - Commingled [t],Waste - Commingled [t],,,True,2025/01/08 14:17,6,0.6,0.0
Cleanaway waste,Unallocated Cleanaway,73634253_Commingle,,Cleanaway,Waste - Commingled [t],Waste - Commingled [t],,,True,2025/01/08 14:17,3,0.1,0.0
Cleanaway waste,Unallocated Cleanaway,73634275_Commingle,,Cleanaway,Waste - Commingled [t],Waste - Commingled [t],,,True,2025/02/07 17:37,6,0.7,0.0
Cleanaway waste,Unallocated Cleanaway,73658148_Commingle,,Cleanaway,Waste - Commingled [t],Waste - Commingled [t],,,True,2026/07/08 16:57,3,1.0,0.0
Cleanaway waste,Unallocated Cleanaway,73724457_Commingle,,Cleanaway,Waste - Commingled [t],Waste - Commingled [t],,,True,2026/09/07 16:22,1,0.0,0.0
Cleanaway waste,Unallocated Cleanaway,80499057_Commingle,,Cleanaway,Waste - Commingled [t],Waste - Commingled [t],,30 Jun 2023,False,2026/04/02 17:22,0,0.0,0.0
Cleanaway waste,Unallocated Cleanaway,80554091_Commingle,,Cleanaway,Waste - Commingled [t],Waste - Commingled [t],,,True,2024/04/04 14:41,5,0.1,0.0
Cleanaway waste,Unallocated Cleanaway,80585062_Commingle,,Cleanaway,Waste - Commingled [t],Waste - Commingled [t],,,True,2024/03/12 15:06,6,0.2,0.0
Cleanaway waste,Unallocated Cleanaway,80598795_Commingle,,Cleanaway,Waste - Commingled [t],Waste - Commingled [t],,,True,2024/03/12 15:06,6,0.6,0.0
Cleanaway waste,Unallocated Cleanaway,80604351_Commingle,,Cleanaway,Waste - Commingled [t],Waste - Commingled [t],,,True,2024/04/04 14:41,0,0.0,0.0
Cleanaway waste,Unallocated Cleanaway,80635202_Commingle,,Cleanaway,Waste - Commingled [t],Waste - Commingled [t],,,True,2024/03/12 15:06,6,0.4,0.0
Cleanaway waste,Unallocated Cleanaway,80638861_Commingle,,Cleanaway,Waste - Commingled [t],Waste - Commingled [t],,29 Feb 2024,False,2026/04/02 17:22,0,0.0,0.0
Cleanaway waste,Unallocated Cleanaway,80663528_Commingle,,Cleanaway,Waste - Commingled [t],Waste - Commingled [t],,,True,2025/01/08 14:17,4,0.2,0.0
Cleanaway waste,Unallocated Cleanaway,80674010_Commingle,,Cleanaway,Waste - Commingled [t],Waste - Commingled [t],,,True,2025/06/06 12:05,6,0.2,0.0
Cleanaway waste,Unallocated Cleanaway,80754251_Commingle,,Cleanaway,Waste - Commingled [t],Waste - Commingled [t],,,True,2025/05/08 13:10,1,0.1,0.0
Cleanaway waste,Unallocated Cleanaway,80823568_Commingle,,Cleanaway,Waste - Commingled [t],Waste - Commingled [t],,,True,2024/03/12 15:06,6,12.8,0.0
Cleanaway waste,Unallocated Cleanaway,80856701_Commingle,,Cleanaway,Waste - Commingled [t],Waste - Commingled [t],,,True,2024/03/12 15:06,6,6.5,0.0
Cleanaway waste,Unallocated Cleanaway,80913927_Commingle,,Cleanaway,Waste - Commingled [t],Waste - Commingled [t],,,True,2024/03/12 15:06,5,12.3,0.0
Cleanaway waste,Unallocated Cleanaway,80920639_Commingle,,Cleanaway,Waste - Commingled [t],Waste - Commingled [t],,31 Oct 2024,False,2026/04/02 17:22,0,0.0,0.0
Cleanaway waste,Unallocated Cleanaway,80940865_Commingle,,Cleanaway,Waste - Commingled [t],Waste - Commingled [t],,,True,2024/06/07 13:03,0,0.0,0.0
Cleanaway waste,Unallocated Cleanaway,80942694_Commingle,,Cleanaway,Waste - Commingled [t],Waste - Commingled [t],,,True,2024/04/04 14:41,0,0.0,0.0
Cleanaway waste,Unallocated Cleanaway,80969170_Commingle,,Cleanaway,Waste - Commingled [t],Waste - Commingled [t],,,True,2025/01/08 14:17,2,0.1,0.0
Cleanaway waste,Unallocated Cleanaway,80986507_Commingle,,Cleanaway,Waste - Commingled [t],Waste - Commingled [t],,,True,2025/04/08 13:07,1,0.0,0.0
Cleanaway waste,Unallocated Cleanaway,80994510_Commingle,,Cleanaway,Waste - Commingled [t],Waste - Commingled [t],,,True,2026/04/08 15:10,2,0.0,0.0
Cleanaway waste,Unallocated Cleanaway,81004528_Commingle,,Cleanaway,Waste - Commingled [t],Waste - Commingled [t],,,True,2026/01/08 13:50,2,0.0,0.0
Cleanaway waste,Unallocated Cleanaway,81004540_Commingle,,Cleanaway,Waste - Commingled [t],Waste - Commingled [t],,,True,2026/01/08 13:50,1,0.0,0.0
Cleanaway waste,Unallocated Cleanaway,81004605_Commingle,,Cleanaway,Waste - Commingled [t],Waste - Commingled [t],,,True,2026/04/08 15:10,2,0.0,0.0
Cleanaway waste,Unallocated Cleanaway,81004661_Commingle,,Cleanaway,Waste - Commingled [t],Waste - Commingled [t],,,True,2026/01/08 13:50,2,0.0,0.0
Cleanaway waste,Unallocated Cleanaway,81004693_Commingle,,Cleanaway,Waste - Commingled [t],Waste - Commingled [t],,,True,2026/01/08 13:50,1,0.0,0.0
Cleanaway waste,Unallocated Cleanaway,81015407_Commingle,,Cleanaway,Waste - Commingled [t],Waste - Commingled [t],,,True,2026/04/08 15:10,5,0.2,0.0
Cleanaway waste,Unallocated Cleanaway,81020323_Commingle,,Cleanaway,Waste - Commingled [t],Waste - Commingled [t],,,True,2026/06/05 14:03,5,0.3,0.0
Cleanaway waste,Unallocated Cleanaway,81020356_Commingle,,Cleanaway,Waste - Commingled [t],Waste - Commingled [t],,,True,2026/06/05 14:03,6,1.9,0.0
Cleanaway waste,Unallocated Cleanaway,81020367_Commingle,,Cleanaway,Waste - Commingled [t],Waste - Commingled [t],,,True,2026/06/05 14:03,4,12.3,0.0
Cleanaway waste,Unallocated Cleanaway,81020377_Commingle,,Cleanaway,Waste - Commingled [t],Waste - Commingled [t],,,True,2026/06/05 14:03,5,0.6,0.0
Cleanaway waste,Unallocated Cleanaway,81020388_Commingle,,Cleanaway,Waste - Commingled [t],Waste - Commingled [t],,,True,2026/06/05 14:03,6,8.0,0.0
Cleanaway waste,Unallocated Cleanaway,81023045_Commingle,,Cleanaway,Waste - Commingled [t],Waste - Commingled [t],,,True,2026/09/07 16:22,1,0.0,0.0
Cleanaway waste,Unallocated Cleanaway,82009000_Commingle,,Cleanaway,Waste - Commingled [t],Waste - Commingled [t],,,True,2024/03/12 15:06,6,0.2,0.0
Cleanaway waste,Unallocated Cleanaway,82200663_Commingle,,Cleanaway,Waste - Commingled [t],Waste - Commingled [t],,,True,2024/03/12 15:06,0,0.0,0.0
Cleanaway waste,Unallocated Cleanaway,82206878_Commingle,,Cleanaway,Waste - Commingled [t],Waste - Commingled [t],,,True,2026/04/08 15:10,6,1.4,0.0
Cleanaway waste,Unallocated Cleanaway,82217063_Commingle,,Cleanaway,Waste - Commingled [t],Waste - Commingled [t],,31 Jan 2024,False,2026/04/02 17:22,0,0.0,0.0
Cleanaway waste,Unallocated Cleanaway,82224062_Commingle,,Cleanaway,Waste - Commingled [t],Waste - Commingled [t],,,True,2024/03/12 15:06,0,0.0,0.0
Cleanaway waste,Unallocated Cleanaway,82263377_Commingle,,Cleanaway,Waste - Commingled [t],Waste - Commingled [t],,,True,2026/07/08 16:57,1,0.0,0.0
Cleanaway waste,Unallocated Cleanaway,82268151_Commingle,,Cleanaway,Waste - Commingled [t],Waste - Commingled [t],,,True,2025/07/07 16:51,0,0.0,0.0
Cleanaway waste,Unallocated Cleanaway,82278401_Commingle,,Cleanaway,Waste - Commingled [t],Waste - Commingled [t],,,True,2025/05/08 13:10,0,0.0,0.0
Cleanaway waste,Unallocated Cleanaway,82288056_Commingle,,Cleanaway,Waste - Commingled [t],Waste - Commingled [t],,,True,2026/01/08 13:50,6,0.6,0.0
Cleanaway waste,Unallocated Cleanaway,82289908_Commingle,,Cleanaway,Waste - Commingled [t],Waste - Commingled [t],,,True,2025/10/17 16:53,2,0.0,0.0
Cleanaway waste,Unallocated Cleanaway,83018145_Commingle,,Cleanaway,Waste - Commingled [t],Waste - Commingled [t],,,True,2024/03/12 15:06,3,0.1,0.0
Cleanaway waste,Unallocated Cleanaway,83018178_Commingle,,Cleanaway,Waste - Commingled [t],Waste - Commingled [t],,,True,2024/03/12 15:06,6,0.5,0.0
Cleanaway waste,Unallocated Cleanaway,83018432_Commingle,,Cleanaway,Waste - Commingled [t],Waste - Commingled [t],,,True,2024/03/12 15:06,0,0.0,0.0
Cleanaway waste,Unallocated Cleanaway,83027569_Commingle,,Cleanaway,Waste - Commingled [t],Waste - Commingled [t],,30 Jun 2023,False,2026/04/02 17:22,0,0.0,0.0
Cleanaway waste,Unallocated Cleanaway,83082581_Commingle,,Cleanaway,Waste - Commingled [t],Waste - Commingled [t],,,True,2025/12/11 17:24,1,0.0,0.0
Cleanaway waste,Unallocated Cleanaway,83084510_Commingle,,Cleanaway,Waste - Commingled [t],Waste - Commingled [t],,,True,2025/10/17 16:00,6,1.7,0.0
Cleanaway waste,Unallocated Cleanaway,83112593_Commingle,,Cleanaway,Waste - Commingled [t],Waste - Commingled [t],,,True,2026/08/07 12:01,2,0.1,0.0
Cleanaway waste,Unallocated Cleanaway,18625490_Medical,,Cleanaway,Waste - Medical [t],Waste - Medical [t],,,True,2025/06/06 12:05,0,0.0,0.0
Cleanaway waste,Unallocated Cleanaway,18625567_Medical,,Cleanaway,Waste - Medical [t],Waste - Medical [t],,,True,2025/04/08 13:07,3,0.0,0.0
Cleanaway waste,Unallocated Cleanaway,4451222_Medical,,Cleanaway,Waste - Medical [t],Waste - Medical [t],,,True,2026/09/07 16:22,3,0.0,0.0
Cleanaway waste,Unallocated Cleanaway,4451224_Medical,,Cleanaway,Waste - Medical [t],Waste - Medical [t],,,True,2026/09/07 16:22,1,0.0,0.0
Cleanaway waste,Unallocated Cleanaway,4451225_Medical,,Cleanaway,Waste - Medical [t],Waste - Medical [t],,,True,2026/09/07 16:22,2,0.0,0.0
Cleanaway waste,Unallocated Cleanaway,4451575_Medical,,Cleanaway,Waste - Medical [t],Waste - Medical [t],,,True,2026/09/07 16:22,3,1.9,0.0
Cleanaway waste,Unallocated Cleanaway,4629107_Medical,,Cleanaway,Waste - Medical [t],Waste - Medical [t],,,True,2026/09/07 16:22,1,0.0,0.0
Cleanaway waste,Unallocated Cleanaway,48938745_Medical,,Cleanaway,Waste - Medical [t],Waste - Medical [t],,,True,2025/10/17 16:00,1,0.0,0.0
Cleanaway waste,Unallocated Cleanaway,48949966_Medical,,Cleanaway,Waste - Medical [t],Waste - Medical [t],,30 Apr 2024,False,2026/04/02 17:22,0,0.0,0.0
Cleanaway waste,Unallocated Cleanaway,49050068_Medical,,Cleanaway,Waste - Medical [t],Waste - Medical [t],,30 Apr 2024,False,2026/04/02 17:22,0,0.0,0.0
Cleanaway waste,Unallocated Cleanaway,80754251_Medical,,Cleanaway,Waste - Medical [t],Waste - Medical [t],,,True,2024/03/12 15:06,0,0.0,0.0
Cleanaway waste,Unallocated Cleanaway,80913927_Medical,,Cleanaway,Waste - Medical [t],Waste - Medical [t],,,True,2024/03/12 15:06,5,20.1,0.0
Cleanaway waste,Unallocated Cleanaway,80942694_Medical,,Cleanaway,Waste - Medical [t],Waste - Medical [t],,,True,2024/04/04 15:03,0,0.0,0.0
Cleanaway waste,Unallocated Cleanaway,82224062_Medical,,Cleanaway,Waste - Medical [t],Waste - Medical [t],,,True,2024/06/07 13:03,0,0.0,0.0
Cleanaway waste,Unallocated Cleanaway,TS-018337_Medical,,Cleanaway,Waste - Medical [t],Waste - Medical [t],,,True,2024/03/12 15:06,0,0.0,0.0
Cleanaway waste,Unallocated Cleanaway,TS-022552_Medical,,Cleanaway,Waste - Medical [t],Waste - Medical [t],,,True,2024/03/12 15:06,0,0.0,0.0
Cleanaway waste,Unallocated Cleanaway,TS-022553_Medical,,Cleanaway,Waste - Medical [t],Waste - Medical [t],,,True,2024/03/12 15:06,0,0.0,0.0
Cleanaway waste,Unallocated Cleanaway,TS-061350_Medical,,Cleanaway,Waste - Medical [t],Waste - Medical [t],,,True,2025/02/07 17:37,0,0.0,0.0
Cleanaway waste,Unallocated Cleanaway,13832796_Sanitary,,Cleanaway,Waste - Sanitary [t],Waste - Sanitary waste [t],,,True,2026/06/05 14:03,4,0.0,0.0
Cleanaway waste,Unallocated Cleanaway,4451575_Sanitary,,Cleanaway,Waste - Sanitary [t],Waste - Sanitary waste [t],,,True,2026/09/07 16:22,1,0.0,0.0
Cleanaway waste,Unallocated Cleanaway,4451579_Sanitary,,Cleanaway,Waste - Sanitary [t],Waste - Sanitary waste [t],,,True,2026/09/07 16:22,1,0.0,0.0
Cleanaway waste,Unallocated Cleanaway,4451581_Hygiene,,Cleanaway,Waste - Sanitary [t],Waste - Sanitary waste [t],,,True,2026/09/07 16:22,1,0.0,0.0
Cleanaway waste,Unallocated Cleanaway,4451581_Sanitary,,Cleanaway,Waste - Sanitary [t],Waste - Sanitary waste [t],,,True,2026/09/07 16:22,1,0.0,0.0
Cleanaway waste,Unallocated Cleanaway,60316405_Sanitary,,Cleanaway,Waste - Sanitary [t],Waste - Sanitary waste [t],,,True,2024/03/12 15:06,0,0.0,0.0
Cleanaway waste,Unallocated Cleanaway,73365040_Hygiene,,Cleanaway,Waste - Sanitary [t],Waste - Sanitary waste [t],,31 Dec 2024,False,2026/04/02 17:22,0,0.0,0.0
Cleanaway waste,Unallocated Cleanaway,73563766_Hygiene,,Cleanaway,Waste - Sanitary [t],Waste - Sanitary waste [t],,31 Aug 2024,False,2026/04/02 17:22,0,0.0,0.0
Cleanaway waste,Unallocated Cleanaway,73621280_Hygiene,,Cleanaway,Waste - Sanitary [t],Waste - Sanitary waste [t],,,True,2025/10/17 16:53,6,0.0,0.0
Cleanaway waste,Unallocated Cleanaway,73621280_Sanitary,,Cleanaway,Waste - Sanitary [t],Waste - Sanitary waste [t],,,True,2024/10/10 18:17,0,0.0,0.0
Cleanaway waste,Unallocated Cleanaway,80379424_Sanitary,,Cleanaway,Waste - Sanitary [t],Waste - Sanitary waste [t],,,True,2024/03/12 15:06,0,0.0,0.0
Cleanaway waste,Unallocated Cleanaway,80554299_Sanitary,,Cleanaway,Waste - Sanitary [t],Waste - Sanitary waste [t],,,True,2024/03/12 15:06,2,0.0,0.0
Cleanaway waste,Unallocated Cleanaway,80554311_Sanitary,,Cleanaway,Waste - Sanitary [t],Waste - Sanitary waste [t],,,True,2024/03/12 15:06,3,0.0,0.0
Cleanaway waste,Unallocated Cleanaway,80554322_Sanitary,,Cleanaway,Waste - Sanitary [t],Waste - Sanitary waste [t],,,True,2024/03/12 15:06,3,0.0,0.0
Cleanaway waste,Unallocated Cleanaway,80611802_Sanitary,,Cleanaway,Waste - Sanitary [t],Waste - Sanitary waste [t],,,True,2024/04/04 14:41,3,0.0,0.0
Cleanaway waste,Unallocated Cleanaway,80754251_Hygiene,,Cleanaway,Waste - Sanitary [t],Waste - Sanitary waste [t],,,True,2024/03/12 15:06,4,0.0,0.0
Cleanaway waste,Unallocated Cleanaway,80754251_Sanitary,,Cleanaway,Waste - Sanitary [t],Waste - Sanitary waste [t],,,True,2024/03/12 15:06,4,0.0,0.0
Cleanaway waste,Unallocated Cleanaway,80754394_Sanitary,,Cleanaway,Waste - Sanitary [t],Waste - Sanitary waste [t],,,True,2024/03/12 15:06,6,0.0,0.0
Cleanaway waste,Unallocated Cleanaway,83084510_Sanitary,,Cleanaway,Waste - Sanitary [t],Waste - Sanitary waste [t],,,True,2025/10/17 16:00,1,0.0,0.0
Cleanaway waste,Unallocated Cleanaway,83084983_Sanitary,,Cleanaway,Waste - Sanitary [t],Waste - Sanitary waste [t],,,True,2025/10/17 16:00,1,0.0,0.0
Cleanaway waste,Unallocated Cleanaway,83085016_Sanitary,,Cleanaway,Waste - Sanitary [t],Waste - Sanitary waste [t],,,True,2025/10/17 16:00,2,0.0,0.0
Cleanaway waste,Unallocated Cleanaway,10337056_Recycle,,Cleanaway,Waste Recycled - Commingled [t],Waste Recycled - Commingled [t],,31 Jan 2024,False,2026/04/02 17:22,0,0.0,0.0
Cleanaway waste,Unallocated Cleanaway,10427283_Recycle,,Cleanaway,Waste Recycled - Commingled [t],Waste Recycled - Commingled [t],,31 Jul 2024,False,2026/04/02 17:22,0,0.0,0.0
Cleanaway waste,Unallocated Cleanaway,10436641_Recycle,,Cleanaway,Waste Recycled - Commingled [t],Waste Recycled - Commingled [t],,,True,2026/07/08 16:57,3,1.0,0.0
Cleanaway waste,Unallocated Cleanaway,10446549_Recycle,,Cleanaway,Waste Recycled - Commingled [t],Waste Recycled - Commingled [t],,,True,2026/04/08 15:10,1,0.3,0.0
Cleanaway waste,Unallocated Cleanaway,18296273_Recycle,,Cleanaway,Waste Recycled - Commingled [t],Waste Recycled - Commingled [t],,31 Aug 2024,False,2026/04/02 17:22,0,0.0,0.0
Cleanaway waste,Unallocated Cleanaway,18543034_Recycle,,Cleanaway,Waste Recycled - Commingled [t],Waste Recycled - Commingled [t],,,True,2024/03/12 15:06,3,0.1,0.0
Cleanaway waste,Unallocated Cleanaway,18835427_Recycle,,Cleanaway,Waste Recycled - Commingled [t],Waste Recycled - Commingled [t],,30 Nov 2023,False,2026/04/02 17:22,0,0.0,0.0
Cleanaway waste,Unallocated Cleanaway,18835537_Recycle,,Cleanaway,Waste Recycled - Commingled [t],Waste Recycled - Commingled [t],,31 Aug 2024,False,2026/04/02 17:22,0,0.0,0.0
Cleanaway waste,Unallocated Cleanaway,18835592_Recycle,,Cleanaway,Waste Recycled - Commingled [t],Waste Recycled - Commingled [t],,,True,2024/03/12 15:06,0,0.0,0.0
Cleanaway waste,Unallocated Cleanaway,18835625_Recycle,,Cleanaway,Waste Recycled - Commingled [t],Waste Recycled - Commingled [t],,,True,2025/01/08 14:17,0,0.0,0.0
Cleanaway waste,Unallocated Cleanaway,18835791_Recycle,,Cleanaway,Waste Recycled - Commingled [t],Waste Recycled - Commingled [t],,30 Sep 2024,False,2026/04/02 17:22,0,0.0,0.0
Cleanaway waste,Unallocated Cleanaway,18835824_Recycle,,Cleanaway,Waste Recycled - Commingled [t],Waste Recycled - Commingled [t],,,True,2024/03/12 15:06,0,0.0,0.0
Cleanaway waste,Unallocated Cleanaway,18836530_Recycle,,Cleanaway,Waste Recycled - Commingled [t],Waste Recycled - Commingled [t],,,True,2024/03/12 15:06,0,0.0,0.0
Cleanaway waste,Unallocated Cleanaway,18836540_Recycle,,Cleanaway,Waste Recycled - Commingled [t],Waste Recycled - Commingled [t],,,True,2024/03/12 15:06,0,0.0,0.0
Cleanaway waste,Unallocated Cleanaway,18836595_Recycle,,Cleanaway,Waste Recycled - Commingled [t],Waste Recycled - Commingled [t],,,True,2024/03/12 15:06,0,0.0,0.0
Cleanaway waste,Unallocated Cleanaway,18836606_Recycle,,Cleanaway,Waste Recycled - Commingled [t],Waste Recycled - Commingled [t],,,True,2024/03/12 15:06,0,0.0,0.0
Cleanaway waste,Unallocated Cleanaway,18853856_Recycle,,Cleanaway,Waste Recycled - Commingled [t],Waste Recycled - Commingled [t],,,True,2024/03/12 15:06,0,0.0,0.0
Cleanaway waste,Unallocated Cleanaway,18855212_Recycle,,Cleanaway,Waste Recycled - Commingled [t],Waste Recycled - Commingled [t],,,True,2024/03/12 15:06,0,0.0,0.0
Cleanaway waste,Unallocated Cleanaway,18863346_Recycle,,Cleanaway,Waste Recycled - Commingled [t],Waste Recycled - Commingled [t],,30 Sep 2024,False,2026/04/02 17:22,0,0.0,0.0
Cleanaway waste,Unallocated Cleanaway,18879239_Recycle,,Cleanaway,Waste Recycled - Commingled [t],Waste Recycled - Commingled [t],,31 Aug 2024,False,2026/04/02 17:22,0,0.0,0.0
Cleanaway waste,Unallocated Cleanaway,18880639_Recycle,,Cleanaway,Waste Recycled - Commingled [t],Waste Recycled - Commingled [t],,30 Sep 2024,False,2026/04/02 17:22,0,0.0,0.0
Cleanaway waste,Unallocated Cleanaway,18896808_Recycle,,Cleanaway,Waste Recycled - Commingled [t],Waste Recycled - Commingled [t],,,True,2025/04/08 13:07,3,1.3,0.0
Cleanaway waste,Unallocated Cleanaway,18896996_Recycle,,Cleanaway,Waste Recycled - Commingled [t],Waste Recycled - Commingled [t],,,True,2025/04/08 13:07,3,0.9,0.0
Cleanaway waste,Unallocated Cleanaway,18897018_Recycle,,Cleanaway,Waste Recycled - Commingled [t],Waste Recycled - Commingled [t],,,True,2025/04/08 13:07,3,0.4,0.0
Cleanaway waste,Unallocated Cleanaway,18897040_Recycle,,Cleanaway,Waste Recycled - Commingled [t],Waste Recycled - Commingled [t],,,True,2025/04/08 13:07,3,1.0,0.0
Cleanaway waste,Unallocated Cleanaway,18897051_Recycle,,Cleanaway,Waste Recycled - Commingled [t],Waste Recycled - Commingled [t],,,True,2025/04/08 13:07,3,0.5,0.0
Cleanaway waste,Unallocated Cleanaway,18897359_Recycle,,Cleanaway,Waste Recycled - Commingled [t],Waste Recycled - Commingled [t],,,True,2025/04/08 13:07,3,3.0,0.0
Cleanaway waste,Unallocated Cleanaway,18897371_Recycle,,Cleanaway,Waste Recycled - Commingled [t],Waste Recycled - Commingled [t],,,True,2025/04/08 13:07,3,1.4,0.0
Cleanaway waste,Unallocated Cleanaway,18897382_Recycle,,Cleanaway,Waste Recycled - Commingled [t],Waste Recycled - Commingled [t],,,True,2025/04/08 13:07,3,0.3,0.0
Cleanaway waste,Unallocated Cleanaway,18897404_Recycle,,Cleanaway,Waste Recycled - Commingled [t],Waste Recycled - Commingled [t],,,True,2025/04/08 13:07,3,0.7,0.0
Cleanaway waste,Unallocated Cleanaway,18897459_Recycle,,Cleanaway,Waste Recycled - Commingled [t],Waste Recycled - Commingled [t],,,True,2025/04/08 13:07,3,1.4,0.0
Cleanaway waste,Unallocated Cleanaway,18897503_Recycle,,Cleanaway,Waste Recycled - Commingled [t],Waste Recycled - Commingled [t],,,True,2025/04/08 13:07,3,2.1,0.0
Cleanaway waste,Unallocated Cleanaway,18897514_Recycle,,Cleanaway,Waste Recycled - Commingled [t],Waste Recycled - Commingled [t],,,True,2025/04/08 13:07,3,2.1,0.0
Cleanaway waste,Unallocated Cleanaway,18897525_Recycle,,Cleanaway,Waste Recycled - Commingled [t],Waste Recycled - Commingled [t],,,True,2025/04/08 13:07,2,6.3,0.0
Cleanaway waste,Unallocated Cleanaway,18897547_Recycle,,Cleanaway,Waste Recycled - Commingled [t],Waste Recycled - Commingled [t],,,True,2025/04/08 13:07,3,1.7,0.0
Cleanaway waste,Unallocated Cleanaway,18897569_Recycle,,Cleanaway,Waste Recycled - Commingled [t],Waste Recycled - Commingled [t],,,True,2025/04/08 13:07,3,0.3,0.0
Cleanaway waste,Unallocated Cleanaway,18897668_Recycle,,Cleanaway,Waste Recycled - Commingled [t],Waste Recycled - Commingled [t],,,True,2025/04/08 13:07,3,1.1,0.0
Cleanaway waste,Unallocated Cleanaway,18897888_Recycle,,Cleanaway,Waste Recycled - Commingled [t],Waste Recycled - Commingled [t],,,True,2025/04/08 13:07,3,0.7,0.0
Cleanaway waste,Unallocated Cleanaway,18904744_Recycle,,Cleanaway,Waste Recycled - Commingled [t],Waste Recycled - Commingled [t],,,True,2026/01/08 13:50,3,0.4,0.0
Cleanaway waste,Unallocated Cleanaway,28419766_Recycle,,Cleanaway,Waste Recycled - Commingled [t],Waste Recycled - Commingled [t],,,True,2026/09/07 16:22,1,0.2,0.0
Cleanaway waste,Unallocated Cleanaway,28490065_Recycle,,Cleanaway,Waste Recycled - Commingled [t],Waste Recycled - Commingled [t],,,True,2024/06/07 13:03,1,0.1,0.0
Cleanaway waste,Unallocated Cleanaway,28490132_Recycle,,Cleanaway,Waste Recycled - Commingled [t],Waste Recycled - Commingled [t],,,True,2024/03/12 15:06,6,0.2,0.0
Cleanaway waste,Unallocated Cleanaway,32978264_Recycle,,Cleanaway,Waste Recycled - Commingled [t],Waste Recycled - Commingled [t],,,True,2025/04/08 13:07,6,1.7,0.0
Cleanaway waste,Unallocated Cleanaway,4470674_Recycle,,Cleanaway,Waste Recycled - Commingled [t],Waste Recycled - Commingled [t],,,True,2026/09/07 16:22,1,0.0,0.0
Cleanaway waste,Unallocated Cleanaway,48859773_Recycle,,Cleanaway,Waste Recycled - Commingled [t],Waste Recycled - Commingled [t],,,True,2024/03/12 15:06,6,0.6,0.0
Cleanaway waste,Unallocated Cleanaway,48935989_Recycle,,Cleanaway,Waste Recycled - Commingled [t],Waste Recycled - Commingled [t],,,True,2025/04/08 13:07,0,0.0,0.0
Cleanaway waste,Unallocated Cleanaway,48955830_Recycle,,Cleanaway,Waste Recycled - Commingled [t],Waste Recycled - Commingled [t],,31 Dec 2023,False,2026/04/02 17:22,0,0.0,0.0
Cleanaway waste,Unallocated Cleanaway,48960029_Recycle,,Cleanaway,Waste Recycled - Commingled [t],Waste Recycled - Commingled [t],,,True,2024/03/12 15:06,6,0.4,0.0
Cleanaway waste,Unallocated Cleanaway,48998496_Recycle,,Cleanaway,Waste Recycled - Commingled [t],Waste Recycled - Commingled [t],,,True,2025/05/08 13:10,0,0.0,0.0
Cleanaway waste,Unallocated Cleanaway,49006134_Recycle,,Cleanaway,Waste Recycled - Commingled [t],Waste Recycled - Commingled [t],,,True,2024/03/12 15:06,6,1.3,0.0
Cleanaway waste,Unallocated Cleanaway,49032256_Recycle,,Cleanaway,Waste Recycled - Commingled [t],Waste Recycled - Commingled [t],,31 May 2024,False,2026/04/02 17:22,0,0.0,0.0
Cleanaway waste,Unallocated Cleanaway,49050167_Recycle,,Cleanaway,Waste Recycled - Commingled [t],Waste Recycled - Commingled [t],,,True,2024/03/12 15:06,0,0.0,0.0
Cleanaway waste,Unallocated Cleanaway,49076973_Recycle,,Cleanaway,Waste Recycled - Commingled [t],Waste Recycled - Commingled [t],,31 Jan 2024,False,2026/04/02 17:22,0,0.0,0.0
Cleanaway waste,Unallocated Cleanaway,49092679_Recycle,,Cleanaway,Waste Recycled - Commingled [t],Waste Recycled - Commingled [t],,,True,2024/03/12 15:06,6,0.4,0.0
Cleanaway waste,Unallocated Cleanaway,49118945_Recycle,,Cleanaway,Waste Recycled - Commingled [t],Waste Recycled - Commingled [t],,29 Feb 2024,False,2026/04/02 17:22,0,0.0,0.0
Cleanaway waste,Unallocated Cleanaway,49132403_Recycle,,Cleanaway,Waste Recycled - Commingled [t],Waste Recycled - Commingled [t],,31 Jul 2024,False,2026/04/02 17:22,0,0.0,0.0
Cleanaway waste,Unallocated Cleanaway,49140978_Recycle,,Cleanaway,Waste Recycled - Commingled [t],Waste Recycled - Commingled [t],,31 Jul 2024,False,2026/04/02 17:22,0,0.0,0.0
Cleanaway waste,Unallocated Cleanaway,49185154_Recycle,,Cleanaway,Waste Recycled - Commingled [t],Waste Recycled - Commingled [t],,,True,2025/10/17 16:53,0,0.0,0.0
Cleanaway waste,Unallocated Cleanaway,49188252_Recycle,,Cleanaway,Waste Recycled - Commingled [t],Waste Recycled - Commingled [t],,,True,2025/07/07 16:51,1,0.1,0.0
Cleanaway waste,Unallocated Cleanaway,49199714_Recycle,,Cleanaway,Waste Recycled - Commingled [t],Waste Recycled - Commingled [t],,,True,2025/12/11 17:24,6,2.0,0.0
Cleanaway waste,Unallocated Cleanaway,49200211_Recycle,,Cleanaway,Waste Recycled - Commingled [t],Waste Recycled - Commingled [t],,,True,2025/12/11 17:24,1,0.0,0.0
Cleanaway waste,Unallocated Cleanaway,49200233_Recycle,,Cleanaway,Waste Recycled - Commingled [t],Waste Recycled - Commingled [t],,,True,2026/05/07 10:58,5,0.5,0.0
Cleanaway waste,Unallocated Cleanaway,49210571_Recycle,,Cleanaway,Waste Recycled - Commingled [t],Waste Recycled - Commingled [t],,,True,2026/07/08 16:57,1,1.6,0.0
Cleanaway waste,Unallocated Cleanaway,49211486_Recycle,,Cleanaway,Waste Recycled - Commingled [t],Waste Recycled - Commingled [t],,,True,2026/05/07 10:58,3,0.1,0.0
Cleanaway waste,Unallocated Cleanaway,49213756_Recycle,,Cleanaway,Waste Recycled - Commingled [t],Waste Recycled - Commingled [t],,,True,2026/06/05 14:03,4,0.1,0.0
Cleanaway waste,Unallocated Cleanaway,49215817_Recycle,,Cleanaway,Waste Recycled - Commingled [t],Waste Recycled - Commingled [t],,,True,2026/08/07 12:01,2,0.2,0.0
Cleanaway waste,Unallocated Cleanaway,53993444_Recycle,,Cleanaway,Waste Recycled - Commingled [t],Waste Recycled - Commingled [t],,,True,2024/03/12 15:06,5,0.5,0.0
Cleanaway waste,Unallocated Cleanaway,60321630_Recycle,,Cleanaway,Waste Recycled - Commingled [t],Waste Recycled - Commingled [t],,,True,2024/03/12 15:06,0,0.0,0.0
Cleanaway waste,Unallocated Cleanaway,73351316_Recycle,,Cleanaway,Waste Recycled - Commingled [t],Waste Recycled - Commingled [t],,,True,2026/09/07 16:22,1,0.0,0.0
Cleanaway waste,Unallocated Cleanaway,73364940_Recycle,,Cleanaway,Waste Recycled - Commingled [t],Waste Recycled - Commingled [t],,,True,2025/05/08 13:10,0,0.0,0.0
Cleanaway waste,Unallocated Cleanaway,73472405_Recycle,,Cleanaway,Waste Recycled - Commingled [t],Waste Recycled - Commingled [t],,31 Aug 2024,False,2026/04/02 17:22,0,0.0,0.0
Cleanaway waste,Unallocated Cleanaway,73475017_Recycle,,Cleanaway,Waste Recycled - Commingled [t],Waste Recycled - Commingled [t],,30 Sep 2024,False,2026/04/02 17:22,0,0.0,0.0
Cleanaway waste,Unallocated Cleanaway,73491815_Recycle,,Cleanaway,Waste Recycled - Commingled [t],Waste Recycled - Commingled [t],,,True,2024/04/09 09:39,0,0.0,0.0
Cleanaway waste,Unallocated Cleanaway,73580333_Recycle,,Cleanaway,Waste Recycled - Commingled [t],Waste Recycled - Commingled [t],,,True,2024/06/07 13:03,6,0.1,0.0
Cleanaway waste,Unallocated Cleanaway,73596491_Recycle,,Cleanaway,Waste Recycled - Commingled [t],Waste Recycled - Commingled [t],,,True,2026/07/08 16:57,3,0.7,0.0
Cleanaway waste,Unallocated Cleanaway,73620310_Recycle,,Cleanaway,Waste Recycled - Commingled [t],Waste Recycled - Commingled [t],,,True,2025/01/08 14:17,1,0.0,0.0
Cleanaway waste,Unallocated Cleanaway,73620618_Recycle,,Cleanaway,Waste Recycled - Commingled [t],Waste Recycled - Commingled [t],,,True,2024/10/10 18:17,6,2.1,0.0
Cleanaway waste,Unallocated Cleanaway,73621280_Recycle,,Cleanaway,Waste Recycled - Commingled [t],Waste Recycled - Commingled [t],,,True,2025/03/07 21:32,0,0.0,0.0
Cleanaway waste,Unallocated Cleanaway,73718769_Recycle,,Cleanaway,Waste Recycled - Commingled [t],Waste Recycled - Commingled [t],,,True,2026/07/08 16:57,2,0.6,0.0
Cleanaway waste,Unallocated Cleanaway,80376030_Recycle,,Cleanaway,Waste Recycled - Commingled [t],Waste Recycled - Commingled [t],,,True,2025/10/17 16:00,0,0.0,0.0
Cleanaway waste,Unallocated Cleanaway,80379424_Recycle,,Cleanaway,Waste Recycled - Commingled [t],Waste Recycled - Commingled [t],,,True,2025/08/08 18:14,0,0.0,0.0
Cleanaway waste,Unallocated Cleanaway,80379435_Recycle,,Cleanaway,Waste Recycled - Commingled [t],Waste Recycled - Commingled [t],,,True,2025/08/08 18:14,0,0.0,0.0
Cleanaway waste,Unallocated Cleanaway,80379490_Recycle,,Cleanaway,Waste Recycled - Commingled [t],Waste Recycled - Commingled [t],,,True,2025/08/08 18:14,0,0.0,0.0
Cleanaway waste,Unallocated Cleanaway,80604351_Recycle,,Cleanaway,Waste Recycled - Commingled [t],Waste Recycled - Commingled [t],,,True,2024/03/12 15:06,6,0.8,0.0
Cleanaway waste,Unallocated Cleanaway,80611802_Recycle,,Cleanaway,Waste Recycled - Commingled [t],Waste Recycled - Commingled [t],,,True,2024/04/04 14:41,3,0.5,0.0
Cleanaway waste,Unallocated Cleanaway,80638861_Recycle,,Cleanaway,Waste Recycled - Commingled [t],Waste Recycled - Commingled [t],,31 Jan 2024,False,2026/04/02 17:22,0,0.0,0.0
Cleanaway waste,Unallocated Cleanaway,80663121_Recycle,,Cleanaway,Waste Recycled - Commingled [t],Waste Recycled - Commingled [t],,,True,2024/08/09 09:34,0,0.0,0.0
Cleanaway waste,Unallocated Cleanaway,80663528_Recycle,,Cleanaway,Waste Recycled - Commingled [t],Waste Recycled - Commingled [t],,,True,2025/01/08 14:17,4,0.6,0.0
Cleanaway waste,Unallocated Cleanaway,80674010_Recycle,,Cleanaway,Waste Recycled - Commingled [t],Waste Recycled - Commingled [t],,,True,2025/05/08 13:10,6,2.3,0.0
Cleanaway waste,Unallocated Cleanaway,80685043_Recycle,,Cleanaway,Waste Recycled - Commingled [t],Waste Recycled - Commingled [t],,,True,2026/08/07 12:01,1,0.7,0.0
Cleanaway waste,Unallocated Cleanaway,80719024_Recycle,,Cleanaway,Waste Recycled - Commingled [t],Waste Recycled - Commingled [t],,31 Mar 2024,False,2026/04/02 17:22,0,0.0,0.0
Cleanaway waste,Unallocated Cleanaway,80754383_Recycle,,Cleanaway,Waste Recycled - Commingled [t],Waste Recycled - Commingled [t],,,True,2025/02/07 17:37,0,0.0,0.0
Cleanaway waste,Unallocated Cleanaway,80760599_Recycle,,Cleanaway,Waste Recycled - Commingled [t],Waste Recycled - Commingled [t],,,True,2024/03/12 15:06,6,0.3,0.0
Cleanaway waste,Unallocated Cleanaway,80767720_Recycle,,Cleanaway,Waste Recycled - Commingled [t],Waste Recycled - Commingled [t],,,True,2025/08/08 18:14,6,0.0,0.0
Cleanaway waste,Unallocated Cleanaway,80771786_Recycle,,Cleanaway,Waste Recycled - Commingled [t],Waste Recycled - Commingled [t],,,True,2025/08/08 18:14,0,0.0,0.0
Cleanaway waste,Unallocated Cleanaway,80808722_Recycle,,Cleanaway,Waste Recycled - Commingled [t],Waste Recycled - Commingled [t],,31 Aug 2023,False,2026/04/02 17:22,0,0.0,0.0
Cleanaway waste,Unallocated Cleanaway,80823568_Recycle,,Cleanaway,Waste Recycled - Commingled [t],Waste Recycled - Commingled [t],,,True,2024/03/12 15:06,6,3.1,0.0
Cleanaway waste,Unallocated Cleanaway,80856701_Recycle,,Cleanaway,Waste Recycled - Commingled [t],Waste Recycled - Commingled [t],,,True,2024/03/12 15:06,4,0.2,0.0
Cleanaway waste,Unallocated Cleanaway,80913927_Recycle,,Cleanaway,Waste Recycled - Commingled [t],Waste Recycled - Commingled [t],,,True,2024/03/12 15:06,2,0.3,0.0
Cleanaway waste,Unallocated Cleanaway,80920639_Recycle,,Cleanaway,Waste Recycled - Commingled [t],Waste Recycled - Commingled [t],,31 Oct 2024,False,2026/04/02 17:22,0,0.0,0.0
Cleanaway waste,Unallocated Cleanaway,80921168_Recycle,,Cleanaway,Waste Recycled - Commingled [t],Waste Recycled - Commingled [t],,29 Feb 2024,False,2026/04/02 17:22,0,0.0,0.0
Cleanaway waste,Unallocated Cleanaway,80929556_Recycle,,Cleanaway,Waste Recycled - Commingled [t],Waste Recycled - Commingled [t],,30 Jun 2024,False,2026/04/02 17:22,0,0.0,0.0
Cleanaway waste,Unallocated Cleanaway,80942694_Recycle,,Cleanaway,Waste Recycled - Commingled [t],Waste Recycled - Commingled [t],,,True,2024/03/12 15:06,0,0.0,0.0
Cleanaway waste,Unallocated Cleanaway,80947257_Recycle,,Cleanaway,Waste Recycled - Commingled [t],Waste Recycled - Commingled [t],,,True,2024/10/10 18:17,2,6.2,0.0
Cleanaway waste,Unallocated Cleanaway,80950112_Recycle,,Cleanaway,Waste Recycled - Commingled [t],Waste Recycled - Commingled [t],,,True,2024/04/04 14:41,0,0.0,0.0
Cleanaway waste,Unallocated Cleanaway,80956229_Recycle,,Cleanaway,Waste Recycled - Commingled [t],Waste Recycled - Commingled [t],,31 Mar 2024,False,2026/04/02 17:22,0,0.0,0.0
Cleanaway waste,Unallocated Cleanaway,80981073_Recycle,,Cleanaway,Waste Recycled - Commingled [t],Waste Recycled - Commingled [t],,,True,2025/04/08 13:07,1,0.0,0.0
Cleanaway waste,Unallocated Cleanaway,80997033_Recycle,,Cleanaway,Waste Recycled - Commingled [t],Waste Recycled - Commingled [t],,,True,2025/08/08 18:14,0,0.0,0.0
Cleanaway waste,Unallocated Cleanaway,80997066_Recycle,,Cleanaway,Waste Recycled - Commingled [t],Waste Recycled - Commingled [t],,,True,2025/08/08 18:14,0,0.0,0.0
Cleanaway waste,Unallocated Cleanaway,81004528_Recycle,,Cleanaway,Waste Recycled - Commingled [t],Waste Recycled - Commingled [t],,,True,2025/12/11 17:24,2,0.0,0.0
Cleanaway waste,Unallocated Cleanaway,81004540_Recycle,,Cleanaway,Waste Recycled - Commingled [t],Waste Recycled - Commingled [t],,,True,2026/01/08 13:50,2,0.0,0.0
Cleanaway waste,Unallocated Cleanaway,81004605_Recycle,,Cleanaway,Waste Recycled - Commingled [t],Waste Recycled - Commingled [t],,,True,2025/12/11 17:24,3,-1.4,0.0
Cleanaway waste,Unallocated Cleanaway,81004661_Recycle,,Cleanaway,Waste Recycled - Commingled [t],Waste Recycled - Commingled [t],,,True,2026/01/08 13:50,2,0.0,0.0
Cleanaway waste,Unallocated Cleanaway,81004693_Recycle,,Cleanaway,Waste Recycled - Commingled [t],Waste Recycled - Commingled [t],,,True,2025/12/11 17:24,2,0.0,0.0
Cleanaway waste,Unallocated Cleanaway,81009653_Recycle,,Cleanaway,Waste Recycled - Commingled [t],Waste Recycled - Commingled [t],,,True,2026/02/06 15:19,6,0.0,0.0
Cleanaway waste,Unallocated Cleanaway,81019926_Recycle,,Cleanaway,Waste Recycled - Commingled [t],Waste Recycled - Commingled [t],,,True,2026/06/05 14:03,1,0.0,0.0
Cleanaway waste,Unallocated Cleanaway,81020070_Recycle,,Cleanaway,Waste Recycled - Commingled [t],Waste Recycled - Commingled [t],,,True,2026/06/05 14:03,1,0.1,0.0
Cleanaway waste,Unallocated Cleanaway,81020323_Recycle,,Cleanaway,Waste Recycled - Commingled [t],Waste Recycled - Commingled [t],,,True,2026/06/05 14:03,6,1.6,0.0
Cleanaway waste,Unallocated Cleanaway,81020356_Recycle,,Cleanaway,Waste Recycled - Commingled [t],Waste Recycled - Commingled [t],,,True,2026/06/05 14:03,6,3.0,0.0
Cleanaway waste,Unallocated Cleanaway,81020367_Recycle,,Cleanaway,Waste Recycled - Commingled [t],Waste Recycled - Commingled [t],,,True,2026/06/05 14:03,5,13.5,0.0
Cleanaway waste,Unallocated Cleanaway,81020377_Recycle,,Cleanaway,Waste Recycled - Commingled [t],Waste Recycled - Commingled [t],,,True,2026/06/05 14:03,6,1.8,0.0
Cleanaway waste,Unallocated Cleanaway,81020388_Recycle,,Cleanaway,Waste Recycled - Commingled [t],Waste Recycled - Commingled [t],,,True,2026/06/05 14:03,6,10.9,0.0
Cleanaway waste,Unallocated Cleanaway,81023045_Recycle,,Cleanaway,Waste Recycled - Commingled [t],Waste Recycled - Commingled [t],,,True,2026/09/07 16:22,1,0.1,0.0
Cleanaway waste,Unallocated Cleanaway,81573453_Recycle,,Cleanaway,Waste Recycled - Commingled [t],Waste Recycled - Commingled [t],,,True,2024/08/09 09:34,3,0.0,0.0
Cleanaway waste,Unallocated Cleanaway,82009000_Recycle,,Cleanaway,Waste Recycled - Commingled [t],Waste Recycled - Commingled [t],,31 Jan 2024,False,2026/04/02 17:22,0,0.0,0.0
Cleanaway waste,Unallocated Cleanaway,82147404_Recycle,,Cleanaway,Waste Recycled - Commingled [t],Waste Recycled - Commingled [t],,,True,2024/03/12 15:06,2,0.8,0.0
Cleanaway waste,Unallocated Cleanaway,82224062_Recycle,,Cleanaway,Waste Recycled - Commingled [t],Waste Recycled - Commingled [t],,,True,2024/03/12 15:06,0,0.0,0.0
Cleanaway waste,Unallocated Cleanaway,82259432_Recycle,,Cleanaway,Waste Recycled - Commingled [t],Waste Recycled - Commingled [t],,,True,2025/01/08 14:17,6,3.8,0.0
Cleanaway waste,Unallocated Cleanaway,82263377_Recycle,,Cleanaway,Waste Recycled - Commingled [t],Waste Recycled - Commingled [t],,,True,2025/12/11 16:02,1,0.0,0.0
Cleanaway waste,Unallocated Cleanaway,82265781_Recycle,,Cleanaway,Waste Recycled - Commingled [t],Waste Recycled - Commingled [t],,,True,2025/07/07 16:51,0,0.0,0.0
Cleanaway waste,Unallocated Cleanaway,83050285_Recycle,,Cleanaway,Waste Recycled - Commingled [t],Waste Recycled - Commingled [t],,,True,2025/01/08 14:17,0,0.0,0.0
Cleanaway waste,Unallocated Cleanaway,83052457_Recycle,,Cleanaway,Waste Recycled - Commingled [t],Waste Recycled - Commingled [t],,,True,2025/01/08 16:30,0,0.0,0.0
Cleanaway waste,Unallocated Cleanaway,83073080_Recycle,,Cleanaway,Waste Recycled - Commingled [t],Waste Recycled - Commingled [t],,,True,2025/04/08 13:07,6,0.3,0.0
Cleanaway waste,Unallocated Cleanaway,83082581_Recycle,,Cleanaway,Waste Recycled - Commingled [t],Waste Recycled - Commingled [t],,,True,2025/08/08 18:14,1,0.1,0.0
Cleanaway waste,Unallocated Cleanaway,83083407_Recycle,,Cleanaway,Waste Recycled - Commingled [t],Waste Recycled - Commingled [t],,,True,2025/08/08 18:14,0,0.0,0.0
Cleanaway waste,Unallocated Cleanaway,83083418_Recycle,,Cleanaway,Waste Recycled - Commingled [t],Waste Recycled - Commingled [t],,,True,2025/08/08 18:14,0,0.0,0.0
Cleanaway waste,Unallocated Cleanaway,83083428_Recycle,,Cleanaway,Waste Recycled - Commingled [t],Waste Recycled - Commingled [t],,,True,2025/08/08 18:14,0,0.0,0.0
Cleanaway waste,Unallocated Cleanaway,83083439_Recycle,,Cleanaway,Waste Recycled - Commingled [t],Waste Recycled - Commingled [t],,,True,2025/08/08 18:14,0,0.0,0.0
Cleanaway waste,Unallocated Cleanaway,83084983_Recycle,,Cleanaway,Waste Recycled - Commingled [t],Waste Recycled - Commingled [t],,,True,2025/10/17 16:00,6,1.2,0.0
Cleanaway waste,Unallocated Cleanaway,18381440_Fluoro Tubes/Globes,,Cleanaway,Waste Recycled - Fluoro Tubes/Globes [t],Waste Recycled - Fluorescent Tubes [t],,,True,2024/04/04 14:49,0,0.0,0.0
Cleanaway waste,Unallocated Cleanaway,18836705_Fluoro Tubes/Globes,,Cleanaway,Waste Recycled - Fluoro Tubes/Globes [t],Waste Recycled - Fluorescent Tubes [t],,30 Nov 2024,False,2026/04/02 17:22,0,0.0,0.0
Cleanaway waste,Unallocated Cleanaway,18898374_Fluoro Tubes/Globes,,Cleanaway,Waste Recycled - Fluoro Tubes/Globes [t],Waste Recycled - Fluorescent Tubes [t],,,True,2026/01/08 13:50,1,0.2,0.0
Cleanaway waste,Unallocated Cleanaway,19475621_Fluoro Tubes/Globes,,Cleanaway,Waste Recycled - Fluoro Tubes/Globes [t],Waste Recycled - Fluorescent Tubes [t],,31 Oct 2023,False,2026/04/02 17:22,0,0.0,0.0
Cleanaway waste,Unallocated Cleanaway,2850271_Fluoro Tubes/Globes,,Cleanaway,Waste Recycled - Fluoro Tubes/Globes [t],Waste Recycled - Fluorescent Tubes [t],,31 Oct 2023,False,2026/04/02 17:22,0,0.0,0.0
Cleanaway waste,Unallocated Cleanaway,3767518_Fluoro Tubes/Globes,,Cleanaway,Waste Recycled - Fluoro Tubes/Globes [t],Waste Recycled - Fluorescent Tubes [t],,,True,2025/10/17 16:00,0,0.0,0.0
Cleanaway waste,Unallocated Cleanaway,3840151_Fluoro Tubes/Globes,,Cleanaway,Waste Recycled - Fluoro Tubes/Globes [t],Waste Recycled - Fluorescent Tubes [t],,,True,2024/04/04 14:49,0,0.0,0.0
Cleanaway waste,Unallocated Cleanaway,3840159_Fluoro Tubes/Globes,,Cleanaway,Waste Recycled - Fluoro Tubes/Globes [t],Waste Recycled - Fluorescent Tubes [t],,,True,2024/03/12 15:06,1,0.0,0.0
Cleanaway waste,Unallocated Cleanaway,3840161_Fluoro Tubes/Globes,,Cleanaway,Waste Recycled - Fluoro Tubes/Globes [t],Waste Recycled - Fluorescent Tubes [t],,,True,2024/03/12 15:06,1,0.0,0.0
Cleanaway waste,Unallocated Cleanaway,3840167_Fluoro Tubes/Globes,,Cleanaway,Waste Recycled - Fluoro Tubes/Globes [t],Waste Recycled - Fluorescent Tubes [t],,30 Nov 2023,False,2026/04/02 17:22,0,0.0,0.0
Cleanaway waste,Unallocated Cleanaway,3840171_Fluoro Tubes/Globes,,Cleanaway,Waste Recycled - Fluoro Tubes/Globes [t],Waste Recycled - Fluorescent Tubes [t],,,True,2024/03/12 15:06,0,0.0,0.0
Cleanaway waste,Unallocated Cleanaway,3840173_Fluoro Tubes/Globes,,Cleanaway,Waste Recycled - Fluoro Tubes/Globes [t],Waste Recycled - Fluorescent Tubes [t],,,True,2024/03/12 15:06,0,0.0,0.0
Cleanaway waste,Unallocated Cleanaway,3840180_Fluoro Tubes/Globes,,Cleanaway,Waste Recycled - Fluoro Tubes/Globes [t],Waste Recycled - Fluorescent Tubes [t],,,True,2024/04/04 14:49,0,0.0,0.0
Cleanaway waste,Unallocated Cleanaway,3840184_Fluoro Tubes/Globes,,Cleanaway,Waste Recycled - Fluoro Tubes/Globes [t],Waste Recycled - Fluorescent Tubes [t],,,True,2024/04/04 14:49,0,0.0,0.0
Cleanaway waste,Unallocated Cleanaway,3840190_Fluoro Tubes/Globes,,Cleanaway,Waste Recycled - Fluoro Tubes/Globes [t],Waste Recycled - Fluorescent Tubes [t],,30 Nov 2023,False,2026/04/02 17:22,0,0.0,0.0
Cleanaway waste,Unallocated Cleanaway,49200211_Fluoro Tubes/Globes,,Cleanaway,Waste Recycled - Fluoro Tubes/Globes [t],Waste Recycled - Fluorescent Tubes [t],,,True,2026/02/06 15:19,5,0.0,0.0
Cleanaway waste,Unallocated Cleanaway,10329121_Document Destruction,,Cleanaway,Waste Recycled - Secure Materials [t],Waste Recycled - Secured Materials [t],,30 Nov 2023,False,2026/04/02 17:22,0,0.0,0.0
Cleanaway waste,Unallocated Cleanaway,10337056_Document Destruction,,Cleanaway,Waste Recycled - Secure Materials [t],Waste Recycled - Secured Materials [t],,31 Jan 2024,False,2026/04/02 17:22,0,0.0,0.0
Cleanaway waste,Unallocated Cleanaway,10446549_Document Destruction,,Cleanaway,Waste Recycled - Secure Materials [t],Waste Recycled - Secured Materials [t],,,True,2025/12/11 17:24,6,0.1,0.0
Cleanaway waste,Unallocated Cleanaway,1364748_Secure Destruction,,Cleanaway,Waste Recycled - Secure Materials [t],Waste Recycled - Secured Materials [t],,,True,2026/08/07 12:01,1,1.7,0.0
Cleanaway waste,Unallocated Cleanaway,18292393_Document Destruction,,Cleanaway,Waste Recycled - Secure Materials [t],Waste Recycled - Secured Materials [t],,,True,2024/04/09 09:39,6,0.0,0.0
Cleanaway waste,Unallocated Cleanaway,18482171_Document Destruction,,Cleanaway,Waste Recycled - Secure Materials [t],Waste Recycled - Secured Materials [t],,,True,2024/04/09 09:39,2,0.0,0.0
Cleanaway waste,Unallocated Cleanaway,18638286_Document Destruction,,Cleanaway,Waste Recycled - Secure Materials [t],Waste Recycled - Secured Materials [t],,,True,2025/04/08 13:07,1,0.0,0.0
Cleanaway waste,Unallocated Cleanaway,18829574_Document Destruction,,Cleanaway,Waste Recycled - Secure Materials [t],Waste Recycled - Secured Materials [t],,30 Nov 2024,False,2026/04/02 17:22,0,0.0,0.0
Cleanaway waste,Unallocated Cleanaway,18835670_Document Destruction,,Cleanaway,Waste Recycled - Secure Materials [t],Waste Recycled - Secured Materials [t],,29 Feb 2024,False,2026/04/02 17:22,0,0.0,0.0
Cleanaway waste,Unallocated Cleanaway,18835703_Document Destruction,,Cleanaway,Waste Recycled - Secure Materials [t],Waste Recycled - Secured Materials [t],,30 Apr 2024,False,2026/04/02 17:22,0,0.0,0.0
Cleanaway waste,Unallocated Cleanaway,18836595_Document Destruction,,Cleanaway,Waste Recycled - Secure Materials [t],Waste Recycled - Secured Materials [t],,30 Nov 2024,False,2026/04/02 17:22,0,0.0,0.0
Cleanaway waste,Unallocated Cleanaway,18838315_Document Destruction,,Cleanaway,Waste Recycled - Secure Materials [t],Waste Recycled - Secured Materials [t],,31 Mar 2024,False,2026/04/02 17:22,0,0.0,0.0
Cleanaway waste,Unallocated Cleanaway,18838326_Document Destruction,,Cleanaway,Waste Recycled - Secure Materials [t],Waste Recycled - Secured Materials [t],,31 Mar 2024,False,2026/04/02 17:22,0,0.0,0.0
Cleanaway waste,Unallocated Cleanaway,18838403_Document Destruction,,Cleanaway,Waste Recycled - Secure Materials [t],Waste Recycled - Secured Materials [t],,31 Mar 2024,False,2026/04/02 17:22,0,0.0,0.0
Cleanaway waste,Unallocated Cleanaway,18863786_Document Destruction,,Cleanaway,Waste Recycled - Secure Materials [t],Waste Recycled - Secured Materials [t],,31 May 2024,False,2026/04/02 17:22,0,0.0,0.0
Cleanaway waste,Unallocated Cleanaway,18883218_Document Destruction,,Cleanaway,Waste Recycled - Secure Materials [t],Waste Recycled - Secured Materials [t],,30 Nov 2023,False,2026/04/02 17:22,0,0.0,0.0
Cleanaway waste,Unallocated Cleanaway,18885808_Document Destruction,,Cleanaway,Waste Recycled - Secure Materials [t],Waste Recycled - Secured Materials [t],,,True,2026/04/08 15:10,3,0.0,0.0
Cleanaway waste,Unallocated Cleanaway,18897360_Document Destruction,,Cleanaway,Waste Recycled - Secure Materials [t],Waste Recycled - Secured Materials [t],,,True,2025/04/08 13:07,0,0.0,0.0
Cleanaway waste,Unallocated Cleanaway,18897569_Document Destruction,,Cleanaway,Waste Recycled - Secure Materials [t],Waste Recycled - Secured Materials [t],,,True,2025/06/06 12:05,0,0.0,0.0
Cleanaway waste,Unallocated Cleanaway,18897977_Document Destruction,,Cleanaway,Waste Recycled - Secure Materials [t],Waste Recycled - Secured Materials [t],,,True,2026/01/08 13:50,0,0.0,0.0
Cleanaway waste,Unallocated Cleanaway,18898352_Document Destruction,,Cleanaway,Waste Recycled - Secure Materials [t],Waste Recycled - Secured Materials [t],,,True,2025/06/06 12:05,0,0.0,0.0
Cleanaway waste,Unallocated Cleanaway,18898363_Document Destruction,,Cleanaway,Waste Recycled - Secure Materials [t],Waste Recycled - Secured Materials [t],,,True,2025/04/08 13:07,0,0.0,0.0
Cleanaway waste,Unallocated Cleanaway,19475621_Document Destruction,,Cleanaway,Waste Recycled - Secure Materials [t],Waste Recycled - Secured Materials [t],,,True,2024/03/12 15:06,6,0.5,0.0
Cleanaway waste,Unallocated Cleanaway,19475621_Secure Destruction,,Cleanaway,Waste Recycled - Secure Materials [t],Waste Recycled - Secured Materials [t],,,True,2026/01/08 13:50,0,0.0,0.0
Cleanaway waste,Unallocated Cleanaway,28490065_Document Destruction,,Cleanaway,Waste Recycled - Secure Materials [t],Waste Recycled - Secured Materials [t],,,True,2024/04/04 15:03,1,0.2,0.0
Cleanaway waste,Unallocated Cleanaway,32978264_Document Destruction,,Cleanaway,Waste Recycled - Secure Materials [t],Waste Recycled - Secured Materials [t],,30 Jun 2024,False,2026/04/02 17:22,0,0.0,0.0
Cleanaway waste,Unallocated Cleanaway,4451575_Document Destruction,,Cleanaway,Waste Recycled - Secure Materials [t],Waste Recycled - Secured Materials [t],,,True,2026/09/07 16:22,1,0.0,0.0
Cleanaway waste,Unallocated Cleanaway,48789055_Document Destruction,,Cleanaway,Waste Recycled - Secure Materials [t],Waste Recycled - Secured Materials [t],,31 Oct 2024,False,2026/04/02 17:22,0,0.0,0.0
Cleanaway waste,Unallocated Cleanaway,48936166_Document Destruction,,Cleanaway,Waste Recycled - Secure Materials [t],Waste Recycled - Secured Materials [t],,,True,2025/10/17 16:53,6,0.4,0.0
Cleanaway waste,Unallocated Cleanaway,48936684_Document Destruction,,Cleanaway,Waste Recycled - Secure Materials [t],Waste Recycled - Secured Materials [t],,,True,2024/04/04 15:03,2,0.1,0.0
Cleanaway waste,Unallocated Cleanaway,48938702_Document Destruction,,Cleanaway,Waste Recycled - Secure Materials [t],Waste Recycled - Secured Materials [t],,,True,2024/04/04 15:03,1,0.0,0.0
Cleanaway waste,Unallocated Cleanaway,48938713_Document Destruction,,Cleanaway,Waste Recycled - Secure Materials [t],Waste Recycled - Secured Materials [t],,,True,2024/04/04 14:49,0,0.0,0.0
Cleanaway waste,Unallocated Cleanaway,48938724_Document Destruction,,Cleanaway,Waste Recycled - Secure Materials [t],Waste Recycled - Secured Materials [t],,,True,2024/04/04 14:41,0,0.0,0.0
Cleanaway waste,Unallocated Cleanaway,48943981_Document Destruction,,Cleanaway,Waste Recycled - Secure Materials [t],Waste Recycled - Secured Materials [t],,,True,2024/04/04 14:41,0,0.0,0.0
Cleanaway waste,Unallocated Cleanaway,48945866_Document Destruction,,Cleanaway,Waste Recycled - Secure Materials [t],Waste Recycled - Secured Materials [t],,,True,2024/04/04 14:49,1,0.0,0.0
Cleanaway waste,Unallocated Cleanaway,48954022_Document Destruction,,Cleanaway,Waste Recycled - Secure Materials [t],Waste Recycled - Secured Materials [t],,29 Feb 2024,False,2026/04/02 17:22,0,0.0,0.0
Cleanaway waste,Unallocated Cleanaway,48998529_Document Destruction,,Cleanaway,Waste Recycled - Secure Materials [t],Waste Recycled - Secured Materials [t],,,True,2025/12/11 17:24,6,1.4,0.0
Cleanaway waste,Unallocated Cleanaway,49004899_Document Destruction,,Cleanaway,Waste Recycled - Secure Materials [t],Waste Recycled - Secured Materials [t],,30 Sep 2024,False,2026/04/02 17:22,0,0.0,0.0
Cleanaway waste,Unallocated Cleanaway,49006134_Document Destruction,,Cleanaway,Waste Recycled - Secure Materials [t],Waste Recycled - Secured Materials [t],,,True,2024/04/04 14:41,4,0.4,0.0
Cleanaway waste,Unallocated Cleanaway,49018865_Document Destruction,,Cleanaway,Waste Recycled - Secure Materials [t],Waste Recycled - Secured Materials [t],,,True,2024/03/12 15:06,6,0.2,0.0
Cleanaway waste,Unallocated Cleanaway,49022910_Document Destruction,,Cleanaway,Waste Recycled - Secure Materials [t],Waste Recycled - Secured Materials [t],,,True,2024/03/12 15:06,6,0.2,0.0
Cleanaway waste,Unallocated Cleanaway,49023010_Document Destruction,,Cleanaway,Waste Recycled - Secure Materials [t],Waste Recycled - Secured Materials [t],,,True,2025/01/08 14:17,1,0.1,0.0
Cleanaway waste,Unallocated Cleanaway,49031595_Document Destruction,,Cleanaway,Waste Recycled - Secure Materials [t],Waste Recycled - Secured Materials [t],,,True,2024/04/04 14:41,0,0.0,0.0
Cleanaway waste,Unallocated Cleanaway,49032224_Document Destruction,,Cleanaway,Waste Recycled - Secure Materials [t],Waste Recycled - Secured Materials [t],,,True,2024/03/12 15:06,6,0.3,0.0
Cleanaway waste,Unallocated Cleanaway,49032708_Document Destruction,,Cleanaway,Waste Recycled - Secure Materials [t],Waste Recycled - Secured Materials [t],,,True,2024/03/12 15:06,5,0.1,0.0
Cleanaway waste,Unallocated Cleanaway,49036974_Document Destruction,,Cleanaway,Waste Recycled - Secure Materials [t],Waste Recycled - Secured Materials [t],,,True,2025/01/08 17:23,0,0.0,0.0
Cleanaway waste,Unallocated Cleanaway,49039057_Document Destruction,,Cleanaway,Waste Recycled - Secure Materials [t],Waste Recycled - Secured Materials [t],,31 Aug 2024,False,2026/04/02 17:22,0,0.0,0.0
Cleanaway waste,Unallocated Cleanaway,49041251_Document Destruction,,Cleanaway,Waste Recycled - Secure Materials [t],Waste Recycled - Secured Materials [t],,30 Jun 2024,False,2026/04/02 17:22,0,0.0,0.0
Cleanaway waste,Unallocated Cleanaway,49062270_Document Destruction,,Cleanaway,Waste Recycled - Secure Materials [t],Waste Recycled - Secured Materials [t],,,True,2024/03/12 15:06,5,0.2,0.0
Cleanaway waste,Unallocated Cleanaway,49070238_Document Destruction,,Cleanaway,Waste Recycled - Secure Materials [t],Waste Recycled - Secured Materials [t],,,True,2024/03/12 15:06,0,0.0,0.0
Cleanaway waste,Unallocated Cleanaway,49078561_Document Destruction,,Cleanaway,Waste Recycled - Secure Materials [t],Waste Recycled - Secured Materials [t],,30 Jun 2024,False,2026/04/02 17:22,0,0.0,0.0
Cleanaway waste,Unallocated Cleanaway,49082683_Document Destruction,,Cleanaway,Waste Recycled - Secure Materials [t],Waste Recycled - Secured Materials [t],,,True,2024/04/04 14:41,0,0.0,0.0
Cleanaway waste,Unallocated Cleanaway,49086364_Document Destruction,,Cleanaway,Waste Recycled - Secure Materials [t],Waste Recycled - Secured Materials [t],,,True,2024/03/12 15:06,0,0.0,0.0
Cleanaway waste,Unallocated Cleanaway,49088910_Document Destruction,,Cleanaway,Waste Recycled - Secure Materials [t],Waste Recycled - Secured Materials [t],,,True,2025/10/17 16:53,6,0.2,0.0
Cleanaway waste,Unallocated Cleanaway,49088965_Document Destruction,,Cleanaway,Waste Recycled - Secure Materials [t],Waste Recycled - Secured Materials [t],,,True,2025/05/08 13:10,1,0.0,0.0
Cleanaway waste,Unallocated Cleanaway,49088987_Document Destruction,,Cleanaway,Waste Recycled - Secure Materials [t],Waste Recycled - Secured Materials [t],,,True,2024/04/04 15:03,3,0.1,0.0
Cleanaway waste,Unallocated Cleanaway,49088998_Document Destruction,,Cleanaway,Waste Recycled - Secure Materials [t],Waste Recycled - Secured Materials [t],,,True,2024/04/04 14:41,0,0.0,0.0
Cleanaway waste,Unallocated Cleanaway,49090464_Document Destruction,,Cleanaway,Waste Recycled - Secure Materials [t],Waste Recycled - Secured Materials [t],,,True,2024/10/10 18:17,0,0.0,0.0
Cleanaway waste,Unallocated Cleanaway,49095368_Document Destruction,,Cleanaway,Waste Recycled - Secure Materials [t],Waste Recycled - Secured Materials [t],,30 Jun 2024,False,2026/04/02 17:22,0,0.0,0.0
Cleanaway waste,Unallocated Cleanaway,49118945_Document Destruction,,Cleanaway,Waste Recycled - Secure Materials [t],Waste Recycled - Secured Materials [t],,31 Mar 2024,False,2026/04/02 17:22,0,0.0,0.0
Cleanaway waste,Unallocated Cleanaway,49140978_Document Destruction,,Cleanaway,Waste Recycled - Secure Materials [t],Waste Recycled - Secured Materials [t],,,True,2026/05/07 10:58,5,0.1,0.0
Cleanaway waste,Unallocated Cleanaway,49144758_Document Destruction,,Cleanaway,Waste Recycled - Secure Materials [t],Waste Recycled - Secured Materials [t],,,True,2026/05/07 10:58,1,0.0,0.0
Cleanaway waste,Unallocated Cleanaway,49148616_Document Destruction,,Cleanaway,Waste Recycled - Secure Materials [t],Waste Recycled - Secured Materials [t],,31 Dec 2024,False,2026/04/02 17:22,0,0.0,0.0
Cleanaway waste,Unallocated Cleanaway,49160631_Document Destruction,,Cleanaway,Waste Recycled - Secure Materials [t],Waste Recycled - Secured Materials [t],,31 Aug 2024,False,2026/04/02 17:22,0,0.0,0.0
Cleanaway waste,Unallocated Cleanaway,49165877_Document Destruction,,Cleanaway,Waste Recycled - Secure Materials [t],Waste Recycled - Secured Materials [t],,,True,2025/01/08 14:17,5,0.5,0.0
Cleanaway waste,Unallocated Cleanaway,49167629_Document Destruction,,Cleanaway,Waste Recycled - Secure Materials [t],Waste Recycled - Secured Materials [t],,,True,2025/01/09 09:44,6,0.1,0.0
Cleanaway waste,Unallocated Cleanaway,49179246_Document Destruction,,Cleanaway,Waste Recycled - Secure Materials [t],Waste Recycled - Secured Materials [t],,,True,2025/07/07 16:51,4,0.1,0.0
Cleanaway waste,Unallocated Cleanaway,49192793_Document Destruction,,Cleanaway,Waste Recycled - Secure Materials [t],Waste Recycled - Secured Materials [t],,,True,2026/04/08 15:10,0,0.0,0.0
Cleanaway waste,Unallocated Cleanaway,49213756_Document Destruction,,Cleanaway,Waste Recycled - Secure Materials [t],Waste Recycled - Secured Materials [t],,,True,2026/06/05 14:03,4,0.2,0.0
Cleanaway waste,Unallocated Cleanaway,73472405_Document Destruction,,Cleanaway,Waste Recycled - Secure Materials [t],Waste Recycled - Secured Materials [t],,31 Jul 2024,False,2026/04/02 17:22,0,0.0,0.0
Cleanaway waste,Unallocated Cleanaway,73658148_Document Destruction,,Cleanaway,Waste Recycled - Secure Materials [t],Waste Recycled - Secured Materials [t],,,True,2026/07/08 16:57,3,0.0,0.0
Cleanaway waste,Unallocated Cleanaway,80440520_Document Destruction,,Cleanaway,Waste Recycled - Secure Materials [t],Waste Recycled - Secured Materials [t],,31 Aug 2023,False,2026/04/02 17:22,0,0.0,0.0
Cleanaway waste,Unallocated Cleanaway,80444597_Document Destruction,,Cleanaway,Waste Recycled - Secure Materials [t],Waste Recycled - Secured Materials [t],,31 Dec 2023,False,2026/04/02 17:22,0,0.0,0.0
Cleanaway waste,Unallocated Cleanaway,80585062_Document Destruction,,Cleanaway,Waste Recycled - Secure Materials [t],Waste Recycled - Secured Materials [t],,,True,2026/06/05 14:03,1,0.0,0.0
Cleanaway waste,Unallocated Cleanaway,80611802_Document Destruction,,Cleanaway,Waste Recycled - Secure Materials [t],Waste Recycled - Secured Materials [t],,,True,2025/01/08 14:17,1,0.1,0.0
Cleanaway waste,Unallocated Cleanaway,80635202_Document Destruction,,Cleanaway,Waste Recycled - Secure Materials [t],Waste Recycled - Secured Materials [t],,,True,2025/01/09 09:44,2,0.1,0.0
Cleanaway waste,Unallocated Cleanaway,80663528_Document Destruction,,Cleanaway,Waste Recycled - Secure Materials [t],Waste Recycled - Secured Materials [t],,,True,2025/01/09 09:44,4,0.0,0.0
Cleanaway waste,Unallocated Cleanaway,80695404_Secure Destruction,,Cleanaway,Waste Recycled - Secure Materials [t],Waste Recycled - Secured Materials [t],,,True,2026/08/07 12:01,1,5.9,0.0
Cleanaway waste,Unallocated Cleanaway,80734003_Document Destruction,,Cleanaway,Waste Recycled - Secure Materials [t],Waste Recycled - Secured Materials [t],,30 Nov 2023,False,2026/04/02 17:22,0,0.0,0.0
Cleanaway waste,Unallocated Cleanaway,80754251_Document Destruction,,Cleanaway,Waste Recycled - Secure Materials [t],Waste Recycled - Secured Materials [t],,,True,2024/07/05 10:49,1,0.0,0.0
Cleanaway waste,Unallocated Cleanaway,80754350_Document Destruction,,Cleanaway,Waste Recycled - Secure Materials [t],Waste Recycled - Secured Materials [t],,,True,2024/04/04 14:41,1,0.0,0.0
Cleanaway waste,Unallocated Cleanaway,80754383_Document Destruction,,Cleanaway,Waste Recycled - Secure Materials [t],Waste Recycled - Secured Materials [t],,,True,2024/04/04 14:41,2,0.1,0.0
Cleanaway waste,Unallocated Cleanaway,80754394_Document Destruction,,Cleanaway,Waste Recycled - Secure Materials [t],Waste Recycled - Secured Materials [t],,,True,2024/05/09 17:28,1,0.0,0.0
Cleanaway waste,Unallocated Cleanaway,80754405_Document Destruction,,Cleanaway,Waste Recycled - Secure Materials [t],Waste Recycled - Secured Materials [t],,,True,2024/04/04 14:49,2,0.1,0.0
Cleanaway waste,Unallocated Cleanaway,80766210_Document Destruction,,Cleanaway,Waste Recycled - Secure Materials [t],Waste Recycled - Secured Materials [t],,,True,2025/06/06 12:05,0,0.0,0.0
Cleanaway waste,Unallocated Cleanaway,80767720_Document Destruction,,Cleanaway,Waste Recycled - Secure Materials [t],Waste Recycled - Secured Materials [t],,,True,2025/08/08 18:14,6,0.0,0.0
Cleanaway waste,Unallocated Cleanaway,80806991_Document Destruction,,Cleanaway,Waste Recycled - Secure Materials [t],Waste Recycled - Secured Materials [t],,31 May 2024,False,2026/04/02 17:22,0,0.0,0.0
Cleanaway waste,Unallocated Cleanaway,80823568_Document Destruction,,Cleanaway,Waste Recycled - Secure Materials [t],Waste Recycled - Secured Materials [t],,30 Nov 2024,False,2026/04/02 17:22,0,0.0,0.0
Cleanaway waste,Unallocated Cleanaway,80845602_Document Destruction,,Cleanaway,Waste Recycled - Secure Materials [t],Waste Recycled - Secured Materials [t],,31 May 2024,False,2026/04/02 17:22,0,0.0,0.0
Cleanaway waste,Unallocated Cleanaway,80920639_Document Destruction,,Cleanaway,Waste Recycled - Secure Materials [t],Waste Recycled - Secured Materials [t],,30 Sep 2024,False,2026/04/02 17:22,0,0.0,0.0
Cleanaway waste,Unallocated Cleanaway,80942694_Document Destruction,,Cleanaway,Waste Recycled - Secure Materials [t],Waste Recycled - Secured Materials [t],,,True,2024/05/09 17:28,0,0.0,0.0
Cleanaway waste,Unallocated Cleanaway,82224062_Document Destruction,,Cleanaway,Waste Recycled - Secure Materials [t],Waste Recycled - Secured Materials [t],,,True,2025/04/08 13:07,0,0.0,0.0
Cleanaway waste,Unallocated Cleanaway,83026412_Document Destruction,,Cleanaway,Waste Recycled - Secure Materials [t],Waste Recycled - Secured Materials [t],,,True,2024/03/12 15:06,0,0.0,0.0
Cleanaway waste,Unallocated Cleanaway,83027569_Document Destruction,,Cleanaway,Waste Recycled - Secure Materials [t],Waste Recycled - Secured Materials [t],,,True,2024/04/04 14:41,0,0.0,0.0
Cleanaway waste,Unallocated Cleanaway,1364748_Green Waste,,Cleanaway,Waste recycled - Green waste [t],Waste Recycled - Green Waste [t],,,True,2024/07/05 10:49,4,8.6,0.0
Cleanaway waste,Unallocated Cleanaway,453718_Green Waste,,Cleanaway,Waste recycled - Green waste [t],Waste Recycled - Green Waste [t],,,True,2024/04/04 14:41,2,0.2,0.0
Cleanaway waste,Unallocated Cleanaway,48938702_Green Waste,,Cleanaway,Waste recycled - Green waste [t],Waste Recycled - Green Waste [t],,,True,2024/04/04 15:03,0,0.0,0.0
Cleanaway waste,Unallocated Cleanaway,48938713_Green Waste,,Cleanaway,Waste recycled - Green waste [t],Waste Recycled - Green Waste [t],,,True,2024/03/12 15:06,0,0.0,0.0
Cleanaway waste,Unallocated Cleanaway,48938734_Green Waste,,Cleanaway,Waste recycled - Green waste [t],Waste Recycled - Green Waste [t],,31 Mar 2024,False,2026/04/02 17:22,0,0.0,0.0
Cleanaway waste,Unallocated Cleanaway,48938756_Green Waste,,Cleanaway,Waste recycled - Green waste [t],Waste Recycled - Green Waste [t],,,True,2024/03/12 15:06,1,0.0,0.0
Cleanaway waste,Unallocated Cleanaway,48949966_Green Waste,,Cleanaway,Waste recycled - Green waste [t],Waste Recycled - Green Waste [t],,30 Nov 2024,False,2026/04/02 17:22,0,0.0,0.0
Cleanaway waste,Unallocated Cleanaway,49006134_Green Waste,,Cleanaway,Waste recycled - Green waste [t],Waste Recycled - Green Waste [t],,,True,2024/04/04 14:49,6,13.0,0.0
Cleanaway waste,Unallocated Cleanaway,53935975_Green Waste,,Cleanaway,Waste recycled - Green waste [t],Waste Recycled - Green Waste [t],,,True,2024/10/10 18:17,0,0.0,0.0
Cleanaway waste,Unallocated Cleanaway,73351316_Green Waste,,Cleanaway,Waste recycled - Green waste [t],Waste Recycled - Green Waste [t],,31 Jan 2024,False,2026/04/02 17:22,0,0.0,0.0
Cleanaway waste,Unallocated Cleanaway,73376392_Green Waste,,Cleanaway,Waste recycled - Green waste [t],Waste Recycled - Green Waste [t],,,True,2024/03/12 15:06,6,4.9,0.0
Cleanaway waste,Unallocated Cleanaway,80585062_Green Waste,,Cleanaway,Waste recycled - Green waste [t],Waste Recycled - Green Waste [t],,,True,2026/06/05 14:03,2,3.4,0.0
Cleanaway waste,Unallocated Cleanaway,80947257_Green Waste,,Cleanaway,Waste recycled - Green waste [t],Waste Recycled - Green Waste [t],,,True,2025/01/08 14:17,2,8.1,0.0
Cleanaway waste,Unallocated Cleanaway,82224062_Green Waste,,Cleanaway,Waste recycled - Green waste [t],Waste Recycled - Green Waste [t],,29 Feb 2024,False,2026/04/02 17:22,0,0.0,0.0
Cleanaway waste,Unallocated Cleanaway,901627_Green Waste,,Cleanaway,Waste recycled - Green waste [t],Waste Recycled - Green Waste [t],,31 May 2024,False,2026/04/02 17:22,0,0.0,0.0
Cleanaway waste,Unallocated Cleanaway,10436641_Cardboard,,Cleanaway,Waste recycled-cardboard & paper [t],Waste Recycled - Paper and Cardboard [t],,,True,2026/07/08 16:57,1,0.0,0.0
Cleanaway waste,Unallocated Cleanaway,10446549_Cardboard,,Cleanaway,Waste recycled-cardboard & paper [t],Waste Recycled - Paper and Cardboard [t],,,True,2026/07/08 16:57,1,0.2,0.0
Cleanaway waste,Unallocated Cleanaway,18442315_Cardboard,,Cleanaway,Waste recycled-cardboard & paper [t],Waste Recycled - Paper and Cardboard [t],,,True,2026/02/06 15:19,0,0.0,0.0
Cleanaway waste,Unallocated Cleanaway,18543034_Cardboard,,Cleanaway,Waste recycled-cardboard & paper [t],Waste Recycled - Paper and Cardboard [t],,,True,2025/06/06 12:05,2,0.7,0.0
Cleanaway waste,Unallocated Cleanaway,18828153_Cardboard,,Cleanaway,Waste recycled-cardboard & paper [t],Waste Recycled - Paper and Cardboard [t],,,True,2025/10/17 16:53,0,0.0,0.0
Cleanaway waste,Unallocated Cleanaway,18828185_Cardboard,,Cleanaway,Waste recycled-cardboard & paper [t],Waste Recycled - Paper and Cardboard [t],,,True,2025/10/17 16:53,1,0.0,0.0
Cleanaway waste,Unallocated Cleanaway,18828196_Cardboard,,Cleanaway,Waste recycled-cardboard & paper [t],Waste Recycled - Paper and Cardboard [t],,,True,2025/10/17 16:53,1,0.0,0.0
Cleanaway waste,Unallocated Cleanaway,18828207_Cardboard,,Cleanaway,Waste recycled-cardboard & paper [t],Waste Recycled - Paper and Cardboard [t],,,True,2025/02/07 17:37,3,0.6,0.0
Cleanaway waste,Unallocated Cleanaway,18840023_Cardboard,,Cleanaway,Waste recycled-cardboard & paper [t],Waste Recycled - Paper and Cardboard [t],,,True,2025/10/17 16:53,0,0.0,0.0
Cleanaway waste,Unallocated Cleanaway,18896808_Cardboard,,Cleanaway,Waste recycled-cardboard & paper [t],Waste Recycled - Paper and Cardboard [t],,,True,2026/05/07 10:58,1,0.0,0.0
Cleanaway waste,Unallocated Cleanaway,18896996_Cardboard,,Cleanaway,Waste recycled-cardboard & paper [t],Waste Recycled - Paper and Cardboard [t],,,True,2026/05/07 10:58,1,0.1,0.0
Cleanaway waste,Unallocated Cleanaway,18897018_Cardboard,,Cleanaway,Waste recycled-cardboard & paper [t],Waste Recycled - Paper and Cardboard [t],,,True,2026/05/07 10:58,1,0.0,0.0
Cleanaway waste,Unallocated Cleanaway,18897040_Cardboard,,Cleanaway,Waste recycled-cardboard & paper [t],Waste Recycled - Paper and Cardboard [t],,,True,2026/05/07 10:58,1,0.0,0.0
Cleanaway waste,Unallocated Cleanaway,18897359_Cardboard,,Cleanaway,Waste recycled-cardboard & paper [t],Waste Recycled - Paper and Cardboard [t],,,True,2026/05/07 10:58,1,0.0,0.0
Cleanaway waste,Unallocated Cleanaway,18897459_Cardboard,,Cleanaway,Waste recycled-cardboard & paper [t],Waste Recycled - Paper and Cardboard [t],,,True,2026/05/07 10:58,1,0.0,0.0
Cleanaway waste,Unallocated Cleanaway,18897514_Cardboard,,Cleanaway,Waste recycled-cardboard & paper [t],Waste Recycled - Paper and Cardboard [t],,,True,2026/05/07 10:58,1,0.0,0.0
Cleanaway waste,Unallocated Cleanaway,18897547_Cardboard,,Cleanaway,Waste recycled-cardboard & paper [t],Waste Recycled - Paper and Cardboard [t],,,True,2026/05/07 10:58,1,0.0,0.0
Cleanaway waste,Unallocated Cleanaway,18897569_Cardboard,,Cleanaway,Waste recycled-cardboard & paper [t],Waste Recycled - Paper and Cardboard [t],,,True,2026/05/07 10:58,1,0.0,0.0
Cleanaway waste,Unallocated Cleanaway,18897668_Cardboard,,Cleanaway,Waste recycled-cardboard & paper [t],Waste Recycled - Paper and Cardboard [t],,,True,2026/05/07 10:58,1,0.1,0.0
Cleanaway waste,Unallocated Cleanaway,4451575_Cardboard,,Cleanaway,Waste recycled-cardboard & paper [t],Waste Recycled - Paper and Cardboard [t],,,True,2026/09/07 16:22,1,0.0,0.0
Cleanaway waste,Unallocated Cleanaway,48935989_Cardboard,,Cleanaway,Waste recycled-cardboard & paper [t],Waste Recycled - Paper and Cardboard [t],,30 Apr 2024,False,2024/05/16 16:41,0,0.0,0.0
Cleanaway waste,Unallocated Cleanaway,48936166_Cardboard,,Cleanaway,Waste recycled-cardboard & paper [t],Waste Recycled - Paper and Cardboard [t],,,True,2025/07/07 16:51,1,0.0,0.0
Cleanaway waste,Unallocated Cleanaway,48936684_Paper,,Cleanaway,Waste recycled-cardboard & paper [t],Waste Recycled - Paper and Cardboard [t],,,True,2024/04/04 15:03,1,0.0,0.0
Cleanaway waste,Unallocated Cleanaway,49004899_Cardboard,,Cleanaway,Waste recycled-cardboard & paper [t],Waste Recycled - Paper and Cardboard [t],,,True,2026/05/07 10:58,1,0.0,0.0
Cleanaway waste,Unallocated Cleanaway,49006134_Cardboard,,Cleanaway,Waste recycled-cardboard & paper [t],Waste Recycled - Paper and Cardboard [t],,,True,2026/05/07 10:58,1,0.0,0.0
Cleanaway waste,Unallocated Cleanaway,49022910_Cardboard,,Cleanaway,Waste recycled-cardboard & paper [t],Waste Recycled - Paper and Cardboard [t],,30 Apr 2024,False,2024/05/16 16:41,0,0.0,0.0
Cleanaway waste,Unallocated Cleanaway,49076973_Cardboard,,Cleanaway,Waste recycled-cardboard & paper [t],Waste Recycled - Paper and Cardboard [t],,31 Jan 2024,False,2024/05/16 16:41,0,0.0,0.0
Cleanaway waste,Unallocated Cleanaway,49092679_Cardboard,,Cleanaway,Waste recycled-cardboard & paper [t],Waste Recycled - Paper and Cardboard [t],,,True,2025/01/09 09:44,0,0.0,0.0
Cleanaway waste,Unallocated Cleanaway,49101310_Cardboard,,Cleanaway,Waste recycled-cardboard & paper [t],Waste Recycled - Paper and Cardboard [t],,30 Apr 2024,False,2024/05/16 16:41,0,0.0,0.0
Cleanaway waste,Unallocated Cleanaway,49101310_Paper,,Cleanaway,Waste recycled-cardboard & paper [t],Waste Recycled - Paper and Cardboard [t],,,True,2024/03/12 15:06,6,0.3,0.0
Cleanaway waste,Unallocated Cleanaway,49132403_Cardboard,,Cleanaway,Waste recycled-cardboard & paper [t],Waste Recycled - Paper and Cardboard [t],,30 Apr 2024,False,2024/05/16 16:41,0,0.0,0.0
Cleanaway waste,Unallocated Cleanaway,49140978_Cardboard,,Cleanaway,Waste recycled-cardboard & paper [t],Waste Recycled - Paper and Cardboard [t],,30 Apr 2024,False,2024/05/16 16:41,0,0.0,0.0
Cleanaway waste,Unallocated Cleanaway,49165877_Cardboard,,Cleanaway,Waste recycled-cardboard & paper [t],Waste Recycled - Paper and Cardboard [t],,,True,2025/01/08 14:17,6,3.2,0.0
Cleanaway waste,Unallocated Cleanaway,53129756_Cardboard,,Cleanaway,Waste recycled-cardboard & paper [t],Waste Recycled - Paper and Cardboard [t],,30 Apr 2024,False,2024/05/16 16:41,0,0.0,0.0
Cleanaway waste,Unallocated Cleanaway,73491815_Cardboard,,Cleanaway,Waste recycled-cardboard & paper [t],Waste Recycled - Paper and Cardboard [t],,30 Apr 2024,False,2024/05/16 16:41,0,0.0,0.0
Cleanaway waste,Unallocated Cleanaway,73620310_Cardboard,,Cleanaway,Waste recycled-cardboard & paper [t],Waste Recycled - Paper and Cardboard [t],,,True,2024/10/10 18:17,6,5.4,0.0
Cleanaway waste,Unallocated Cleanaway,73620310_Paper,,Cleanaway,Waste recycled-cardboard & paper [t],Waste Recycled - Paper and Cardboard [t],,,True,2025/07/07 16:51,0,0.0,0.0
Cleanaway waste,Unallocated Cleanaway,73620618_Cardboard,,Cleanaway,Waste recycled-cardboard & paper [t],Waste Recycled - Paper and Cardboard [t],,,True,2025/10/17 16:00,0,0.0,0.0
Cleanaway waste,Unallocated Cleanaway,80364820_Cardboard,,Cleanaway,Waste recycled-cardboard & paper [t],Waste Recycled - Paper and Cardboard [t],,,True,2026/07/08 16:57,1,0.0,0.0
Cleanaway waste,Unallocated Cleanaway,80364842_Cardboard,,Cleanaway,Waste recycled-cardboard & paper [t],Waste Recycled - Paper and Cardboard [t],,,True,2026/07/08 16:57,1,0.1,0.0
Cleanaway waste,Unallocated Cleanaway,80554145_Cardboard,,Cleanaway,Waste recycled-cardboard & paper [t],Waste Recycled - Paper and Cardboard [t],,,True,2026/05/07 10:58,2,0.1,0.0
Cleanaway waste,Unallocated Cleanaway,80554212_Cardboard,,Cleanaway,Waste recycled-cardboard & paper [t],Waste Recycled - Paper and Cardboard [t],,,True,2026/09/07 16:22,1,0.0,0.0
Cleanaway waste,Unallocated Cleanaway,80554311_Cardboard,,Cleanaway,Waste recycled-cardboard & paper [t],Waste Recycled - Paper and Cardboard [t],,30 Apr 2024,False,2024/05/16 16:41,0,0.0,0.0
Cleanaway waste,Unallocated Cleanaway,80554322_Cardboard,,Cleanaway,Waste recycled-cardboard & paper [t],Waste Recycled - Paper and Cardboard [t],,,True,2026/07/08 16:57,2,0.3,0.0
Cleanaway waste,Unallocated Cleanaway,80554432_Cardboard,,Cleanaway,Waste recycled-cardboard & paper [t],Waste Recycled - Paper and Cardboard [t],,,True,2026/02/06 15:19,1,0.1,0.0
Cleanaway waste,Unallocated Cleanaway,80585062_Cardboard,,Cleanaway,Waste recycled-cardboard & paper [t],Waste Recycled - Paper and Cardboard [t],,,True,2026/09/07 16:22,1,0.1,0.0
Cleanaway waste,Unallocated Cleanaway,80663528_Cardboard,,Cleanaway,Waste recycled-cardboard & paper [t],Waste Recycled - Paper and Cardboard [t],,,True,2025/04/08 13:07,4,4.2,0.0
Cleanaway waste,Unallocated Cleanaway,80754251_Cardboard,,Cleanaway,Waste recycled-cardboard & paper [t],Waste Recycled - Paper and Cardboard [t],,,True,2026/07/08 16:57,2,0.1,0.0
Cleanaway waste,Unallocated Cleanaway,80754394_Cardboard,,Cleanaway,Waste recycled-cardboard & paper [t],Waste Recycled - Paper and Cardboard [t],,,True,2025/10/17 16:53,0,0.0,0.0
Cleanaway waste,Unallocated Cleanaway,80913927_Cardboard,,Cleanaway,Waste recycled-cardboard & paper [t],Waste Recycled - Paper and Cardboard [t],,30 Nov 2023,False,2024/05/16 16:41,0,0.0,0.0
Cleanaway waste,Unallocated Cleanaway,81020070_Cardboard,,Cleanaway,Waste recycled-cardboard & paper [t],Waste Recycled - Paper and Cardboard [t],,,True,2026/07/08 16:57,1,0.1,0.0
Cleanaway waste,Unallocated Cleanaway,81573453_Cardboard,,Cleanaway,Waste recycled-cardboard & paper [t],Waste Recycled - Paper and Cardboard [t],,,True,2026/05/07 10:58,1,0.0,0.0
Cleanaway waste,Unallocated Cleanaway,82156861_Cardboard,,Cleanaway,Waste recycled-cardboard & paper [t],Waste Recycled - Paper and Cardboard [t],,30 Apr 2024,False,2024/05/16 16:41,0,0.0,0.0
Cleanaway waste,Unallocated Cleanaway,82166538_Cardboard,,Cleanaway,Waste recycled-cardboard & paper [t],Waste Recycled - Paper and Cardboard [t],,30 Apr 2024,False,2024/05/16 16:41,0,0.0,0.0
Cleanaway waste,Unallocated Cleanaway,82311743_Cardboard,,Cleanaway,Waste recycled-cardboard & paper [t],Waste Recycled - Paper and Cardboard [t],,,True,2026/05/07 10:58,5,0.3,0.0
Cleanaway waste,Unallocated Cleanaway,82311754_Cardboard,,Cleanaway,Waste recycled-cardboard & paper [t],Waste Recycled - Paper and Cardboard [t],,,True,2026/05/07 10:58,5,0.2,0.0
Cleanaway waste,Unallocated Cleanaway,83085016_Cardboard,,Cleanaway,Waste recycled-cardboard & paper [t],Waste Recycled - Paper and Cardboard [t],,,True,2025/10/17 16:00,6,0.0,0.0
Cleanaway waste,Unallocated Cleanaway,18381440_eWaste,,Cleanaway,Waste recycled-electronics [t],Waste Recycled - Electonics [t],,,True,2025/06/06 12:05,2,0.2,0.0
Cleanaway waste,Unallocated Cleanaway,18836530_eWaste,,Cleanaway,Waste recycled-electronics [t],Waste Recycled - Electonics [t],,,True,2024/03/12 15:06,0,0.0,0.0
Cleanaway waste,Unallocated Cleanaway,18836705_eWaste,,Cleanaway,Waste recycled-electronics [t],Waste Recycled - Electonics [t],,30 Nov 2024,False,2026/04/02 17:22,0,0.0,0.0
Cleanaway waste,Unallocated Cleanaway,18840023_eWaste,,Cleanaway,Waste recycled-electronics [t],Waste Recycled - Electonics [t],,,True,2026/04/08 15:10,0,0.0,0.0
Cleanaway waste,Unallocated Cleanaway,18897525_eWaste,,Cleanaway,Waste recycled-electronics [t],Waste Recycled - Electonics [t],,,True,2025/06/06 12:05,0,0.0,0.0
Cleanaway waste,Unallocated Cleanaway,18898374_eWaste,,Cleanaway,Waste recycled-electronics [t],Waste Recycled - Electonics [t],,,True,2026/01/08 13:50,0,0.0,0.0
Cleanaway waste,Unallocated Cleanaway,19475621_eWaste,,Cleanaway,Waste recycled-electronics [t],Waste Recycled - Electonics [t],,,True,2024/03/12 15:06,1,3.4,0.0
Cleanaway waste,Unallocated Cleanaway,2324640_eWaste,,Cleanaway,Waste recycled-electronics [t],Waste Recycled - Electonics [t],,,True,2025/07/07 16:51,0,0.0,0.0
Cleanaway waste,Unallocated Cleanaway,2850271_eWaste,,Cleanaway,Waste recycled-electronics [t],Waste Recycled - Electonics [t],,31 Oct 2023,False,2026/04/02 17:22,0,0.0,0.0
Cleanaway waste,Unallocated Cleanaway,3840184_eWaste,,Cleanaway,Waste recycled-electronics [t],Waste Recycled - Electonics [t],,,True,2025/12/11 16:02,0,0.0,0.0
Cleanaway waste,Unallocated Cleanaway,453718_eWaste,,Cleanaway,Waste recycled-electronics [t],Waste Recycled - Electonics [t],,31 Dec 2023,False,2026/04/02 17:22,0,0.0,0.0
Cleanaway waste,Unallocated Cleanaway,48936101_eWaste,,Cleanaway,Waste recycled-electronics [t],Waste Recycled - Electonics [t],,,True,2024/03/12 15:06,2,1.2,0.0
Cleanaway waste,Unallocated Cleanaway,48955830_eWaste,,Cleanaway,Waste recycled-electronics [t],Waste Recycled - Electonics [t],,31 Mar 2024,False,2026/04/02 17:22,0,0.0,0.0
Cleanaway waste,Unallocated Cleanaway,48998441_eWaste,,Cleanaway,Waste recycled-electronics [t],Waste Recycled - Electonics [t],,31 Oct 2024,False,2026/04/02 17:22,0,0.0,0.0
Cleanaway waste,Unallocated Cleanaway,48998496_eWaste,,Cleanaway,Waste recycled-electronics [t],Waste Recycled - Electonics [t],,,True,2025/04/08 13:07,0,0.0,0.0
Cleanaway waste,Unallocated Cleanaway,49007160_eWaste,,Cleanaway,Waste recycled-electronics [t],Waste Recycled - Electonics [t],,,True,2024/04/04 14:41,0,0.0,0.0
Cleanaway waste,Unallocated Cleanaway,49031606_eWaste,,Cleanaway,Waste recycled-electronics [t],Waste Recycled - Electonics [t],,30 Nov 2024,False,2026/04/02 17:22,0,0.0,0.0
Cleanaway waste,Unallocated Cleanaway,49032256_eWaste,,Cleanaway,Waste recycled-electronics [t],Waste Recycled - Electonics [t],,31 Oct 2023,False,2026/04/02 17:22,0,0.0,0.0
Cleanaway waste,Unallocated Cleanaway,49088987_eWaste,,Cleanaway,Waste recycled-electronics [t],Waste Recycled - Electonics [t],,31 Dec 2024,False,2026/04/02 17:22,0,0.0,0.0
Cleanaway waste,Unallocated Cleanaway,49118603_eWaste,,Cleanaway,Waste recycled-electronics [t],Waste Recycled - Electonics [t],,31 Aug 2023,False,2026/04/02 17:22,0,0.0,0.0
Cleanaway waste,Unallocated Cleanaway,49120422_eWaste,,Cleanaway,Waste recycled-electronics [t],Waste Recycled - Electonics [t],,31 Aug 2023,False,2026/04/02 17:22,0,0.0,0.0
Cleanaway waste,Unallocated Cleanaway,49129152_eWaste,,Cleanaway,Waste recycled-electronics [t],Waste Recycled - Electonics [t],,31 Oct 2023,False,2026/04/02 17:22,0,0.0,0.0
Cleanaway waste,Unallocated Cleanaway,49129184_eWaste,,Cleanaway,Waste recycled-electronics [t],Waste Recycled - Electonics [t],,31 Aug 2023,False,2026/04/02 17:22,0,0.0,0.0
Cleanaway waste,Unallocated Cleanaway,49129273_eWaste,,Cleanaway,Waste recycled-electronics [t],Waste Recycled - Electonics [t],,31 Aug 2023,False,2026/04/02 17:22,0,0.0,0.0
Cleanaway waste,Unallocated Cleanaway,49200211_eWaste,,Cleanaway,Waste recycled-electronics [t],Waste Recycled - Electonics [t],,,True,2026/09/07 16:22,1,0.0,0.0
Cleanaway waste,Unallocated Cleanaway,73351316_eWaste,,Cleanaway,Waste recycled-electronics [t],Waste Recycled - Electonics [t],,,True,2025/12/11 16:02,1,0.1,0.0
Cleanaway waste,Unallocated Cleanaway,73351372_eWaste,,Cleanaway,Waste recycled-electronics [t],Waste Recycled - Electonics [t],,,True,2025/12/11 16:02,1,0.0,0.0
Cleanaway waste,Unallocated Cleanaway,73391183_eWaste,,Cleanaway,Waste recycled-electronics [t],Waste Recycled - Electonics [t],,,True,2024/03/12 15:06,0,0.0,0.0
Cleanaway waste,Unallocated Cleanaway,73620310_eWaste,,Cleanaway,Waste recycled-electronics [t],Waste Recycled - Electonics [t],,,True,2026/08/07 12:01,1,0.0,0.0
Cleanaway waste,Unallocated Cleanaway,80554299_eWaste,,Cleanaway,Waste recycled-electronics [t],Waste Recycled - Electonics [t],,,True,2024/07/05 10:49,0,0.0,0.0
Cleanaway waste,Unallocated Cleanaway,80554311_eWaste,,Cleanaway,Waste recycled-electronics [t],Waste Recycled - Electonics [t],,,True,2025/04/08 13:07,0,0.0,0.0
Cleanaway waste,Unallocated Cleanaway,80572244_eWaste,,Cleanaway,Waste recycled-electronics [t],Waste Recycled - Electonics [t],,31 Mar 2023,False,2026/04/02 17:22,0,0.0,0.0
Cleanaway waste,Unallocated Cleanaway,80663528_eWaste,,Cleanaway,Waste recycled-electronics [t],Waste Recycled - Electonics [t],,,True,2025/07/07 16:51,0,0.0,0.0
Cleanaway waste,Unallocated Cleanaway,80695227_eWaste,,Cleanaway,Waste recycled-electronics [t],Waste Recycled - Electonics [t],,,True,2026/08/07 12:01,1,3.0,0.0
Cleanaway waste,Unallocated Cleanaway,80734003_eWaste,,Cleanaway,Waste recycled-electronics [t],Waste Recycled - Electonics [t],,30 Nov 2023,False,2026/04/02 17:22,0,0.0,0.0
Cleanaway waste,Unallocated Cleanaway,80754448_eWaste,,Cleanaway,Waste recycled-electronics [t],Waste Recycled - Electonics [t],,,True,2025/10/17 16:00,0,0.0,0.0
Cleanaway waste,Unallocated Cleanaway,80760599_eWaste,,Cleanaway,Waste recycled-electronics [t],Waste Recycled - Electonics [t],,,True,2025/10/17 16:53,0,0.0,0.0
Cleanaway waste,Unallocated Cleanaway,80771786_eWaste,,Cleanaway,Waste recycled-electronics [t],Waste Recycled - Electonics [t],,,True,2025/06/06 12:05,0,0.0,0.0
Cleanaway waste,Unallocated Cleanaway,80823568_eWaste,,Cleanaway,Waste recycled-electronics [t],Waste Recycled - Electonics [t],,,True,2025/04/08 13:07,3,0.2,0.0
Cleanaway waste,Unallocated Cleanaway,80856701_eWaste,,Cleanaway,Waste recycled-electronics [t],Waste Recycled - Electonics [t],,31 Jul 2024,False,2026/04/02 17:22,0,0.0,0.0
Cleanaway waste,Unallocated Cleanaway,80913927_eWaste,,Cleanaway,Waste recycled-electronics [t],Waste Recycled - Electonics [t],,,True,2026/08/07 12:01,1,0.1,0.0
Cleanaway waste,Unallocated Cleanaway,82009000_eWaste,,Cleanaway,Waste recycled-electronics [t],Waste Recycled - Electonics [t],,29 Feb 2024,False,2026/04/02 17:22,0,0.0,0.0
Cleanaway waste,Unallocated Cleanaway,82235734_eWaste,,Cleanaway,Waste recycled-electronics [t],Waste Recycled - Electonics [t],,30 Nov 2024,False,2026/04/02 17:22,0,0.0,0.0
Cleanaway waste,Unallocated Cleanaway,2296470_Liquid - Recycle,,Cleanaway,Waste recycled-liquid [t],Waste Recycled - Liquid [t],,30 Nov 2024,False,2026/04/02 17:22,0,0.0,0.0
Cleanaway waste,Unallocated Cleanaway,2657384_Liquid - Recycle,,Cleanaway,Waste recycled-liquid [t],Waste Recycled - Liquid [t],,30 Apr 2024,False,2026/04/02 17:22,0,0.0,0.0
Cleanaway waste,Unallocated Cleanaway,2940951_Liquid - Recycle,,Cleanaway,Waste recycled-liquid [t],Waste Recycled - Liquid [t],,31 Oct 2023,False,2026/04/02 17:22,0,0.0,0.0
Cleanaway waste,Unallocated Cleanaway,297997_Liquid - Recycle,,Cleanaway,Waste recycled-liquid [t],Waste Recycled - Liquid [t],,,True,2025/01/08 14:17,0,0.0,0.0
Cleanaway waste,Unallocated Cleanaway,297998_Liquid - Recycle,,Cleanaway,Waste recycled-liquid [t],Waste Recycled - Liquid [t],,29 Feb 2024,False,2026/04/02 17:22,0,0.0,0.0
Cleanaway waste,Unallocated Cleanaway,309202_Liquid - Recycle,,Cleanaway,Waste recycled-liquid [t],Waste Recycled - Liquid [t],,,True,2024/04/04 14:49,0,0.0,0.0
Cleanaway waste,Unallocated Cleanaway,3431144_Liquid - Recycle,,Cleanaway,Waste recycled-liquid [t],Waste Recycled - Liquid [t],,,True,2025/06/06 12:05,0,0.0,0.0
Cleanaway waste,Unallocated Cleanaway,364396_Liquid - Recycle,,Cleanaway,Waste recycled-liquid [t],Waste Recycled - Liquid [t],,30 Sep 2023,False,2026/04/02 17:22,0,0.0,0.0
Cleanaway waste,Unallocated Cleanaway,4372130_Liquid - Recycle,,Cleanaway,Waste recycled-liquid [t],Waste Recycled - Liquid [t],,,True,2025/07/07 16:51,0,0.0,0.0
Cleanaway waste,Unallocated Cleanaway,53999540_Liquid - Recycle,,Cleanaway,Waste recycled-liquid [t],Waste Recycled - Liquid [t],,,True,2025/02/07 17:37,0,0.0,0.0
Cleanaway waste,Unallocated Cleanaway,54007563_Liquid - Recycle,,Cleanaway,Waste recycled-liquid [t],Waste Recycled - Liquid [t],,,True,2025/02/07 17:37,0,0.0,0.0
Cleanaway waste,Unallocated Cleanaway,60189508_Liquid - Recycle,,Cleanaway,Waste recycled-liquid [t],Waste Recycled - Liquid [t],,31 Oct 2024,False,2026/04/02 17:22,0,0.0,0.0
Cleanaway waste,Unallocated Cleanaway,10436641_Metal,,Cleanaway,Waste recycled-metal [t],Waste Recycled - Metals [t] - No Scope,,,True,2026/09/07 16:22,1,0.9,0.0
Cleanaway waste,Unallocated Cleanaway,18835768_Metal,,Cleanaway,Waste recycled-metal [t],Waste Recycled - Metals [t] - No Scope,,30 Nov 2024,False,2026/04/02 17:22,0,0.0,0.0
Cleanaway waste,Unallocated Cleanaway,18896941_Metal,,Cleanaway,Waste recycled-metal [t],Waste Recycled - Metals [t] - No Scope,,,True,2026/05/07 10:58,1,1.6,0.0
Cleanaway waste,Unallocated Cleanaway,18897525_Metal,,Cleanaway,Waste recycled-metal [t],Waste Recycled - Metals [t] - No Scope,,,True,2025/04/08 13:07,2,13.7,0.0
Cleanaway waste,Unallocated Cleanaway,2436921_Metal,,Cleanaway,Waste recycled-metal [t],Waste Recycled - Metals [t] - No Scope,,,True,2026/02/06 15:19,0,0.0,0.0
Cleanaway waste,Unallocated Cleanaway,2704887_Metal,,Cleanaway,Waste recycled-metal [t],Waste Recycled - Metals [t] - No Scope,,,True,2025/01/09 09:44,2,2.1,0.0
Cleanaway waste,Unallocated Cleanaway,2841241_Metal,,Cleanaway,Waste recycled-metal [t],Waste Recycled - Metals [t] - No Scope,,,True,2024/03/12 15:06,2,4.9,0.0
Cleanaway waste,Unallocated Cleanaway,3280992_Metal,,Cleanaway,Waste recycled-metal [t],Waste Recycled - Metals [t] - No Scope,,,True,2025/12/11 16:02,0,0.0,0.0
Cleanaway waste,Unallocated Cleanaway,32903182_Metal,,Cleanaway,Waste recycled-metal [t],Waste Recycled - Metals [t] - No Scope,,,True,2024/04/04 14:49,0,0.0,0.0
Cleanaway waste,Unallocated Cleanaway,32978264_Metal,,Cleanaway,Waste recycled-metal [t],Waste Recycled - Metals [t] - No Scope,,,True,2025/06/06 12:05,6,21.5,0.0
Cleanaway waste,Unallocated Cleanaway,3347794_Metal,,Cleanaway,Waste recycled-metal [t],Waste Recycled - Metals [t] - No Scope,,31 Dec 2023,False,2026/04/02 17:22,0,0.0,0.0
Cleanaway waste,Unallocated Cleanaway,3368761_Metal,,Cleanaway,Waste recycled-metal [t],Waste Recycled - Metals [t] - No Scope,,31 Dec 2023,False,2026/04/02 17:22,0,0.0,0.0
Cleanaway waste,Unallocated Cleanaway,3504159_Metal,,Cleanaway,Waste recycled-metal [t],Waste Recycled - Metals [t] - No Scope,,31 Jan 2024,False,2026/04/02 17:22,0,0.0,0.0
Cleanaway waste,Unallocated Cleanaway,3652176_Metal,,Cleanaway,Waste recycled-metal [t],Waste Recycled - Metals [t] - No Scope,,,True,2025/01/08 14:17,0,0.0,0.0
Cleanaway waste,Unallocated Cleanaway,4153086_Metal,,Cleanaway,Waste recycled-metal [t],Waste Recycled - Metals [t] - No Scope,,,True,2026/04/08 15:10,3,8.9,0.0
Cleanaway waste,Unallocated Cleanaway,4325050_Metal,,Cleanaway,Waste recycled-metal [t],Waste Recycled - Metals [t] - No Scope,,,True,2025/08/08 18:14,1,5.1,0.0
Cleanaway waste,Unallocated Cleanaway,48938734_Metal,,Cleanaway,Waste recycled-metal [t],Waste Recycled - Metals [t] - No Scope,,,True,2026/02/06 15:19,0,0.0,0.0
Cleanaway waste,Unallocated Cleanaway,48938745_Metal,,Cleanaway,Waste recycled-metal [t],Waste Recycled - Metals [t] - No Scope,,,True,2024/10/10 18:17,5,0.0,0.0
Cleanaway waste,Unallocated Cleanaway,80554322_Metal,,Cleanaway,Waste recycled-metal [t],Waste Recycled - Metals [t] - No Scope,,,True,2025/10/17 16:53,0,0.0,0.0
Cleanaway waste,Unallocated Cleanaway,80585062_Metal,,Cleanaway,Waste recycled-metal [t],Waste Recycled - Metals [t] - No Scope,,31 Oct 2024,False,2026/04/02 17:22,0,0.0,0.0
Cleanaway waste,Unallocated Cleanaway,80611802_Metal,,Cleanaway,Waste recycled-metal [t],Waste Recycled - Metals [t] - No Scope,,31 Jan 2024,False,2026/04/02 17:22,0,0.0,0.0
Cleanaway waste,Unallocated Cleanaway,80771786_Metal,,Cleanaway,Waste recycled-metal [t],Waste Recycled - Metals [t] - No Scope,,,True,2026/02/06 15:19,0,0.0,0.0
Cleanaway waste,Unallocated Cleanaway,80947257_Metal,,Cleanaway,Waste recycled-metal [t],Waste Recycled - Metals [t] - No Scope,,,True,2025/01/08 17:23,0,0.0,0.0
Cleanaway waste,Unallocated Cleanaway,80956229_Metal,,Cleanaway,Waste recycled-metal [t],Waste Recycled - Metals [t] - No Scope,,31 Oct 2023,False,2026/04/02 17:22,0,0.0,0.0
Cleanaway waste,Unallocated Cleanaway,80981073_Metal,,Cleanaway,Waste recycled-metal [t],Waste Recycled - Metals [t] - No Scope,,,True,2025/07/07 16:51,0,0.0,0.0
Cleanaway waste,Unallocated Cleanaway,80989097_Metal,,Cleanaway,Waste recycled-metal [t],Waste Recycled - Metals [t] - No Scope,,,True,2025/08/08 18:14,2,9.2,0.0
Cleanaway waste,Unallocated Cleanaway,18351438_Organic,,Cleanaway,Waste recycled-organics [t],Waste Recycled - Organics [t],,30 Apr 2024,False,2026/04/02 17:22,0,0.0,0.0
Cleanaway waste,Unallocated Cleanaway,18835184_Organic,,Cleanaway,Waste recycled-organics [t],Waste Recycled - Organics [t],,31 Jan 2024,False,2026/04/02 17:22,0,0.0,0.0
Cleanaway waste,Unallocated Cleanaway,18835217_Organic,,Cleanaway,Waste recycled-organics [t],Waste Recycled - Organics [t],,,True,2024/05/09 17:28,0,0.0,0.0
Cleanaway waste,Unallocated Cleanaway,18835592_Organic,,Cleanaway,Waste recycled-organics [t],Waste Recycled - Organics [t],,,True,2024/04/04 14:41,0,0.0,0.0
Cleanaway waste,Unallocated Cleanaway,18842646_Organic,,Cleanaway,Waste recycled-organics [t],Waste Recycled - Organics [t],,31 Jan 2024,False,2026/04/02 17:22,0,0.0,0.0
Cleanaway waste,Unallocated Cleanaway,18855212_Organic,,Cleanaway,Waste recycled-organics [t],Waste Recycled - Organics [t],,,True,2024/03/12 15:06,0,0.0,0.0
Cleanaway waste,Unallocated Cleanaway,18896611_Organic,,Cleanaway,Waste recycled-organics [t],Waste Recycled - Organics [t],,,True,2025/04/08 13:07,3,0.5,0.0
Cleanaway waste,Unallocated Cleanaway,18896687_Organic,,Cleanaway,Waste recycled-organics [t],Waste Recycled - Organics [t],,,True,2025/04/08 13:07,3,0.5,0.0
Cleanaway waste,Unallocated Cleanaway,18896808_Organic,,Cleanaway,Waste recycled-organics [t],Waste Recycled - Organics [t],,,True,2025/04/08 13:07,3,0.5,0.0
Cleanaway waste,Unallocated Cleanaway,18897359_Organic,,Cleanaway,Waste recycled-organics [t],Waste Recycled - Organics [t],,,True,2025/04/08 13:07,3,0.9,0.0
Cleanaway waste,Unallocated Cleanaway,18897371_Organic,,Cleanaway,Waste recycled-organics [t],Waste Recycled - Organics [t],,,True,2025/04/08 13:07,3,0.1,0.0
Cleanaway waste,Unallocated Cleanaway,18897404_Organic,,Cleanaway,Waste recycled-organics [t],Waste Recycled - Organics [t],,,True,2025/04/08 13:07,3,0.1,0.0
Cleanaway waste,Unallocated Cleanaway,18897569_Organic,,Cleanaway,Waste recycled-organics [t],Waste Recycled - Organics [t],,,True,2025/04/08 13:07,3,0.4,0.0
Cleanaway waste,Unallocated Cleanaway,18897745_Organic,,Cleanaway,Waste recycled-organics [t],Waste Recycled - Organics [t],,,True,2025/04/08 13:07,3,0.2,0.0
Cleanaway waste,Unallocated Cleanaway,18897756_Organic,,Cleanaway,Waste recycled-organics [t],Waste Recycled - Organics [t],,,True,2025/04/08 13:07,3,0.2,0.0
Cleanaway waste,Unallocated Cleanaway,18897767_Organic,,Cleanaway,Waste recycled-organics [t],Waste Recycled - Organics [t],,,True,2025/04/08 13:07,3,0.2,0.0
Cleanaway waste,Unallocated Cleanaway,18897790_Organic,,Cleanaway,Waste recycled-organics [t],Waste Recycled - Organics [t],,,True,2025/04/08 13:07,3,0.2,0.0
Cleanaway waste,Unallocated Cleanaway,19475621_Organic,,Cleanaway,Waste recycled-organics [t],Waste Recycled - Organics [t],,,True,2024/08/09 09:34,1,0.0,0.0
Cleanaway waste,Unallocated Cleanaway,32978264_Organic,,Cleanaway,Waste recycled-organics [t],Waste Recycled - Organics [t],,,True,2025/04/08 13:07,4,0.3,0.0
Cleanaway waste,Unallocated Cleanaway,48938713_Organic,,Cleanaway,Waste recycled-organics [t],Waste Recycled - Organics [t],,,True,2025/08/08 18:14,1,0.0,0.0
Cleanaway waste,Unallocated Cleanaway,48938724_Organic,,Cleanaway,Waste recycled-organics [t],Waste Recycled - Organics [t],,,True,2026/05/07 10:58,1,1.0,0.0
Cleanaway waste,Unallocated Cleanaway,48938734_Organic,,Cleanaway,Waste recycled-organics [t],Waste Recycled - Organics [t],,,True,2025/05/08 13:10,0,0.0,0.0
Cleanaway waste,Unallocated Cleanaway,48938745_Organic,,Cleanaway,Waste recycled-organics [t],Waste Recycled - Organics [t],,,True,2026/05/07 10:58,2,0.1,0.0
Cleanaway waste,Unallocated Cleanaway,48938756_Organic,,Cleanaway,Waste recycled-organics [t],Waste Recycled - Organics [t],,,True,2026/04/08 15:10,4,3.0,0.0
Cleanaway waste,Unallocated Cleanaway,49006134_Organic,,Cleanaway,Waste recycled-organics [t],Waste Recycled - Organics [t],,,True,2024/03/12 15:06,6,0.4,0.0
Cleanaway waste,Unallocated Cleanaway,49007160_Organic,,Cleanaway,Waste recycled-organics [t],Waste Recycled - Organics [t],,,True,2024/03/12 15:06,3,0.0,0.0
Cleanaway waste,Unallocated Cleanaway,49076973_Organic,,Cleanaway,Waste recycled-organics [t],Waste Recycled - Organics [t],,29 Feb 2024,False,2026/04/02 17:22,0,0.0,0.0
Cleanaway waste,Unallocated Cleanaway,49123706_Organic,,Cleanaway,Waste recycled-organics [t],Waste Recycled - Organics [t],,,True,2025/10/17 16:00,6,0.0,0.0
Cleanaway waste,Unallocated Cleanaway,49165877_Organic,,Cleanaway,Waste recycled-organics [t],Waste Recycled - Organics [t],,,True,2025/01/08 14:17,5,0.5,0.0
Cleanaway waste,Unallocated Cleanaway,49199714_Organic,,Cleanaway,Waste recycled-organics [t],Waste Recycled - Organics [t],,,True,2025/12/11 17:24,6,0.0,0.0
Cleanaway waste,Unallocated Cleanaway,73394303_Organic,,Cleanaway,Waste recycled-organics [t],Waste Recycled - Organics [t],,,True,2025/03/07 21:32,0,0.0,0.0
Cleanaway waste,Unallocated Cleanaway,73658148_Organic,,Cleanaway,Waste recycled-organics [t],Waste Recycled - Organics [t],,,True,2026/07/08 16:57,3,0.3,0.0
Cleanaway waste,Unallocated Cleanaway,80554091_Organic,,Cleanaway,Waste recycled-organics [t],Waste Recycled - Organics [t],,,True,2024/04/04 14:41,5,0.2,0.0
Cleanaway waste,Unallocated Cleanaway,80663528_Organic,,Cleanaway,Waste recycled-organics [t],Waste Recycled - Organics [t],,,True,2025/05/08 13:10,4,2.6,0.0
Cleanaway waste,Unallocated Cleanaway,80760599_Organic,,Cleanaway,Waste recycled-organics [t],Waste Recycled - Organics [t],,,True,2024/04/04 15:03,6,0.4,0.0
Cleanaway waste,Unallocated Cleanaway,80823568_Organic,,Cleanaway,Waste recycled-organics [t],Waste Recycled - Organics [t],,,True,2024/03/12 15:06,6,1.5,0.0
Cleanaway waste,Unallocated Cleanaway,80856701_Organic,,Cleanaway,Waste recycled-organics [t],Waste Recycled - Organics [t],,,True,2025/04/08 13:07,2,0.0,0.0
Cleanaway waste,Unallocated Cleanaway,82224062_Organic,,Cleanaway,Waste recycled-organics [t],Waste Recycled - Organics [t],,,True,2024/08/09 09:34,0,0.0,0.0
Cleanaway waste,Unallocated Cleanaway,18381440_Plastic,,Cleanaway,Waste recycled-plastics [t],Waste Recycled - Plastic - Average Plastics [t],,29 Feb 2024,False,2026/04/02 17:22,0,0.0,0.0
Cleanaway waste,Unallocated Cleanaway,18437620_Plastic,,Cleanaway,Waste recycled-plastics [t],Waste Recycled - Plastic - Average Plastics [t],,30 Nov 2023,False,2026/04/02 17:22,0,0.0,0.0
Cleanaway waste,Unallocated Cleanaway,18897569_Plastic,,Cleanaway,Waste recycled-plastics [t],Waste Recycled - Plastic - Average Plastics [t],,,True,2026/05/07 10:58,3,0.1,0.0
Cleanaway waste,Unallocated Cleanaway,19475621_Plastic,,Cleanaway,Waste recycled-plastics [t],Waste Recycled - Plastic - Average Plastics [t],,,True,2025/04/08 13:07,0,0.0,0.0
Cleanaway waste,Unallocated Cleanaway,4451575_Plastic,,Cleanaway,Waste recycled-plastics [t],Waste Recycled - Plastic - Average Plastics [t],,,True,2026/09/07 16:22,3,0.0,0.0
Cleanaway waste,Unallocated Cleanaway,48766306_Plastic,,Cleanaway,Waste recycled-plastics [t],Waste Recycled - Plastic - Average Plastics [t],,,True,2024/03/12 15:06,2,0.2,0.0
Cleanaway waste,Unallocated Cleanaway,49200211_Plastic,,Cleanaway,Waste recycled-plastics [t],Waste Recycled - Plastic - Average Plastics [t],,,True,2026/01/08 13:50,5,8.1,0.0
Cleanaway waste,Unallocated Cleanaway,80719024_Plastic,,Cleanaway,Waste recycled-plastics [t],Waste Recycled - Plastic - Average Plastics [t],,,True,2025/05/08 13:10,0,0.0,0.0
Cleanaway waste,Unallocated Cleanaway,80913927_Plastic,,Cleanaway,Waste recycled-plastics [t],Waste Recycled - Plastic - Average Plastics [t],,,True,2024/03/12 15:06,6,0.5,0.0
Cleanaway waste,Unallocated Cleanaway,80947257_Plastic,,Cleanaway,Waste recycled-plastics [t],Waste Recycled - Plastic - Average Plastics [t],,,True,2025/06/06 12:05,0,0.0,0.0
Cleanaway waste,Unallocated Cleanaway,82156861_Plastic,,Cleanaway,Waste recycled-plastics [t],Waste Recycled - Plastic - Average Plastics [t],,,True,2024/03/12 15:06,6,1.7,0.0
Cleanaway waste,Unallocated Cleanaway,82206878_Plastic,,Cleanaway,Waste recycled-plastics [t],Waste Recycled - Plastic - Average Plastics [t],,,True,2024/03/12 15:06,6,21.2,0.0
Cleanaway waste,Unallocated Cleanaway,10365173_Timber,,Cleanaway,Waste recycled-timber [t],Waste Recycled - Timber [t],,31 Mar 2024,False,2026/04/02 17:22,0,0.0,0.0
Cleanaway waste,Unallocated Cleanaway,1364748_Timber,,Cleanaway,Waste recycled-timber [t],Waste Recycled - Timber [t],,31 Jul 2024,False,2026/04/02 17:22,0,0.0,0.0
Cleanaway waste,Unallocated Cleanaway,13832796_Timber,,Cleanaway,Waste recycled-timber [t],Waste Recycled - Timber [t],,,True,2026/07/08 16:57,3,17.9,0.0
Cleanaway waste,Unallocated Cleanaway,18767091_Timber,,Cleanaway,Waste recycled-timber [t],Waste Recycled - Timber [t],,,True,2025/10/17 16:53,0,0.0,0.0
Cleanaway waste,Unallocated Cleanaway,18835768_Timber,,Cleanaway,Waste recycled-timber [t],Waste Recycled - Timber [t],,,True,2025/02/07 17:37,0,0.0,0.0
Cleanaway waste,Unallocated Cleanaway,18836530_Timber,,Cleanaway,Waste recycled-timber [t],Waste Recycled - Timber [t],,,True,2024/03/12 15:06,0,0.0,0.0
Cleanaway waste,Unallocated Cleanaway,18879239_Timber,,Cleanaway,Waste recycled-timber [t],Waste Recycled - Timber [t],,29 Feb 2024,False,2026/04/02 17:22,0,0.0,0.0
Cleanaway waste,Unallocated Cleanaway,18896941_Timber,,Cleanaway,Waste recycled-timber [t],Waste Recycled - Timber [t],,,True,2025/04/08 13:07,3,1.1,0.0
Cleanaway waste,Unallocated Cleanaway,18897525_Timber,,Cleanaway,Waste recycled-timber [t],Waste Recycled - Timber [t],,,True,2025/04/08 13:07,3,4.3,0.0
Cleanaway waste,Unallocated Cleanaway,2294079_Timber,,Cleanaway,Waste recycled-timber [t],Waste Recycled - Timber [t],,,True,2024/04/04 15:03,0,0.0,0.0
Cleanaway waste,Unallocated Cleanaway,2704887_Timber,,Cleanaway,Waste recycled-timber [t],Waste Recycled - Timber [t],,,True,2025/01/08 16:30,0,0.0,0.0
Cleanaway waste,Unallocated Cleanaway,2841241_Timber,,Cleanaway,Waste recycled-timber [t],Waste Recycled - Timber [t],,,True,2024/03/12 15:06,3,3.5,0.0
Cleanaway waste,Unallocated Cleanaway,32903182_Timber,,Cleanaway,Waste recycled-timber [t],Waste Recycled - Timber [t],,30 Sep 2024,False,2026/04/02 17:22,0,0.0,0.0
Cleanaway waste,Unallocated Cleanaway,32978264_Timber,,Cleanaway,Waste recycled-timber [t],Waste Recycled - Timber [t],,,True,2025/04/08 13:07,6,8.8,0.0
Cleanaway waste,Unallocated Cleanaway,3368761_Timber,,Cleanaway,Waste recycled-timber [t],Waste Recycled - Timber [t],,30 Nov 2023,False,2026/04/02 17:22,0,0.0,0.0
Cleanaway waste,Unallocated Cleanaway,3504159_Timber,,Cleanaway,Waste recycled-timber [t],Waste Recycled - Timber [t],,30 Nov 2023,False,2026/04/02 17:22,0,0.0,0.0
Cleanaway waste,Unallocated Cleanaway,3652176_Timber,,Cleanaway,Waste recycled-timber [t],Waste Recycled - Timber [t],,,True,2025/01/08 14:17,0,0.0,0.0
Cleanaway waste,Unallocated Cleanaway,4153086_Timber,,Cleanaway,Waste recycled-timber [t],Waste Recycled - Timber [t],,,True,2026/05/07 10:58,1,2.1,0.0
Cleanaway waste,Unallocated Cleanaway,4321975_Timber,,Cleanaway,Waste recycled-timber [t],Waste Recycled - Timber [t],,,True,2025/08/08 18:14,0,0.0,0.0
Cleanaway waste,Unallocated Cleanaway,4325050_Timber,,Cleanaway,Waste recycled-timber [t],Waste Recycled - Timber [t],,,True,2025/07/07 16:51,2,2.5,0.0
Cleanaway waste,Unallocated Cleanaway,4395704_Timber,,Cleanaway,Waste recycled-timber [t],Waste Recycled - Timber [t],,,True,2025/08/08 18:14,0,0.0,0.0
Cleanaway waste,Unallocated Cleanaway,453718_Timber,,Cleanaway,Waste recycled-timber [t],Waste Recycled - Timber [t],,,True,2026/02/06 15:19,0,0.0,0.0
Cleanaway waste,Unallocated Cleanaway,48789055_Timber,,Cleanaway,Waste recycled-timber [t],Waste Recycled - Timber [t],,,True,2025/01/08 16:30,0,0.0,0.0
Cleanaway waste,Unallocated Cleanaway,48938702_Timber,,Cleanaway,Waste recycled-timber [t],Waste Recycled - Timber [t],,,True,2025/12/11 16:02,0,0.0,0.0
Cleanaway waste,Unallocated Cleanaway,48949966_Timber,,Cleanaway,Waste recycled-timber [t],Waste Recycled - Timber [t],,30 Apr 2024,False,2026/04/02 17:22,0,0.0,0.0
Cleanaway waste,Unallocated Cleanaway,49118945_Timber,,Cleanaway,Waste recycled-timber [t],Waste Recycled - Timber [t],,30 Nov 2023,False,2026/04/02 17:22,0,0.0,0.0
Cleanaway waste,Unallocated Cleanaway,49121436_Timber,,Cleanaway,Waste recycled-timber [t],Waste Recycled - Timber [t],,31 Mar 2024,False,2026/04/02 17:22,0,0.0,0.0
Cleanaway waste,Unallocated Cleanaway,49169834_Timber,,Cleanaway,Waste recycled-timber [t],Waste Recycled - Timber [t],,31 Dec 2024,False,2026/04/02 17:22,0,0.0,0.0
Cleanaway waste,Unallocated Cleanaway,49199714_Timber,,Cleanaway,Waste recycled-timber [t],Waste Recycled - Timber [t],,,True,2026/05/07 10:58,1,1.1,0.0
Cleanaway waste,Unallocated Cleanaway,49200211_Timber,,Cleanaway,Waste recycled-timber [t],Waste Recycled - Timber [t],,,True,2025/12/11 17:24,6,7.3,0.0
Cleanaway waste,Unallocated Cleanaway,53129756_Timber,,Cleanaway,Waste recycled-timber [t],Waste Recycled - Timber [t],,,True,2024/04/04 14:49,1,0.8,0.0
Cleanaway waste,Unallocated Cleanaway,53788279_Timber,,Cleanaway,Waste recycled-timber [t],Waste Recycled - Timber [t],,,True,2024/06/07 13:03,0,0.0,0.0
Cleanaway waste,Unallocated Cleanaway,73394303_Timber,,Cleanaway,Waste recycled-timber [t],Waste Recycled - Timber [t],,,True,2026/05/07 10:58,1,0.0,0.0
Cleanaway waste,Unallocated Cleanaway,73472405_Timber,,Cleanaway,Waste recycled-timber [t],Waste Recycled - Timber [t],,30 Jun 2024,False,2026/04/02 17:22,0,0.0,0.0
Cleanaway waste,Unallocated Cleanaway,73573377_Timber,,Cleanaway,Waste recycled-timber [t],Waste Recycled - Timber [t],,30 Jun 2024,False,2026/04/02 17:22,0,0.0,0.0
Cleanaway waste,Unallocated Cleanaway,73620310_Timber,,Cleanaway,Waste recycled-timber [t],Waste Recycled - Timber [t],,,True,2025/10/17 16:00,1,0.9,0.0
Cleanaway waste,Unallocated Cleanaway,73724457_Timber,,Cleanaway,Waste recycled-timber [t],Waste Recycled - Timber [t],,,True,2026/09/07 16:22,1,0.0,0.0
Cleanaway waste,Unallocated Cleanaway,80554322_Timber,,Cleanaway,Waste recycled-timber [t],Waste Recycled - Timber [t],,31 Jan 2024,False,2026/04/02 17:22,0,0.0,0.0
Cleanaway waste,Unallocated Cleanaway,80611802_Timber,,Cleanaway,Waste recycled-timber [t],Waste Recycled - Timber [t],,,True,2024/04/04 14:41,2,1.5,0.0
Cleanaway waste,Unallocated Cleanaway,80663528_Timber,,Cleanaway,Waste recycled-timber [t],Waste Recycled - Timber [t],,31 Dec 2024,False,2026/04/02 17:22,0,0.0,0.0
Cleanaway waste,Unallocated Cleanaway,80684734_Timber,,Cleanaway,Waste recycled-timber [t],Waste Recycled - Timber [t],,,True,2026/07/08 16:57,3,21.8,0.0
Cleanaway waste,Unallocated Cleanaway,80771786_Timber,,Cleanaway,Waste recycled-timber [t],Waste Recycled - Timber [t],,,True,2024/05/09 17:28,1,1.3,0.0
Cleanaway waste,Unallocated Cleanaway,80806991_Timber,,Cleanaway,Waste recycled-timber [t],Waste Recycled - Timber [t],,31 Jan 2024,False,2026/04/02 17:22,0,0.0,0.0
Cleanaway waste,Unallocated Cleanaway,80823645_Timber,,Cleanaway,Waste recycled-timber [t],Waste Recycled - Timber [t],,,True,2024/03/12 15:06,5,2.8,0.0
Cleanaway waste,Unallocated Cleanaway,80940865_Timber,,Cleanaway,Waste recycled-timber [t],Waste Recycled - Timber [t],,31 Jan 2024,False,2026/04/02 17:22,0,0.0,0.0
Cleanaway waste,Unallocated Cleanaway,80947257_Timber,,Cleanaway,Waste recycled-timber [t],Waste Recycled - Timber [t],,,True,2025/02/07 17:37,1,2.2,0.0
Cleanaway waste,Unallocated Cleanaway,82147404_Timber,,Cleanaway,Waste recycled-timber [t],Waste Recycled - Timber [t],,,True,2026/04/08 15:10,1,0.9,0.0
Cleanaway waste,Unallocated Cleanaway,82259432_Timber,,Cleanaway,Waste recycled-timber [t],Waste Recycled - Timber [t],,,True,2025/03/07 21:32,0,0.0,0.0
Cleanaway waste,Unallocated Cleanaway,82268151_Timber,,Cleanaway,Waste recycled-timber [t],Waste Recycled - Timber [t],,,True,2025/08/08 18:14,0,0.0,0.0
Cleanaway waste,Unallocated Cleanaway,82305405_Timber,,Cleanaway,Waste recycled-timber [t],Waste Recycled - Timber [t],,,True,2026/04/08 15:10,6,12.1,0.0
Cleanaway waste,Unallocated Cleanaway,116962_Waste Oil,,Cleanaway,Waste recycled-waste oil [t],Waste Recycled - Waste Oil [t],,31 Mar 2024,False,2026/04/02 17:22,0,0.0,0.0
Cleanaway waste,Unallocated Cleanaway,130806_Waste Oil,,Cleanaway,Waste recycled-waste oil [t],Waste Recycled - Waste Oil [t],,,True,2025/05/08 13:10,0,0.0,0.0
Cleanaway waste,Unallocated Cleanaway,173354_Waste Oil,,Cleanaway,Waste recycled-waste oil [t],Waste Recycled - Waste Oil [t],,31 Mar 2024,False,2026/04/02 17:22,0,0.0,0.0
Cleanaway waste,Unallocated Cleanaway,2235724_Waste Oil,,Cleanaway,Waste recycled-waste oil [t],Waste Recycled - Waste Oil [t],,,True,2024/03/12 15:06,2,3.7,0.0
Cleanaway waste,Unallocated Cleanaway,2292045_Waste Oil,,Cleanaway,Waste recycled-waste oil [t],Waste Recycled - Waste Oil [t],,,True,2025/05/08 13:10,0,0.0,0.0
Cleanaway waste,Unallocated Cleanaway,2294082_Waste Oil,,Cleanaway,Waste recycled-waste oil [t],Waste Recycled - Waste Oil [t],,,True,2024/03/12 15:06,0,0.0,0.0
Cleanaway waste,Unallocated Cleanaway,2296431_Waste Oil,,Cleanaway,Waste recycled-waste oil [t],Waste Recycled - Waste Oil [t],,,True,2025/12/11 17:24,0,0.0,0.0
Cleanaway waste,Unallocated Cleanaway,2299405_Waste Oil,,Cleanaway,Waste recycled-waste oil [t],Waste Recycled - Waste Oil [t],,,True,2024/04/04 14:49,5,70.6,0.0
Cleanaway waste,Unallocated Cleanaway,2325997_Waste Oil,,Cleanaway,Waste recycled-waste oil [t],Waste Recycled - Waste Oil [t],,,True,2026/07/08 16:57,2,3.1,0.0
Cleanaway waste,Unallocated Cleanaway,2436921_Waste Oil,,Cleanaway,Waste recycled-waste oil [t],Waste Recycled - Waste Oil [t],,31 May 2024,False,2026/04/02 17:22,0,0.0,0.0
Cleanaway waste,Unallocated Cleanaway,2952168_Waste Oil,,Cleanaway,Waste recycled-waste oil [t],Waste Recycled - Waste Oil [t],,,True,2026/07/08 16:57,2,0.0,0.0
Cleanaway waste,Unallocated Cleanaway,2974316_Waste Oil,,Cleanaway,Waste recycled-waste oil [t],Waste Recycled - Waste Oil [t],,31 Dec 2023,False,2026/04/02 17:22,0,0.0,0.0
Cleanaway waste,Unallocated Cleanaway,309202_Waste Oil,,Cleanaway,Waste recycled-waste oil [t],Waste Recycled - Waste Oil [t],,30 Sep 2024,False,2026/04/02 17:22,0,0.0,0.0
Cleanaway waste,Unallocated Cleanaway,3155934_Waste Oil,,Cleanaway,Waste recycled-waste oil [t],Waste Recycled - Waste Oil [t],,29 Feb 2024,False,2026/04/02 17:22,0,0.0,0.0
Cleanaway waste,Unallocated Cleanaway,3199083_Waste Oil,,Cleanaway,Waste recycled-waste oil [t],Waste Recycled - Waste Oil [t],,,True,2026/07/08 16:57,1,0.7,0.0
Cleanaway waste,Unallocated Cleanaway,3368761_Waste Oil,,Cleanaway,Waste recycled-waste oil [t],Waste Recycled - Waste Oil [t],,30 Jun 2024,False,2026/04/02 17:22,0,0.0,0.0
Cleanaway waste,Unallocated Cleanaway,3504159_Waste Oil,,Cleanaway,Waste recycled-waste oil [t],Waste Recycled - Waste Oil [t],,31 May 2024,False,2026/04/02 17:22,0,0.0,0.0
Cleanaway waste,Unallocated Cleanaway,364396_Waste Oil,,Cleanaway,Waste recycled-waste oil [t],Waste Recycled - Waste Oil [t],,,True,2024/03/12 15:06,5,14.2,0.0
Cleanaway waste,Unallocated Cleanaway,3767518_Waste Oil,,Cleanaway,Waste recycled-waste oil [t],Waste Recycled - Waste Oil [t],,,True,2025/04/08 13:07,0,0.0,0.0
Cleanaway waste,Unallocated Cleanaway,3840151_Waste Oil,,Cleanaway,Waste recycled-waste oil [t],Waste Recycled - Waste Oil [t],,,True,2026/04/08 15:10,1,0.2,0.0
Cleanaway waste,Unallocated Cleanaway,3840159_Waste Oil,,Cleanaway,Waste recycled-waste oil [t],Waste Recycled - Waste Oil [t],,,True,2025/07/07 16:51,0,0.0,0.0
Cleanaway waste,Unallocated Cleanaway,3840161_Waste Oil,,Cleanaway,Waste recycled-waste oil [t],Waste Recycled - Waste Oil [t],,31 Oct 2024,False,2026/04/02 17:22,0,0.0,0.0
Cleanaway waste,Unallocated Cleanaway,3840167_Waste Oil,,Cleanaway,Waste recycled-waste oil [t],Waste Recycled - Waste Oil [t],,,True,2025/05/08 13:10,0,0.0,0.0
Cleanaway waste,Unallocated Cleanaway,3840171_Waste Oil,,Cleanaway,Waste recycled-waste oil [t],Waste Recycled - Waste Oil [t],,,True,2025/01/08 17:23,0,0.0,0.0
Cleanaway waste,Unallocated Cleanaway,3840173_Waste Oil,,Cleanaway,Waste recycled-waste oil [t],Waste Recycled - Waste Oil [t],,,True,2025/01/08 17:23,0,0.0,0.0
Cleanaway waste,Unallocated Cleanaway,3840180_Waste Oil,,Cleanaway,Waste recycled-waste oil [t],Waste Recycled - Waste Oil [t],,,True,2024/04/04 14:41,1,0.4,0.0
Cleanaway waste,Unallocated Cleanaway,3840184_Waste Oil,,Cleanaway,Waste recycled-waste oil [t],Waste Recycled - Waste Oil [t],,30 Nov 2024,False,2026/04/02 17:22,0,0.0,0.0
Cleanaway waste,Unallocated Cleanaway,4062502_Waste Oil,,Cleanaway,Waste recycled-waste oil [t],Waste Recycled - Waste Oil [t],,30 Jun 2024,False,2026/04/02 17:22,0,0.0,0.0
Cleanaway waste,Unallocated Cleanaway,4199872_Waste Oil,,Cleanaway,Waste recycled-waste oil [t],Waste Recycled - Waste Oil [t],,,True,2025/06/06 12:05,0,0.0,0.0
Cleanaway waste,Unallocated Cleanaway,436904_Waste Oil,,Cleanaway,Waste recycled-waste oil [t],Waste Recycled - Waste Oil [t],,,True,2025/01/09 09:44,5,4.2,0.0
Cleanaway waste,Unallocated Cleanaway,4370688_Waste Oil,,Cleanaway,Waste recycled-waste oil [t],Waste Recycled - Waste Oil [t],,,True,2025/06/06 12:05,0,0.0,0.0
Cleanaway waste,Unallocated Cleanaway,4428261_Waste Oil,,Cleanaway,Waste recycled-waste oil [t],Waste Recycled - Waste Oil [t],,,True,2025/10/17 16:53,0,0.0,0.0
Cleanaway waste,Unallocated Cleanaway,53129756_Waste Oil,,Cleanaway,Waste recycled-waste oil [t],Waste Recycled - Waste Oil [t],,,True,2024/03/12 15:06,1,1.0,0.0
Cleanaway waste,Unallocated Cleanaway,60189508_Waste Oil,,Cleanaway,Waste recycled-waste oil [t],Waste Recycled - Waste Oil [t],,,True,2025/01/08 17:23,1,1.0,0.0
Cleanaway waste,Unallocated Cleanaway,60316405_Waste Oil,,Cleanaway,Waste recycled-waste oil [t],Waste Recycled - Waste Oil [t],,,True,2025/04/08 13:07,0,0.0,0.0
Cleanaway waste,Unallocated Cleanaway,63206_Waste Oil,,Cleanaway,Waste recycled-waste oil [t],Waste Recycled - Waste Oil [t],,31 Dec 2024,False,2026/04/02 17:22,0,0.0,0.0
Cleanaway waste,Unallocated Cleanaway,73037695_Waste Oil,,Cleanaway,Waste recycled-waste oil [t],Waste Recycled - Waste Oil [t],,,True,2025/08/08 18:14,0,0.0,0.0
Cleanaway waste,Unallocated Cleanaway,73573377_Waste Oil,,Cleanaway,Waste recycled-waste oil [t],Waste Recycled - Waste Oil [t],,,True,2026/05/07 10:58,1,0.2,0.0
Cleanaway waste,Unallocated Cleanaway,901627_Waste Oil,,Cleanaway,Waste recycled-waste oil [t],Waste Recycled - Waste Oil [t],,30 Nov 2023,False,2026/04/02 17:22,0,0.0,0.0
Cleanaway waste,Unallocated Cleanaway,919506_Waste Oil,,Cleanaway,Waste recycled-waste oil [t],Waste Recycled - Waste Oil [t],,,True,2024/03/12 15:06,2,4.7,0.0
Cleanaway waste,Unallocated Cleanaway,178826_Liquid - Grease Trap,,Cleanaway,Waste-Grease Traps [t],Waste - Grease Traps [t],,,True,2024/04/04 14:41,2,6.0,0.0
Cleanaway waste,Unallocated Cleanaway,18828153_Liquid - Grease Trap,,Cleanaway,Waste-Grease Traps [t],Waste - Grease Traps [t],,,True,2026/08/07 12:01,1,2.5,0.0
Cleanaway waste,Unallocated Cleanaway,18835427_Liquid - Grease Trap,,Cleanaway,Waste-Grease Traps [t],Waste - Grease Traps [t],,31 Jul 2024,False,2026/04/02 17:22,0,0.0,0.0
Cleanaway waste,Unallocated Cleanaway,18837345_Liquid - Grease Trap,,Cleanaway,Waste-Grease Traps [t],Waste - Grease Traps [t],,,True,2024/03/12 15:06,0,0.0,0.0
Cleanaway waste,Unallocated Cleanaway,18837388_Liquid - Grease Trap,,Cleanaway,Waste-Grease Traps [t],Waste - Grease Traps [t],,,True,2024/03/12 15:06,0,0.0,0.0
Cleanaway waste,Unallocated Cleanaway,18880639_Liquid - Grease Trap,,Cleanaway,Waste-Grease Traps [t],Waste - Grease Traps [t],,,True,2024/04/04 14:41,0,0.0,0.0
Cleanaway waste,Unallocated Cleanaway,18887506_Liquid - Grease Trap,,Cleanaway,Waste-Grease Traps [t],Waste - Grease Traps [t],,30 Sep 2024,False,2026/04/02 17:22,0,0.0,0.0
Cleanaway waste,Unallocated Cleanaway,18890768_Liquid - Grease Trap,,Cleanaway,Waste-Grease Traps [t],Waste - Grease Traps [t],,,True,2024/10/10 18:17,0,0.0,0.0
Cleanaway waste,Unallocated Cleanaway,18896599_Liquid - Grease Trap,,Cleanaway,Waste-Grease Traps [t],Waste - Grease Traps [t],,,True,2025/04/08 13:07,2,4.0,0.0
Cleanaway waste,Unallocated Cleanaway,18896600_Liquid - Grease Trap,,Cleanaway,Waste-Grease Traps [t],Waste - Grease Traps [t],,,True,2025/04/08 13:07,0,0.0,0.0
Cleanaway waste,Unallocated Cleanaway,18897051_Liquid - Grease Trap,,Cleanaway,Waste-Grease Traps [t],Waste - Grease Traps [t],,,True,2025/06/06 12:05,0,0.0,0.0
Cleanaway waste,Unallocated Cleanaway,18897283_Liquid - Grease Trap,,Cleanaway,Waste-Grease Traps [t],Waste - Grease Traps [t],,,True,2025/04/08 13:07,2,8.0,0.0
Cleanaway waste,Unallocated Cleanaway,18897294_Liquid - Grease Trap,,Cleanaway,Waste-Grease Traps [t],Waste - Grease Traps [t],,,True,2025/12/11 17:24,2,2.0,0.0
Cleanaway waste,Unallocated Cleanaway,18897679_Liquid - Grease Trap,,Cleanaway,Waste-Grease Traps [t],Waste - Grease Traps [t],,,True,2025/04/08 13:07,2,3.0,0.0
Cleanaway waste,Unallocated Cleanaway,18897680_Liquid - Grease Trap,,Cleanaway,Waste-Grease Traps [t],Waste - Grease Traps [t],,,True,2025/04/08 13:07,2,4.0,0.0
Cleanaway waste,Unallocated Cleanaway,18897702_Liquid - Grease Trap,,Cleanaway,Waste-Grease Traps [t],Waste - Grease Traps [t],,,True,2025/04/08 13:07,2,4.0,0.0
Cleanaway waste,Unallocated Cleanaway,18898021_Liquid - Grease Trap,,Cleanaway,Waste-Grease Traps [t],Waste - Grease Traps [t],,,True,2025/12/11 17:24,0,0.0,0.0
Cleanaway waste,Unallocated Cleanaway,18898065_Liquid - Grease Trap,,Cleanaway,Waste-Grease Traps [t],Waste - Grease Traps [t],,,True,2025/06/06 12:05,0,0.0,0.0
Cleanaway waste,Unallocated Cleanaway,18900303_Liquid - Grease Trap,,Cleanaway,Waste-Grease Traps [t],Waste - Grease Traps [t],,,True,2025/06/06 12:05,0,0.0,0.0
Cleanaway waste,Unallocated Cleanaway,2112507_Liquid - Grease Trap,,Cleanaway,Waste-Grease Traps [t],Waste - Grease Traps [t],,,True,2024/05/09 17:28,2,1.5,0.0
Cleanaway waste,Unallocated Cleanaway,2113842_Liquid - Grease Trap,,Cleanaway,Waste-Grease Traps [t],Waste - Grease Traps [t],,,True,2025/01/08 16:30,1,0.0,0.0
Cleanaway waste,Unallocated Cleanaway,219987_Liquid - Grease Trap,,Cleanaway,Waste-Grease Traps [t],Waste - Grease Traps [t],,31 Jan 2024,False,2026/04/02 17:22,0,0.0,0.0
Cleanaway waste,Unallocated Cleanaway,2290758_Liquid - Grease Trap,,Cleanaway,Waste-Grease Traps [t],Waste - Grease Traps [t],,,True,2026/04/08 15:10,3,48.6,0.0
Cleanaway waste,Unallocated Cleanaway,2657384_Liquid - Grease Trap,,Cleanaway,Waste-Grease Traps [t],Waste - Grease Traps [t],,30 Apr 2024,False,2026/04/02 17:22,0,0.0,0.0
Cleanaway waste,Unallocated Cleanaway,2782816_Liquid - Grease Trap,,Cleanaway,Waste-Grease Traps [t],Waste - Grease Traps [t],,,True,2024/04/04 14:41,1,0.0,0.0
Cleanaway waste,Unallocated Cleanaway,27974608_Liquid - Grease Trap,,Cleanaway,Waste-Grease Traps [t],Waste - Grease Traps [t],,31 May 2024,False,2026/04/02 17:22,0,0.0,0.0
Cleanaway waste,Unallocated Cleanaway,2974316_Liquid - Grease Trap,,Cleanaway,Waste-Grease Traps [t],Waste - Grease Traps [t],,,True,2024/03/12 15:06,4,3.0,0.0
Cleanaway waste,Unallocated Cleanaway,2976550_Liquid - Grease Trap,,Cleanaway,Waste-Grease Traps [t],Waste - Grease Traps [t],,,True,2026/09/07 16:22,1,2.3,0.0
Cleanaway waste,Unallocated Cleanaway,3241181_Liquid - Grease Trap,,Cleanaway,Waste-Grease Traps [t],Waste - Grease Traps [t],,,True,2024/04/04 15:03,2,28.6,0.0
Cleanaway waste,Unallocated Cleanaway,3830488_Liquid - Grease Trap,,Cleanaway,Waste-Grease Traps [t],Waste - Grease Traps [t],,30 Apr 2024,False,2026/04/02 17:22,0,0.0,0.0
Cleanaway waste,Unallocated Cleanaway,3840180_Liquid - Grease Trap,,Cleanaway,Waste-Grease Traps [t],Waste - Grease Traps [t],,,True,2025/10/17 16:53,0,0.0,0.0
Cleanaway waste,Unallocated Cleanaway,3840184_Liquid - Grease Trap,,Cleanaway,Waste-Grease Traps [t],Waste - Grease Traps [t],,,True,2024/04/04 14:49,0,0.0,0.0
Cleanaway waste,Unallocated Cleanaway,3992261_Liquid - Grease Trap,,Cleanaway,Waste-Grease Traps [t],Waste - Grease Traps [t],,31 Dec 2024,False,2026/04/02 17:22,0,0.0,0.0
Cleanaway waste,Unallocated Cleanaway,436904_Liquid - Grease Trap,,Cleanaway,Waste-Grease Traps [t],Waste - Grease Traps [t],,30 Jun 2024,False,2026/04/02 17:22,0,0.0,0.0
Cleanaway waste,Unallocated Cleanaway,4557964_Liquid - Grease Trap,,Cleanaway,Waste-Grease Traps [t],Waste - Grease Traps [t],,,True,2025/12/11 17:24,0,0.0,0.0
Cleanaway waste,Unallocated Cleanaway,4609450_Liquid - Grease Trap,,Cleanaway,Waste-Grease Traps [t],Waste - Grease Traps [t],,,True,2026/02/06 15:19,0,0.0,0.0
Cleanaway waste,Unallocated Cleanaway,48938734_Liquid - Grease Trap,,Cleanaway,Waste-Grease Traps [t],Waste - Grease Traps [t],,,True,2025/07/07 16:51,0,0.0,0.0
Cleanaway waste,Unallocated Cleanaway,48938745_Liquid - Grease Trap,,Cleanaway,Waste-Grease Traps [t],Waste - Grease Traps [t],,,True,2025/07/07 16:51,0,0.0,0.0
Cleanaway waste,Unallocated Cleanaway,53935975_Liquid - Grease Trap,,Cleanaway,Waste-Grease Traps [t],Waste - Grease Traps [t],,,True,2024/05/09 17:28,1,2.3,0.0
Cleanaway waste,Unallocated Cleanaway,73351316_Liquid - Grease Trap,,Cleanaway,Waste-Grease Traps [t],Waste - Grease Traps [t],,,True,2024/04/04 14:49,2,6.9,0.0
Cleanaway waste,Unallocated Cleanaway,73351350_Liquid - Grease Trap,,Cleanaway,Waste-Grease Traps [t],Waste - Grease Traps [t],,,True,2024/05/09 17:28,1,2.3,0.0
Cleanaway waste,Unallocated Cleanaway,73351372_Liquid - Grease Trap,,Cleanaway,Waste-Grease Traps [t],Waste - Grease Traps [t],,,True,2024/03/12 15:06,3,9.3,0.0
Cleanaway waste,Unallocated Cleanaway,73376392_Liquid - Grease Trap,,Cleanaway,Waste-Grease Traps [t],Waste - Grease Traps [t],,,True,2024/04/09 09:39,1,6.9,0.0
Cleanaway waste,Unallocated Cleanaway,73385187_Liquid - Grease Trap,,Cleanaway,Waste-Grease Traps [t],Waste - Grease Traps [t],,30 Jun 2024,False,2026/04/02 17:22,0,0.0,0.0
Cleanaway waste,Unallocated Cleanaway,80554091_Liquid - Grease Trap,,Cleanaway,Waste-Grease Traps [t],Waste - Grease Traps [t],,,True,2026/08/07 12:01,1,2.0,0.0
Cleanaway waste,Unallocated Cleanaway,80554156_Liquid - Grease Trap,,Cleanaway,Waste-Grease Traps [t],Waste - Grease Traps [t],,,True,2026/08/07 12:01,1,3.0,0.0
Cleanaway waste,Unallocated Cleanaway,80554167_Liquid - Grease Trap,,Cleanaway,Waste-Grease Traps [t],Waste - Grease Traps [t],,,True,2026/08/07 12:01,1,1.0,0.0
Cleanaway waste,Unallocated Cleanaway,80663528_Liquid - Grease Trap,,Cleanaway,Waste-Grease Traps [t],Waste - Grease Traps [t],,,True,2025/02/07 17:37,1,5.0,0.0
Cleanaway waste,Unallocated Cleanaway,2296470_Solvents,,Cleanaway,Waste-hazardous liquid sent to hazardous waste facility [t],Waste - Hazardous (Liquid) [t],,30 Nov 2024,False,2026/04/02 17:22,0,0.0,0.0
Cleanaway waste,Unallocated Cleanaway,364396_Solvents,,Cleanaway,Waste-hazardous liquid sent to hazardous waste facility [t],Waste - Hazardous (Liquid) [t],,,True,2025/10/17 16:53,0,0.0,0.0
Cleanaway waste,Unallocated Cleanaway,3767518_Solvents,,Cleanaway,Waste-hazardous liquid sent to hazardous waste facility [t],Waste - Hazardous (Liquid) [t],,,True,2024/03/12 15:06,0,0.0,0.0
Cleanaway waste,Unallocated Cleanaway,4372130_Solvents,,Cleanaway,Waste-hazardous liquid sent to hazardous waste facility [t],Waste - Hazardous (Liquid) [t],,,True,2025/12/11 16:02,0,0.0,0.0
Cleanaway waste,Unallocated Cleanaway,10353919_Liquid - Septic,,Cleanaway,Wastewater-sewage [t],Liquid Waste - Sewage Discharge [t],,30 Sep 2024,False,2026/04/02 17:22,0,0.0,0.0
Cleanaway waste,Unallocated Cleanaway,1859355_Liquid - Septic,,Cleanaway,Wastewater-sewage [t],Liquid Waste - Sewage Discharge [t],,,True,2025/06/06 12:05,0,0.0,0.0
Cleanaway waste,Unallocated Cleanaway,2436921_Liquid - Septic,,Cleanaway,Wastewater-sewage [t],Liquid Waste - Sewage Discharge [t],,,True,2026/04/08 15:10,3,5.0,0.0
Cleanaway waste,Unallocated Cleanaway,3200229_Liquid - Septic,,Cleanaway,Wastewater-sewage [t],Liquid Waste - Sewage Discharge [t],,,True,2024/03/12 15:06,3,5.0,0.0
Cleanaway waste,Unallocated Cleanaway,331139_Liquid - Septic,,Cleanaway,Wastewater-sewage [t],Liquid Waste - Sewage Discharge [t],,,True,2024/04/04 14:49,2,8.7,0.0
Cleanaway waste,Unallocated Cleanaway,413672_Liquid - Septic,,Cleanaway,Wastewater-sewage [t],Liquid Waste - Sewage Discharge [t],,30 Sep 2024,False,2026/04/02 17:22,0,0.0,0.0
Cleanaway waste,Unallocated Cleanaway,53969526_Liquid - Septic,,Cleanaway,Wastewater-sewage [t],Liquid Waste - Sewage Discharge [t],,,True,2025/10/17 16:00,0,0.0,0.0
Cleanaway waste,Unallocated Cleanaway,53999540_Liquid - Septic,,Cleanaway,Wastewater-sewage [t],Liquid Waste - Sewage Discharge [t],,,True,2025/01/08 14:17,0,0.0,0.0
Cleanaway waste,Unallocated Cleanaway,72687_Liquid - Septic,,Cleanaway,Wastewater-sewage [t],Liquid Waste - Sewage Discharge [t],,,True,2025/01/08 14:17,0,0.0,0.0
Cleanaway waste,Unallocated Cleanaway,83076948_Liquid - Septic,,Cleanaway,Wastewater-sewage [t],Liquid Waste - Sewage Discharge [t],,,True,2025/06/06 12:05,0,0.0,0.0
Cleanaway waste,Unallocated Cleanaway,297998_Liquid - Storm Water,,Cleanaway,"Water Discharged (to stormwater, creek etc.) [t]",Water - Waste Water Discharge [t],,,True,2025/02/07 17:37,3,155.2,0.0
Cleanaway waste,Unallocated Cleanaway,309202_Liquid - Storm Water,,Cleanaway,"Water Discharged (to stormwater, creek etc.) [t]",Water - Waste Water Discharge [t],,30 Nov 2024,False,2026/04/02 17:22,0,0.0,0.0
Cleanaway waste,Unallocated Cleanaway,72729_Liquid - Storm Water,,Cleanaway,"Water Discharged (to stormwater, creek etc.) [t]",Water - Waste Water Discharge [t],,31 Dec 2023,False,2026/04/02 17:22,0,0.0,0.0
Cleanaway waste,Unallocated Cleanaway,919506_Liquid - Storm Water,,Cleanaway,"Water Discharged (to stormwater, creek etc.) [t]",Water - Waste Water Discharge [t],,,True,2026/02/06 15:19,1,0.0,0.0
Other unallocated,E&U Unallocated fuel expenses,Unallocated fuel expenses - Biodiesel B10,Downer fuel expense report,Downer - manual entry,Biodiesel B10 Transport [L],Biodiesel B10 Transport [L],,,True,2026/05/06 11:30,6,395.5,0.971
Other unallocated,E&U Unallocated fuel expenses,Unallocated fuel expenses - Biodiesel B5,Downer fuel expense report,Downer - manual entry,Biodiesel B5 - Transport,Biodiesel B5 Transport [L],,,True,2024/07/25 14:48,6,0.0,0.0
Other unallocated,E&U Unallocated fuel expenses,Unallocated fuel expenses - Diesel,Downer fuel expense report,Downer - manual entry,Diesel Transport post 2004 [L],Diesel Transport post-2004 [L],,,True,2024/07/25 14:44,6,26663.3,72.466
Other unallocated,E&U Unallocated fuel expenses,Unallocated fuel expenses - Petrol E85,Downer fuel expense report,Downer - manual entry,Fuel E85 Ethanol Transport (L),Ethanol E85 Transport [L],17 Dec 2024 ,,True,2024/12/17 12:44,6,174.9,0.071
Other unallocated,E&U Unallocated fuel expenses,Unallocated fuel expenses - Fuel Oil,Downer fuel expense report,Downer - manual entry,Fuel Oil (fuel additive) Transport [kL],Fuel Oil Transport [kL],,,True,2026/02/25 12:43,6,0.0,0.0
Other unallocated,E&U Unallocated fuel expenses,Unallocated fuel expenses - LPG stationary,Downer fuel expense report,Downer - manual entry,Liquefied Petroleum Gas (LPG) Stationary [L],Liquefied Petroleum Gas (LPG) Stationary [L],,,True,2024/07/25 14:46,6,5.1,0.008
Other unallocated,E&U Unallocated fuel expenses,Unallocated fuel expenses - Petrol,Downer fuel expense report,Downer - manual entry,Petrol (Gasoline) Transport [L],Petrol Transport [L],,,True,2024/07/25 14:44,6,13338.4,31.75
Other unallocated,E&U Unallocated fuel expenses,Unallocated fuel expenses - Petrol E10,Downer fuel expense report,Downer - manual entry,Petrol Gasoline (E10) Transport [L],Ethanol E10 Transport [L],,,True,2024/07/25 14:45,6,3430.1,7.368
Other unallocated,E&U Unallocated fuel expenses,38600006_Diesel Transport,Downer fuel expense report,,Diesel Transport post 2004 [L],Diesel Transport post-2004 [L],06 Feb 2025 ,,True,2026/03/23 13:23,6,0.0,0.0
Other unallocated,E&U Unallocated fuel expenses,38600006_Petrol Transport,Downer fuel expense report,,Petrol (Gasoline) Transport post 2004 [L],Petrol Transport post-2004 [L],06 Feb 2025 ,,True,2026/03/23 13:23,6,4.9,0.011
Other unallocated,Unallocated Accounts,100058564_Acetylene,DOWNER SITE OFFICES,BOC,Acetylene [m3] - No Accrual,Other Gaseous Fossil Fuels [m3],,,True,2026/01/09 16:10,0,0.0,0.0
Other unallocated,Unallocated Accounts,100458174_Acetylene,SPOTLESS- MAIN POOL,BOC,Acetylene [m3] - No Accrual,Other Gaseous Fossil Fuels [m3],,,True,2026/02/09 14:56,0,0.0,0.0
Other unallocated,Unallocated Accounts,100480339_Acetylene,DOWNER EDI ENGINEERING GIDGEALPA,BOC,Acetylene [m3] - No Accrual,Other Gaseous Fossil Fuels [m3],,,True,2024/07/05 08:21,0,0.0,0.0
Other unallocated,Unallocated Accounts,100574884_Acetylene,DOWNER T&I NORTH AKLD CONSTRN,BOC,Acetylene [m3] - No Accrual,Other Gaseous Fossil Fuels [m3],,,True,2026/04/07 11:45,1,0.0,0.0
Other unallocated,Unallocated Accounts,100588541_Acetylene,DOWNER EDI WORKS MACKEY,BOC,Acetylene [m3] - No Accrual,Other Gaseous Fossil Fuels [m3],,,True,2026/08/04 16:41,2,0.3,0.0
Other unallocated,Unallocated Accounts,1006152_Acetylene,DOWNER NZ LTD (RC161),BOC,Acetylene [m3] - No Accrual,Other Gaseous Fossil Fuels [m3],,,True,2025/10/15 11:09,0,0.0,0.0
Other unallocated,Unallocated Accounts,2085026_Acetylene,SPOTLESS - AA22/007A,BOC,Acetylene [m3] - No Accrual,Other Gaseous Fossil Fuels [m3],,,True,2026/07/06 09:12,1,0.0,0.0
Other unallocated,Unallocated Accounts,100017373_LPG Stationary,SPOTLESS - A201/1020 STKLD BATHURST,BOC,Liquefied Petroleum Gas (LPG) Stationary [L] - No Accrual,Liquefied Petroleum Gas (LPG) Stationary [L],,30 Nov 2024,False,2026/04/02 17:22,0,0.0,0.0
Other unallocated,Unallocated Accounts,100058677_LPG Stationary,SPOTLESS - A313/L321 RCHV BLD MGT S,BOC,Liquefied Petroleum Gas (LPG) Stationary [L] - No Accrual,Liquefied Petroleum Gas (LPG) Stationary [L],,,True,2025/08/05 17:43,0,0.0,0.0
Other unallocated,Unallocated Accounts,100480339_LPG Stationary,DOWNER EDI ENGINEERING GIDGEALPA,BOC,Liquefied Petroleum Gas (LPG) Stationary [L] - No Accrual,Liquefied Petroleum Gas (LPG) Stationary [L],,,True,2024/06/06 18:06,0,0.0,0.0
Other unallocated,Unallocated Accounts,100588541_LPG Stationary,DOWNER EDI WORKS MACKEY,BOC,Liquefied Petroleum Gas (LPG) Stationary [L] - No Accrual,Liquefied Petroleum Gas (LPG) Stationary [L],,,True,2026/07/06 09:12,2,241.1,0.376
Other unallocated,Unallocated Accounts,1411257_LPG Stationary,DOWNER EDI WORKS PTY LTD,BOC,Liquefied Petroleum Gas (LPG) Stationary [L] - No Accrual,Liquefied Petroleum Gas (LPG) Stationary [L],,,True,2026/07/06 09:12,1,0.0,0.0
Other unallocated,Unallocated Accounts,16017960_Diesel,16017960,FTC Finance Report,Diesel Transport post 2004 [L],Diesel Transport post-2004 [L],,30 Dec 1899,False,2026/04/02 17:22,0,0.0,0.0
Other unallocated,Unallocated Accounts,170944_Petrol,170944,FTC Finance Report,Petrol (Gasoline) Transport post 2004 [L],Petrol Transport post-2004 [L],,,True,2026/04/15 10:08,0,0.0,0.0
Other unallocated,Unallocated Accounts,Diesel_2489625_Stationary,DFOA DOWNER EDI WKS-LISMORE GOONELLABAH,Viva Energy,Diesel Stationary [L] - No Accrual,Diesel Stationary [L],,,True,2026/08/06 09:58,2,29999.0,81.289
Other unallocated,Unallocated Plant OSM,66210_Diesel Stationary,,Downer,Diesel Stationary - L,Diesel Stationary [L],,30 Jun 2023,False,2023/11/24 16:44,0,0.0,0.0
Other unallocated,Unallocated Plant OSM,66210_Petrol (Gasoline) Stationary,,Downer,Petrol (Gasoline) Stationary [L],Petrol Stationary [L],,30 Jun 2023,False,2023/11/24 16:44,0,0.0,0.0
Other unallocated,Unallocated Plant OSM,66210_Petroleum based oils Stationary,,Downer,Petroleum based oils (lubricants) Stationary – not combusted [L],Petroleum Based Oils Stationary [kL] - NC,,30 Jun 2023,False,2023/11/24 16:44,0,0.0,0.0
Other unallocated,_CLOSED_FY24 Interim_Unallocated Scope 3 Category 2,Unallocated Scope 3 Category 2_S3.1 - Computer systems design and related services - USD or local_Fi,,Finance,S3.1 - Computer systems design and related services - USD or local,Computer systems design and related services [USD],,30 Apr 2024,False,2025/07/23 15:40,0,0.0,0.0
Other unallocated,_CLOSED_FY24 Interim_Unallocated Scope 3 Category 2,Unallocated Scope 3 Category 2_S3.1 - Housing - USD or local_Finance,,Finance,S3.1 - Housing - USD or local,Housing [USD],,30 Apr 2024,False,2025/07/23 15:40,0,0.0,0.0
Other unallocated,_CLOSED_FY24 Interim_Unallocated Scope 3 Category 2,Unallocated Scope 3 Category 2_S3.1 - Machinery - USD or local_Finance,,Finance,S3.1 - Machinery - USD or local,Machinery [USD],,30 Apr 2024,False,2025/07/23 15:40,0,0.0,0.0
Other unallocated,_CLOSED_FY24 Interim_Unallocated Scope 3 Category 2,Unallocated Scope 3 Category 2_S3.1 - Management of companies and enterprises - USD or local_Finance,,Finance,S3.1 - Management of companies and enterprises - USD or local,Management of companies and enterprises [USD],,30 Apr 2024,False,2025/07/23 15:40,0,0.0,0.0
Other unallocated,_CLOSED_FY24 Interim_Unallocated Scope 3 Category 2,"Unallocated Scope 3 Category 2_S3.1 - Other real estate, general - USD or local_Finance",,Finance,"S3.1 - Other real estate, general - USD or local","Other real estate, general [USD]",,30 Apr 2024,False,2025/07/23 15:40,0,0.0,0.0
Other unallocated,_CLOSED_FY24 Interim_Unallocated Scope 3 Category 2,"Unallocated Scope 3 Category 2_S3.1 - Other transportation equip., general - USD or local_Finance",,Finance,"S3.1 - Other transportation equip., general - USD or local","Other transportation equip., general [USD]",,30 Apr 2024,False,2025/07/23 15:40,0,0.0,0.0
Other unallocated,_CLOSED_Unallocated JDE Accounts,Site Fuel: Bottled LPG,JDE Connector,AIR LIQUIDE AUSTRALIA LTD,LPG Stationary,Liquefied Petroleum Gas (LPG) Stationary [L],,31 Dec 2012,False,2017/08/09 11:32,0,0.0,0.0
Other unallocated,_CLOSED_Unallocated JDE Accounts,128033_Diesel Stationary,,Downer,Diesel Stationary - L,Diesel Stationary [L],,30 Jun 2022,False,2023/04/11 21:40,0,0.0,0.0
Other unallocated,_CLOSED_Unallocated JDE Accounts,128034_Diesel Stationary,,Downer,Diesel Stationary - L,Diesel Stationary [L],,30 Jun 2022,False,2023/04/11 21:40,0,0.0,0.0
Other unallocated,_CLOSED_Unallocated JDE Accounts,0_Diesel Transport_CAR,,Downer,Diesel Transport post 2004 [L],Diesel Transport post-2004 [L],,01 Jul 2022,False,2023/07/17 00:36,0,0.0,0.0
Other unallocated,_CLOSED_Unallocated JDE Accounts,170263_Diesel,,Downer,Diesel Transport post 2004 [L],Diesel Transport post-2004 [L],,31 Dec 2021,False,2023/04/11 21:38,0,0.0,0.0
Other unallocated,_CLOSED_Unallocated JDE Accounts,305001_Diesel,,Downer,Diesel Transport post 2004 [L],Diesel Transport post-2004 [L],,31 Dec 2021,False,2023/03/29 10:58,0,0.0,0.0
Other unallocated,_CLOSED_Unallocated JDE Accounts,382757_Diesel_OLD,,Downer,Diesel Transport post 2004 [L],Diesel Transport post-2004 [L],,31 Dec 2022,False,2023/05/31 14:56,0,0.0,0.0
Other unallocated,_CLOSED_Unallocated JDE Accounts,0_PBG_NC_SUB,,Downer,Electricity – purchased from grid [kWh],Electricity [kWh],,30 Jun 2022,False,2023/04/11 21:40,0,0.0,0.0
Other unallocated,_CLOSED_Unallocated JDE Accounts,25614312_Electricity,,Downer,Electricity – purchased from grid [kWh],Electricity [kWh],,13 Aug 2015,False,2017/08/09 12:09,0,0.0,0.0
Other unallocated,_CLOSED_Unallocated JDE Accounts,27043479,,Downer,Electricity – purchased from grid [kWh],Electricity [kWh],,28 Feb 2016,False,2017/08/09 12:08,0,0.0,0.0
Other unallocated,_CLOSED_Unallocated JDE Accounts,0_PBG_CAR,,Downer,Greases (petroleum based) Stationary – not combusted [L],Petroleum Based Greases Staionary [kL] - NC,,01 Jul 2022,False,2023/07/17 00:36,0,0.0,0.0
Other unallocated,_CLOSED_Unallocated JDE Accounts,0_Petrol Transport_CAR,,Downer,Petrol (Gasoline) Transport post 2004 [L],Petrol Transport post-2004 [L],,01 Jul 2022,False,2023/07/17 00:36,0,0.0,0.0
Other unallocated,_CLOSED_Unallocated JDE Accounts,170263_Petrol,,Downer,Petrol (Gasoline) Transport post 2004 [L],Petrol Transport post-2004 [L],,31 Dec 2021,False,2023/04/11 21:38,0,0.0,0.0
Other unallocated,_CLOSED_Unallocated JDE Accounts,7015_Petrol (Gasoline) Transport_SUB,,Downer,Petrol (Gasoline) Transport post 2004 [L],Petrol Transport post-2004 [L],,30 Jun 2022,False,2023/04/11 21:40,0,0.0,0.0
Other unallocated,_CLOSED_Unallocated JDE Accounts,0_PBO_CAR,,Downer,Petroleum based oils (lubricants) Stationary – not combusted [L],Petroleum Based Oils Stationary [kL] - NC,,01 Jul 2022,False,2023/07/17 00:36,0,0.0,0.0
Other unallocated,_CLOSED_Unallocated JDE Accounts,170263_Oil & Lubes,,Downer,Petroleum based oils (lubricants) Stationary – not combusted [L],Petroleum Based Oils Stationary [kL] - NC,,31 Dec 2022,False,2023/04/11 21:38,0,0.0,0.0
Other unallocated,_CLOSED_Unallocated JDE Accounts,0_Solvents_CAR,,Downer,Solvents (mineral turpentine or white spirit) - not combusted [L],Solvents (mineral turpentine or white spirit) Stationary [L] - NC,,01 Jul 2022,False,2023/07/17 00:36,0,0.0,0.0
Other unallocated,_CLOSED_Unallocated JDE Accounts,Fuel - Bowser Diesel,,Fuel Card,Fuel Diesel Transport post-2004 - L,Diesel Transport post-2004 [L],,30 May 2015,False,2017/07/14 14:47,0,0.0,0.0
Other unallocated,_CLOSED_Unallocated JDE Accounts,Fuel - Bowser E-10,,Fuel Card,Fuel E10 Ethanol Transport post-2004 (L),Ethanol E10 Transport post-2004 [L],,31 May 2015,False,2017/08/09 09:55,0,0.0,0.0
Other unallocated,_CLOSED_Unallocated JDE Accounts,Fuel - Bowser ULP,,Fuel Card,Fuel Petrol Transport post-2004 (L),Petrol Transport post-2004 [L],,30 May 2015,False,2017/08/09 11:33,0,0.0,0.0
Other unallocated,_CLOSED_Unallocated JDE Accounts,S3_AU_E&U_CONSUMABLES_S3.1 - Construction - USD or local_BURKERT CONTROMATIC,1018575,Subcontractor,Diesel Transport post 2004 [L],Diesel Transport post-2004 [L],,,False,2026/03/27 18:20,0,0.0,0.0
Other unallocated,_CLOSED_Unallocated JDE Accounts,S3_AU_E&U_CONSUMABLES_S3.1 - Construction - USD or local_CAPRARI PUMPS AUSTRALIA,1032845,Subcontractor,Diesel Transport post 2004 [L],Diesel Transport post-2004 [L],,,False,2026/03/27 18:20,0,0.0,0.0
Other unallocated,_CLOSED_Unallocated JDE Accounts,S3_AU_E&U_CONSUMABLES_S3.1 - Construction - USD or local_THE TRUSTEE FOR COASTAL UNDERGROUND UNIT,1153954,Subcontractor,Diesel Transport post 2004 [L],Diesel Transport post-2004 [L],,,False,2026/03/27 18:20,0,0.0,0.0
Other unallocated,_CLOSED_Unallocated JDE Accounts,S3_AU_E&U_CONSUMABLES_S3.1 - Construction - USD or local_WAGNER SPRAYTECH AUSTRALIA,1053597,Subcontractor,Diesel Transport post 2004 [L],Diesel Transport post-2004 [L],,,False,2026/03/27 18:20,0,0.0,0.0
Other unallocated,_CLOSED_Unallocated JDE Accounts,"S3_AU_E&U_CONSUMABLES_S3.1 - Electrical equipment, appliances, other - USD or local_C R KENNEDY & CO",1024843,Subcontractor,Diesel Transport post 2004 [L],Diesel Transport post-2004 [L],,,False,2026/03/27 18:20,0,0.0,0.0
Other unallocated,_CLOSED_Unallocated JDE Accounts,"S3_AU_E&U_CONSUMABLES_S3.1 - Electrical equipment, appliances, other - USD or local_S W HART & CO",1014057,Subcontractor,Diesel Transport post 2004 [L],Diesel Transport post-2004 [L],,,False,2026/03/27 18:28,0,0.0,0.0
Other unallocated,_CLOSED_Unallocated JDE Accounts,S3_AU_E&U_CONSUMABLES_S3.1 - Fabricated metal products - USD or local_GAD TECHNOLOGIES,1101003,Subcontractor,Diesel Transport post 2004 [L],Diesel Transport post-2004 [L],,,False,2026/03/27 18:28,0,0.0,0.0
Other unallocated,_CLOSED_Unallocated JDE Accounts,S3_AU_E&U_CONSUMABLES_S3.1 - Machinery - USD or local_CAMCO ENGINEERING,1043364,Subcontractor,Diesel Transport post 2004 [L],Diesel Transport post-2004 [L],,,False,2026/03/27 18:20,0,0.0,0.0
Other unallocated,_CLOSED_Unallocated JDE Accounts,S3_AU_E&U_CONSUMABLES_S3.1 - Machinery - USD or local_FREEWAY MOWERS AND MACHINERY,1032190,Subcontractor,Diesel Transport post 2004 [L],Diesel Transport post-2004 [L],,,False,2026/03/27 18:28,0,0.0,0.0
Other unallocated,_CLOSED_Unallocated JDE Accounts,S3_AU_E&U_CONSUMABLES_S3.1 - Machinery - USD or local_MCLANAHAN CORPORATION,1102290,Subcontractor,Diesel Transport post 2004 [L],Diesel Transport post-2004 [L],,,False,2026/03/27 18:28,0,0.0,0.0
Other unallocated,_CLOSED_Unallocated JDE Accounts,S3_AU_E&U_CONSUMABLES_S3.1 - Wholesale trade - USD or local_MCELLIGOTT PARTNERS,1087356,Subcontractor,Diesel Transport post 2004 [L],Diesel Transport post-2004 [L],,,False,2026/03/27 18:28,0,0.0,0.0
Other unallocated,_CLOSED_Unallocated JDE Accounts,S3_AU_E&U_EQUIPMENT_S3.1 - Administrative and support services - USD or local_FIREWATCH,361990,Subcontractor,Diesel Transport post 2004 [L],Diesel Transport post-2004 [L],,,False,2026/03/27 18:28,0,0.0,0.0
Other unallocated,_CLOSED_Unallocated JDE Accounts,S3_AU_E&U_EQUIPMENT_S3.1 - Administrative and support services - USD or local_SAFETY RESULTS,1044016,Subcontractor,Diesel Transport post 2004 [L],Diesel Transport post-2004 [L],,,False,2026/03/27 18:20,0,0.0,0.0
Other unallocated,_CLOSED_Unallocated JDE Accounts,"S3_AU_E&U_EQUIPMENT_S3.1 - Electrical equipment, appliances, other - USD or local_CSE UNISERVE",1005449,Subcontractor,Diesel Transport post 2004 [L],Diesel Transport post-2004 [L],,,False,2026/03/27 18:20,0,0.0,0.0
Other unallocated,_CLOSED_Unallocated JDE Accounts,S3_AU_E&U_EQUIPMENT_S3.1 - Machinery - USD or local_VALUE ELECTRICAL AND AIR CONDITIONING SE,1063180,Subcontractor,Diesel Transport post 2004 [L],Diesel Transport post-2004 [L],,,False,2026/03/27 18:20,0,0.0,0.0
Other unallocated,_CLOSED_Unallocated JDE Accounts,S3_AU_E&U_FACILITIES_S3.1 - Administrative and support services - USD or local_BUZZ OFF,1024755,Subcontractor,Diesel Transport post 2004 [L],Diesel Transport post-2004 [L],,,False,2026/03/27 18:28,0,0.0,0.0
Other unallocated,_CLOSED_Unallocated JDE Accounts,S3_AU_E&U_FACILITIES_S3.1 - Administrative and support services - USD or local_REGENCY CLEANING,1018903,Subcontractor,Diesel Transport post 2004 [L],Diesel Transport post-2004 [L],,,False,2026/03/27 18:20,0,0.0,0.0
Other unallocated,_CLOSED_Unallocated JDE Accounts,S3_AU_E&U_FACILITIES_S3.1 - Construction - USD or local_CC P & C,1035418,Subcontractor,Diesel Transport post 2004 [L],Diesel Transport post-2004 [L],,,False,2026/03/27 18:20,0,0.0,0.0
Other unallocated,_CLOSED_Unallocated JDE Accounts,S3_AU_E&U_FACILITIES_S3.1 - Construction - USD or local_CTE AUSTRALIA,1153979,Subcontractor,Diesel Transport post 2004 [L],Diesel Transport post-2004 [L],,,False,2026/03/27 18:20,0,0.0,0.0
Other unallocated,_CLOSED_Unallocated JDE Accounts,S3_AU_E&U_FACILITIES_S3.1 - Construction - USD or local_D & T ENGINEERING,1038506,Subcontractor,Diesel Transport post 2004 [L],Diesel Transport post-2004 [L],,,False,2026/03/27 18:20,0,0.0,0.0
Other unallocated,_CLOSED_Unallocated JDE Accounts,S3_AU_E&U_FACILITIES_S3.1 - Construction - USD or local_ELECTRICAL DATA & SECURITY SERVICES,1024675,Subcontractor,Diesel Transport post 2004 [L],Diesel Transport post-2004 [L],,,False,2026/03/27 18:20,0,0.0,0.0
Other unallocated,_CLOSED_Unallocated JDE Accounts,S3_AU_E&U_FACILITIES_S3.1 - Construction - USD or local_OTIMI ENTERPRISES PL AFT ARO FAMILY TRUS,1103995,Subcontractor,Diesel Transport post 2004 [L],Diesel Transport post-2004 [L],,,False,2026/03/27 18:28,0,0.0,0.0
Other unallocated,_CLOSED_Unallocated JDE Accounts,S3_AU_E&U_FACILITIES_S3.1 - Construction - USD or local_SOL SYSTEMS,1089499,Subcontractor,Diesel Transport post 2004 [L],Diesel Transport post-2004 [L],,,False,2026/03/27 18:20,0,0.0,0.0
Other unallocated,_CLOSED_Unallocated JDE Accounts,S3_AU_E&U_FACILITIES_S3.1 - Construction - USD or local_THE CORNISH PASTY MAN,1042267,Subcontractor,Diesel Transport post 2004 [L],Diesel Transport post-2004 [L],,,False,2026/03/27 18:20,0,0.0,0.0
Other unallocated,_CLOSED_Unallocated JDE Accounts,S3_AU_E&U_FACILITIES_S3.1 - Construction - USD or local_THE FRENCHAMS GROUPWS NSW,1070859,Subcontractor,Diesel Transport post 2004 [L],Diesel Transport post-2004 [L],,,False,2026/03/27 18:20,0,0.0,0.0
Other unallocated,_CLOSED_Unallocated JDE Accounts,S3_AU_E&U_FACILITIES_S3.1 - Construction - USD or local_TT ASIA PACIFIC,1024088,Subcontractor,Diesel Transport post 2004 [L],Diesel Transport post-2004 [L],,,False,2026/03/27 18:20,0,0.0,0.0
Other unallocated,_CLOSED_Unallocated JDE Accounts,"S3_AU_E&U_FACILITIES_S3.1 - Electrical equipment, appliances, other - USD or local_ROTECH WATER",1105981,Subcontractor,Diesel Transport post 2004 [L],Diesel Transport post-2004 [L],,,False,2026/03/27 18:20,0,0.0,0.0
Other unallocated,_CLOSED_Unallocated JDE Accounts,"S3_AU_E&U_FACILITIES_S3.1 - Other real estate, general - USD or local_ALLPEST",1018290,Subcontractor,Diesel Transport post 2004 [L],Diesel Transport post-2004 [L],,,False,2026/03/27 18:20,0,0.0,0.0
Other unallocated,_CLOSED_Unallocated JDE Accounts,"S3_AU_E&U_FACILITIES_S3.1 - Other services, except government - USD or local_ADAMS PEST CONTROL",1125628,Subcontractor,Diesel Transport post 2004 [L],Diesel Transport post-2004 [L],,,False,2026/03/27 18:20,0,0.0,0.0
Other unallocated,_CLOSED_Unallocated JDE Accounts,"S3_AU_E&U_FACILITIES_S3.1 - Other services, except government - USD or local_CENTRAL WASTE STATION",1094533,Subcontractor,Diesel Transport post 2004 [L],Diesel Transport post-2004 [L],,,False,2026/03/27 18:28,0,0.0,0.0
Other unallocated,_CLOSED_Unallocated JDE Accounts,"S3_AU_E&U_FACILITIES_S3.1 - Other services, except government - USD or local_EURO MOULDERS",1055100,Subcontractor,Diesel Transport post 2004 [L],Diesel Transport post-2004 [L],,,False,2026/03/27 18:20,0,0.0,0.0
Other unallocated,_CLOSED_Unallocated JDE Accounts,"S3_AU_E&U_FACILITIES_S3.1 - Other services, except government - USD or local_GUINEA ENTERPRISES",1041912,Subcontractor,Diesel Transport post 2004 [L],Diesel Transport post-2004 [L],,,False,2026/03/27 18:20,0,0.0,0.0
Other unallocated,_CLOSED_Unallocated JDE Accounts,"S3_AU_E&U_FACILITIES_S3.1 - Other services, except government - USD or local_QUORUM SECURITY SYSTEMS",1004121,Subcontractor,Diesel Transport post 2004 [L],Diesel Transport post-2004 [L],,,False,2026/03/27 18:28,0,0.0,0.0
Other unallocated,_CLOSED_Unallocated JDE Accounts,"S3_AU_E&U_FACILITIES_S3.1 - Other services, except government - USD or local_TALLAI PROJECT GROUP",1075413,Subcontractor,Diesel Transport post 2004 [L],Diesel Transport post-2004 [L],,,False,2026/03/27 18:20,0,0.0,0.0
Other unallocated,_CLOSED_Unallocated JDE Accounts,S3_AU_E&U_FACILITIES_S3.1 - Utilities - USD or local_SPARKLINE ENERGY SERVICES,1051013,Subcontractor,Diesel Transport post 2004 [L],Diesel Transport post-2004 [L],,,False,2026/03/27 18:20,0,0.0,0.0
Other unallocated,_CLOSED_Unallocated JDE Accounts,"S3_AU_E&U_NOT CATEGORIZED_S3.1 - Other services, except government - USD or local_AMPHENOL AUSTRALIA",1076260,Subcontractor,Diesel Transport post 2004 [L],Diesel Transport post-2004 [L],,,False,2026/03/27 18:20,0,0.0,0.0
Other unallocated,_CLOSED_Unallocated JDE Accounts,"S3_AU_E&U_NOT CATEGORIZED_S3.1 - Other services, except government - USD or local_FAHEY FAMILY TRUST",1063799,Subcontractor,Diesel Transport post 2004 [L],Diesel Transport post-2004 [L],,,False,2026/03/27 18:28,0,0.0,0.0
Other unallocated,_CLOSED_Unallocated JDE Accounts,"S3_AU_E&U_NOT CATEGORIZED_S3.1 - Other services, except government - USD or local_GOOD PRODUCTS",1040861,Subcontractor,Diesel Transport post 2004 [L],Diesel Transport post-2004 [L],,,False,2026/03/27 18:20,0,0.0,0.0
Other unallocated,_CLOSED_Unallocated JDE Accounts,S3_AU_IP_CONSUMABLES_S3.1 - Construction - USD or local_BUILDING SURVEYING SERVICES,685847,Subcontractor,Diesel Transport post 2004 [L],Diesel Transport post-2004 [L],,,False,2026/03/27 18:28,0,0.0,0.0
Other unallocated,_CLOSED_Unallocated JDE Accounts,S3_AU_IP_EQUIPMENT_S3.1 - Machinery - USD or local_TMG TEST EQUIPMENT,1041407,Subcontractor,Diesel Transport post 2004 [L],Diesel Transport post-2004 [L],,,False,2026/03/27 18:20,0,0.0,0.0
Other unallocated,_CLOSED_Unallocated JDE Accounts,"S3_AU_IP_FLEET & FUELS_S3.1 - Other services, except government - USD or local_RESOURCE CO",1107002,Subcontractor,Diesel Transport post 2004 [L],Diesel Transport post-2004 [L],,,False,2026/03/27 18:20,0,0.0,0.0
Other unallocated,_CLOSED_Unallocated JDE Accounts,S3_AU_RTS_EQUIPMENT_S3.1 - Administrative and support services - USD or local_FIRE STOPPING,1044189,Subcontractor,Diesel Transport post 2004 [L],Diesel Transport post-2004 [L],,,False,2026/03/27 18:20,0,0.0,0.0
Other unallocated,_CLOSED_Unallocated JDE Accounts,S3_AU_RTS_FACILITIES_S3.1 - Administrative and support services - USD or local_PREMIER FIRE PROTECTI,1007644,Subcontractor,Diesel Transport post 2004 [L],Diesel Transport post-2004 [L],,,False,2026/03/27 18:20,0,0.0,0.0
Other unallocated,_CLOSED_Unallocated JDE Accounts,"S3_AU_RTS_NOT CATEGORIZED_S3.1 - Other services, except government - USD or local_JNJ ELECTRICS",1076756,Subcontractor,Diesel Transport post 2004 [L],Diesel Transport post-2004 [L],,,False,2026/03/27 18:20,0,0.0,0.0
Other unallocated,_CLOSED_Unallocated JDE Accounts,S3_AU_SICS_FACILITIES_S3.1 - Administrative and support services - USD or local_BLUE FIRE SYSTEMS,1109462,Subcontractor,Diesel Transport post 2004 [L],Diesel Transport post-2004 [L],,,False,2026/03/27 18:28,0,0.0,0.0
Other unallocated,_CLOSED_Unallocated JDE Accounts,S3_AU_SICS_FACILITIES_S3.1 - Administrative and support services - USD or local_GUNNEBO,1125589,Subcontractor,Diesel Transport post 2004 [L],Diesel Transport post-2004 [L],,,False,2026/03/27 18:20,0,0.0,0.0
Other unallocated,_CLOSED_Unallocated JDE Accounts,S3_AU_SICS_FACILITIES_S3.1 - Administrative and support services - USD or local_NELSON LOCKSMITHS,1003078,Subcontractor,Diesel Transport post 2004 [L],Diesel Transport post-2004 [L],,,False,2026/03/27 18:28,0,0.0,0.0
Other unallocated,_CLOSED_Unallocated JDE Accounts,S3_AU_SICS_FACILITIES_S3.1 - Administrative and support services - USD or local_RUSWIN LOCKSMITHS,1047402,Subcontractor,Diesel Transport post 2004 [L],Diesel Transport post-2004 [L],,,False,2026/03/27 18:28,0,0.0,0.0
Other unallocated,_CLOSED_Unallocated JDE Accounts,S3_AU_SICS_FACILITIES_S3.1 - Computer and electronic products - USD or local_CITYWATCH SECURITY AUST,1025258,Subcontractor,Diesel Transport post 2004 [L],Diesel Transport post-2004 [L],,,False,2026/03/27 18:20,0,0.0,0.0
Other unallocated,_CLOSED_Unallocated JDE Accounts,S3_AU_SICS_FACILITIES_S3.1 - Construction - USD or local_ARA PROPERTY SERVICES,1107330,Subcontractor,Diesel Transport post 2004 [L],Diesel Transport post-2004 [L],,,False,2026/03/27 18:20,0,0.0,0.0
Other unallocated,_CLOSED_Unallocated JDE Accounts,S3_AU_SICS_FACILITIES_S3.1 - Construction - USD or local_KGB COATINGS-SITE SERVICES,1027065,Subcontractor,Diesel Transport post 2004 [L],Diesel Transport post-2004 [L],,,False,2026/03/27 18:20,0,0.0,0.0
Other unallocated,_CLOSED_Unallocated JDE Accounts,S3_AU_SICS_PROJECT MATERIALS_S3.1 - Construction - USD or local_CVSG ASSET SERVICES,1137715,Subcontractor,Diesel Transport post 2004 [L],Diesel Transport post-2004 [L],,,False,2026/03/27 18:28,0,0.0,0.0
Other unallocated,_CLOSED_Unallocated JDE Accounts,"S3_AU_T&I_FACILITIES_S3.1 - Other services, except government - USD or local_LOCAL MACHINE COMPANY",1002061,Subcontractor,Diesel Transport post 2004 [L],Diesel Transport post-2004 [L],,,False,2026/03/27 18:28,0,0.0,0.0
Other unallocated,_CLOSED_Unallocated JDE Accounts,Site Fuel: Diesel,JDE Connector,,Diesel Stationary - L,Diesel Stationary [L],,21 Mar 2013,False,2017/07/14 14:40,0,0.0,0.0
Other unallocated,_CLOSED_Unallocated JDE Accounts,Electricity,JDE Connector,,Electricity Green,Electricity [kWh],,30 Nov 2014,False,2017/08/09 12:04,0,0.0,0.0
Other unallocated,_CLOSED_Unallocated JDE Accounts,Fuel - bowser diesel - Laverton,extra data from laverton (non sp sites),,Fuel Diesel Transport post-2004 - L,Diesel Transport post-2004 [L],,30 Jun 2012,False,2017/07/14 15:54,0,0.0,0.0
Other unallocated,_CLOSED_Unallocated JDE Accounts,Site Fuel: Petrol,JDE Connector,,Fuel Petrol Stationary (L),Petrol Stationary [L],,26 Jun 2012,False,2017/08/09 09:59,0,0.0,0.0
