identifier,id_type,n_accounts,n_open,accounts,locations,suppliers,account_styles,replaced_on,months_with_kwh,overlap_months,surplus_kwh,surplus_tco2e,classification
0000024050WE5E2,ICP,4,2,Eco_ICP_0000024050WE5E2 | 3504_ICP_0000024050WE5E2 | 5013_ICP_0000024050WE5E2 | Eco_ICP_0000024050WE5E2,Hastings Depot | Asphalt Prod - Hamilton | _CLOSED_Asphalt_Hamilton | Asphalt Prod - Hamilton, | Downer | Downer | Ecotricity,Electricity – purchased from grid [kWh] | Electricity – purchased from grid [kWh] | Electricity – purchased from grid [kWh] | Electricity – purchased from grid [kWh],open | 30 Apr 2023 | 30 Jun 2022 | open,"Mar26,Apr26,May26,Jun26,Jul26 | none | none | Mar26,Apr26,May26,Jun26,Jul26,Aug26","Mar26,Apr26,May26,Jun26,Jul26",237174,23.98,"Live double count - both open, data in the same months"
3036098256,NMI,2,2,A-313CFBA6_3036098256 | A-9F0E2528_3036098256,RPQ Mackay Depot | RPQ Mackay Depot,Ergon | Ergon,Electricity Small Market | Electricity Small Market,open | open,"Mar26,Apr26,May26,Jun26,Jul26,Aug26 | Jun26,Jul26,Aug26","Jun26,Jul26,Aug26",5471,3.67,"Live double count - both open, data in the same months"
0003140222AAD30,ICP,2,2,0003140222AAD30 | 0003140222AAD30,68 Ihumatao Road  Mangere | Downer Cranes Auckland,Meridian | Meridian,Electricity – purchased from grid [kWh] | Electricity – purchased from grid [kWh],open | open,"Mar26,Apr26,May26,Jun26,Jul26,Aug26 | May26,Jun26,Jul26,Aug26","May26,Jun26,Jul26,Aug26",10287,1.04,"Live double count - both open, data in the same months"
ZZZZ001261,NMI,2,2,700000536_ZZZZ001261 | Tenant 700000536_ZZZZ001261,Cardiff - Rail | Cardiff - Rail,CleanPeakEnergy | CleanPeakEnergy,Electricity Small Market | Electricity Small Market,open | open,"Mar26,Apr26,May26,Jun26,Jul26,Aug26 | Mar26,Apr26,May26,Jun26,Jul26,Aug26","Mar26,Apr26,May26,Jun26,Jul26,Aug26",-566457,-362.53,"Live double count - both open, data in the same months"
QB05383854,NMI,4,1,50002618016_QB05383854 | 1003081_QB05383854 | 5000021_QB05383854 | DOWN001_QB05383854,Asphalt Prod - Archerfield (406) | Asphalt Prod - Archerfield (406) | Asphalt Prod - Archerfield (406) | Asphalt Prod - Archerfield (406),Origin | CSEnergy | CSEnergy | InterGen,Electricity Large Market | Electricity Small Market | Electricity Small Market | Electricity Small Market,30 Jun 2023 | open | 31 Mar 2026 | 30 Jun 2020,"none | Apr26,May26,Jun26,Jul26,Aug26 | Mar26,May26 | none",May26,64727,43.37,"Overlap in the export, but one side now carries a Replaced On"
3117134943,NMI,4,1,50002618003_3117134943 | 1003084_3117134943 | 5000021_3117134943 | DOWN001_3117134943,Teneriffe - Brisbane (QLD) | Teneriffe - Brisbane (QLD) | Teneriffe - Brisbane (QLD) | Teneriffe - Brisbane (QLD),Origin | CSEnergy | CSEnergy | InterGen,Electricity Large Market | Electricity Small Market | Electricity Small Market | Electricity Small Market,30 Jun 2023 | open | 31 May 2026 | 30 Jun 2020,"none | Apr26,May26,Jun26,Jul26,Aug26 | Mar26,Apr26,May26 | none","Apr26,May26",25172,16.87,"Overlap in the export, but one side now carries a Replaced On"
QB06082220,NMI,5,1,50002618006_QB06082220 | 1003083_QB06082220 | 5000021_QB06082220 | 900018193_QB06082220 | DOWN001_QB06082220,MT-Carrara | MT-Carrara | MT-Carrara | MT-Carrara | MT-Carrara,Origin | CSEnergy | CSEnergy | EngieAU | InterGen,Electricity Large Market | Electricity Small Market | Electricity Small Market | Electricity Small Market | Electricity Small Market,30 Jun 2023 | 30 Jun 2026 | 31 May 2026 | open | 30 Jun 2020,"none | Apr26,May26,Jun26 | Mar26,Apr26,May26 | Jul26,Aug26 | none","Apr26,May26",13026,8.73,"Overlap in the export, but one side now carries a Replaced On"
3116600011,NMI,5,1,50002618011_3116600011 | 1003086_3116600011 | 5000021_3116600011 | 900018192_3116600011 | DOWN001_3116600011,Richlands | Richlands | Richlands | Richlands | Richlands,Origin | CSEnergy | CSEnergy | EngieAU | InterGen,Electricity Large Market | Electricity Small Market | Electricity Small Market | Electricity Small Market | Electricity Small Market,30 Jun 2023 | 30 Jun 2026 | 30 Jun 2026 | open | 30 Jun 2020,"none | Apr26,May26,Jun26 | Mar26,Apr26,May26,Jun26 | Jul26,Aug26 | none","Apr26,May26,Jun26",11194,7.5,"Overlap in the export, but one side now carries a Replaced On"
3120129028,NMI,4,1,50002618009_3120129028 | 1003085_3120129028 | 5000021_3120129028 | DOWN001_3120129028,Gympie | Gympie | Gympie | Gympie,Origin | CSEnergy | CSEnergy | InterGen,Electricity Large Market | Electricity Small Market | Electricity Small Market | Electricity Small Market,30 Jun 2023 | open | 31 Mar 2026 | 30 Jun 2020,"none | Apr26,May26,Jun26,Jul26,Aug26 | Mar26,May26 | none",May26,10718,7.18,"Overlap in the export, but one side now carries a Replaced On"
0088966150PCC88,ICP,2,2,0088966150PCC88 | 0088966150PCC88,1259 Okau Road  Ahititi | 54 Mokau Road  Urenui,Meridian | Meridian,Electricity – purchased from grid [kWh] | Electricity – purchased from grid [kWh],open | open,none | none,,0,0.0,"Both open, only one recording"
1000620792PC805,ICP,2,2,ICP_1000620792PC805 | ICP_1000620792PC805,Roadmarking - Lower South | 778 SH29 - Tauriko West Enabling Works, | Meridian,Electricity – purchased from grid [kWh] | Electricity – purchased from grid [kWh],open | open,"none | Mar26,Apr26,May26,Jun26,Jul26",,0,0.0,"Both open, only one recording"
3051446111,NMI,4,2,13681923_3051446111 | 52415635_3051446111 | A-30EB9310_3051446111 | A-7AFDE2F2_3051446111,RPQ Townsville | RPQ Townsville | RPQ Townsville | RPQ Townsville,Ergon | Ergon | Ergon | Ergon,Electricity Small Market | Electricity Small Market | Electricity Small Market | Electricity Small Market,03 Jul 2023 | 02 Mar 2024 | open | open,none | none | none | none,,0,0.0,"Both open, only one recording"
0000000674NT23F,ICP,2,0,5093_ICP_0000000674NT23F | 55330_ICP_0000000674NT23F,_CLOSED_Quarry_Bartletts | Quarry - Bartletts,Downer | Downer,Electricity – purchased from grid [kWh] | Electricity – purchased from grid [kWh],30 Jun 2022 | 31 Mar 2023,none | none,,0,0.0,Legitimate succession - closed predecessor plus live replacement
0000004290DEF89,ICP,2,0,5026_ICP_0000004290DEF89 | 55660_ICP_0000004290DEF89,_CLOSED_Depot_T_Dunedin (Green Island) | Dunedin Depot (Green Island ),Downer | Downer,Electricity – purchased from grid [kWh] | Electricity – purchased from grid [kWh],30 Jun 2022 | 30 Jun 2023,none | none,,0,0.0,Legitimate succession - closed predecessor plus live replacement
0000013193EA6E3,ICP,2,0,5042_ICP_0000013193EA6E3 | 55643_ICP_0000013193EA6E3,_CLOSED_Depot_T_Methven (Excell) | Methven Depot (Excell),Downer | Downer,Electricity – purchased from grid [kWh] | Electricity – purchased from grid [kWh],30 Jun 2022 | 31 May 2023,none | none,,0,0.0,Legitimate succession - closed predecessor plus live replacement
0000014169CPCB1,ICP,2,0,5167_ICP_0000014169CPCB1 | 8140_ICP_0000014169CPCB1,_CLOSED_Support_T_South | Construction South,Downer | Downer,Electricity – purchased from grid [kWh] | Electricity – purchased from grid [kWh],30 Jun 2022 | 31 Mar 2023,none | none,,0,0.0,Legitimate succession - closed predecessor plus live replacement
0000014355CP250,ICP,2,0,5009_ICP_0000014355CP250 | 91261_ICP_0000014355CP250,_CLOSED_Support_Corp_Property | Palm North (315 Albert St), | Downer,Electricity – purchased from grid [kWh] | Electricity – purchased from grid [kWh],30 Jun 2022 | 31 May 2023,none | none,,0,0.0,Legitimate succession - closed predecessor plus live replacement
0000014753CPFDE,ICP,2,0,5167_ICP_0000014753CPFDE | 8140_ICP_0000014753CPFDE,_CLOSED_Support_T_South | Construction South,Downer | Downer,Electricity – purchased from grid [kWh] | Electricity – purchased from grid [kWh],30 Jun 2022 | 30 Jun 2023,none | none,,0,0.0,Legitimate succession - closed predecessor plus live replacement
0000015023HBABD,ICP,3,1,5032_ICP_0000015023HBABD | 55582_ICP_0000015023HBABD | Eco_ICP_0000015023HBABD,_CLOSED_Depot_T_Hastings | Hastings Depot | Hastings Depot,Downer | Downer | Ecotricity,Electricity – purchased from grid [kWh] | Electricity – purchased from grid [kWh] | Electricity – purchased from grid [kWh],30 Jun 2022 | 30 Apr 2023 | open,"none | none | Mar26,Apr26,May26,Jun26,Jul26,Aug26",,0,0.0,Legitimate succession - closed predecessor plus live replacement
0000018894CP174,ICP,2,0,5317_ICP_0000018894CP174 | JP_DN1168_ICP_0000018894CP174,_CLOSED_T_North_Balance of Plant Turitea | Balance of Plant Turitea,Downer | Downer,Electricity – purchased from grid [kWh] | Electricity – purchased from grid [kWh],30 Jun 2022 | 30 Jun 2024,none | none,,0,0.0,Legitimate succession - closed predecessor plus live replacement
0000018910CPC30,ICP,2,0,5003_ICP_0000018910CPC30 | 9010_ICP_0000018910CPC30,_CLOSED_Recharges_BP | Hawkins Construction Recharges,Downer | Downer,Electricity – purchased from grid [kWh] | Electricity – purchased from grid [kWh],30 Jun 2022 | 31 Mar 2023,none | none,,0,0.0,Legitimate succession - closed predecessor plus live replacement
0000018917CP1FA,ICP,2,0,5003_ICP_0000018917CP1FA | 5104_ICP_0000018917CP1FA,_CLOSED_Recharges_BP | _CLOSED_Support_T_Plant,Downer | Downer,Electricity – purchased from grid [kWh] | Electricity – purchased from grid [kWh],30 Jun 2022 | 30 Jun 2022,none | none,,0,0.0,Legitimate succession - closed predecessor plus live replacement
0000023772WE350,ICP,2,0,5003_ICP_0000023772WE350 | 9010_ICP_0000023772WE350,_CLOSED_Recharges_BP | Hawkins Construction Recharges,Downer | Downer,Electricity – purchased from grid [kWh] | Electricity – purchased from grid [kWh],30 Jun 2022 | 31 Mar 2023,none | none,,0,0.0,Legitimate succession - closed predecessor plus live replacement
0000024744TR7DE,ICP,2,0,5002_ICP_0000024744TR7DE | 9009_ICP_0000024744TR7DE,"_CLOSED_Recharges_HO_P&G | Wharf Road, Coromandel",Downer | Downer,Electricity – purchased from grid [kWh] | Electricity – purchased from grid [kWh],30 Jun 2022 | 31 May 2023,none | none,,0,0.0,Legitimate succession - closed predecessor plus live replacement
0000025040UN2AE,ICP,2,0,5002_ICP_0000025040UN2AE | 9009_ICP_0000025040UN2AE,"_CLOSED_Recharges_HO_P&G | Wharf Road, Coromandel",Downer | Downer,Electricity – purchased from grid [kWh] | Electricity – purchased from grid [kWh],30 Jun 2022 | 31 May 2023,none | none,,0,0.0,Legitimate succession - closed predecessor plus live replacement
0000028649TRA01,ICP,2,0,5040_ICP_0000028649TRA01 | 91266_ICP_0000028649TRA01,_CLOSED_Depot_T_Lower Hutt | Lower Hutt (26A Bracken St),Downer | Downer,Electricity – purchased from grid [kWh] | Electricity – purchased from grid [kWh],30 Jun 2022 | 31 May 2023,none | none,,0,0.0,Legitimate succession - closed predecessor plus live replacement
0000029575HBC93,ICP,2,0,5032_ICP_0000029575HBC93 | 55582_ICP_0000029575HBC93,_CLOSED_Depot_T_Hastings | Hastings Depot,Downer | Downer,Electricity – purchased from grid [kWh] | Electricity – purchased from grid [kWh],30 Jun 2022 | 30 Jun 2023,none | none,,0,0.0,Legitimate succession - closed predecessor plus live replacement
0000029746CH3C0,ICP,2,0,5009_ICP_0000029746CH3C0 | 91001_ICP_0000029746CH3C0,_CLOSED_Support_Corp_Property | Properties Overheads,Downer | Downer,Electricity – purchased from grid [kWh] | Electricity – purchased from grid [kWh],30 Jun 2022 | 31 May 2023,none | none,,0,0.0,Legitimate succession - closed predecessor plus live replacement
0000030435CPDEF,ICP,2,0,5003_ICP_0000030435CPDEF | 9010_ICP_0000030435CPDEF,_CLOSED_Recharges_BP | Hawkins Construction Recharges,Downer | Downer,Electricity – purchased from grid [kWh] | Electricity – purchased from grid [kWh],30 Jun 2022 | 31 May 2023,none | none,,0,0.0,Legitimate succession - closed predecessor plus live replacement
0000031643WEA48,ICP,3,1,5031_ICP_0000031643WEA48 | 55540_ICP_0000031643WEA48 | Eco_ICP_0000031643WEA48,_CLOSED_Depot_T_Hamilton | Hamilton Depot | Hamilton Depot,Downer | Downer | Ecotricity,Electricity – purchased from grid [kWh] | Electricity – purchased from grid [kWh] | Electricity – purchased from grid [kWh],30 Jun 2022 | 30 Apr 2023 | open,"none | none | Mar26,Apr26,May26,Jun26,Jul26,Aug26",,0,0.0,Legitimate succession - closed predecessor plus live replacement
0000031877CP263,ICP,2,0,5167_ICP_0000031877CP263 | 8140_ICP_0000031877CP263,_CLOSED_Support_T_South | Construction South,Downer | Downer,Electricity – purchased from grid [kWh] | Electricity – purchased from grid [kWh],30 Jun 2022 | 31 Mar 2023,none | none,,0,0.0,Legitimate succession - closed predecessor plus live replacement
0000032992HB0EE,ICP,2,0,5009_ICP_0000032992HB0EE | 91803_ICP_0000032992HB0EE,_CLOSED_Support_Corp_Property | AKL Pt Chev (1A Carrington Rd),Downer | Downer,Electricity – purchased from grid [kWh] | Electricity – purchased from grid [kWh],30 Jun 2022 | 30 Jun 2023,none | none,,0,0.0,Legitimate succession - closed predecessor plus live replacement
0000035852CP4F9,ICP,2,0,5317_ICP_0000035852CP4F9 | JP_DN1168_ICP_0000035852CP4F9,_CLOSED_T_North_Balance of Plant Turitea | Balance of Plant Turitea,Downer | Downer,Electricity – purchased from grid [kWh] | Electricity – purchased from grid [kWh],30 Jun 2022 | 30 Jun 2024,none | none,,0,0.0,Legitimate succession - closed predecessor plus live replacement
0000037610UN701,ICP,2,0,5046_ICP_0000037610UN701 | 55552_ICP_0000037610UN701,_CLOSED_Depot_T_Paeroa | Paeroa Depot,Downer | Downer,Electricity – purchased from grid [kWh] | Electricity – purchased from grid [kWh],30 Jun 2022 | 31 May 2023,none | none,,0,0.0,Legitimate succession - closed predecessor plus live replacement
0000041352NT1D5,ICP,2,0,5142_ICP_0000041352NT1D5 | 63990_ICP_0000041352NT1D5,_CLOSED_Support_U_P&G_Electricity | Utilities Support Misc Rechges,Downer | Downer,Electricity – purchased from grid [kWh] | Electricity – purchased from grid [kWh],30 Jun 2022 | 31 May 2023,none | none,,0,0.0,Legitimate succession - closed predecessor plus live replacement
0000041531NT4E3,ICP,2,0,5104_ICP_0000041531NT4E3 | 5174_ICP_0000041531NT4E3,_CLOSED_Support_T_Plant | _CLOSED_T_South_Residual-Jobs-Jobpac,Downer | Downer,Electricity – purchased from grid [kWh] | Electricity – purchased from grid [kWh],30 Jun 2022 | 30 Jun 2022,none | none,,0,0.0,Legitimate succession - closed predecessor plus live replacement
0000046823WED6A,ICP,2,0,5104_ICP_0000046823WED6A | 5124_ICP_0000046823WED6A,_CLOSED_Support_T_Plant | _CLOSED_T_Waikato,Downer | Downer,Electricity – purchased from grid [kWh] | Electricity – purchased from grid [kWh],30 Jun 2022 | 30 Jun 2022,none | none,,0,0.0,Legitimate succession - closed predecessor plus live replacement
0000048678UN93C,ICP,2,0,5157_ICP_0000048678UN93C | PG60126_ICP_0000048678UN93C,_CLOSED_Depot_U_P&G_Elec_Matamata | Matamata - Depot,Downer | Downer,Electricity – purchased from grid [kWh] | Electricity – purchased from grid [kWh],30 Jun 2022 | 31 May 2023,none | none,,0,0.0,Legitimate succession - closed predecessor plus live replacement
0000049260WE065,ICP,2,0,5003_ICP_0000049260WE065 | 9010_ICP_0000049260WE065,_CLOSED_Recharges_BP | Hawkins Construction Recharges,Downer | Downer,Electricity – purchased from grid [kWh] | Electricity – purchased from grid [kWh],30 Jun 2022 | 31 Mar 2023,none | none,,0,0.0,Legitimate succession - closed predecessor plus live replacement
0000050496WT310,ICP,2,0,5289_ICP_0000050496WT310 | 55684_ICP_0000050496WT310,_CLOSED_Depot_T_Oamaru | Oamaru Depot,Downer | Downer,Electricity – purchased from grid [kWh] | Electricity – purchased from grid [kWh],30 Jun 2022 | 31 May 2023,none | none,,0,0.0,Legitimate succession - closed predecessor plus live replacement
0000052034NT6A8,ICP,3,1,5043_ICP_0000052034NT6A8 | 55610_ICP_0000052034NT6A8 | Eco_ICP_0000052034NT6A8,_CLOSED_Depot_T_Nelson | Nelson Depot | Nelson Depot,Downer | Downer | Ecotricity,Electricity – purchased from grid [kWh] | Electricity – purchased from grid [kWh] | Electricity – purchased from grid [kWh],30 Jun 2022 | 30 Apr 2023 | open,"none | none | Mar26,Apr26,May26,Jun26,Jul26,Aug26",,0,0.0,Legitimate succession - closed predecessor plus live replacement
0000055574NT568,ICP,3,0,5043_ICP_0000055574NT568 | 5104_ICP_0000055574NT568 | 91308_ICP_0000055574NT568,_CLOSED_Depot_T_Nelson | _CLOSED_Support_T_Plant | Nelson (41a Kendall View),Downer | Downer | Downer,Electricity – purchased from grid [kWh] | Electricity – purchased from grid [kWh] | Electricity – purchased from grid [kWh],30 Jun 2022 | 30 Jun 2022 | 31 May 2023,none | none | none,,0,0.0,Legitimate succession - closed predecessor plus live replacement
0000055906UN234,ICP,2,0,5064_ICP_0000055906UN234 | 55568_ICP_0000055906UN234,_CLOSED_Depot_T_Tirau | Tirau Depot,Downer | Downer,Electricity – purchased from grid [kWh] | Electricity – purchased from grid [kWh],30 Jun 2022 | 30 Jun 2023,none | none,,0,0.0,Legitimate succession - closed predecessor plus live replacement
0000055908UN1AF,ICP,2,0,5064_ICP_0000055908UN1AF | 55568_ICP_0000055908UN1AF,_CLOSED_Depot_T_Tirau | Tirau Depot,Downer | Downer,Electricity – purchased from grid [kWh] | Electricity – purchased from grid [kWh],30 Jun 2022 | 31 May 2023,none | none,,0,0.0,Legitimate succession - closed predecessor plus live replacement
0000059259TR7B4,ICP,2,0,5009_ICP_0000059259TR7B4 | 91286_ICP_0000059259TR7B4,_CLOSED_Support_Corp_Property | Wellington (3 Ayton Drive),Downer | Downer,Electricity – purchased from grid [kWh] | Electricity – purchased from grid [kWh],30 Jun 2022 | 30 Jun 2023,none | none,,0,0.0,Legitimate succession - closed predecessor plus live replacement
0000064181CPEA6,ICP,3,0,5147_ICP_0000064181CPEA6 | 5161_ICP_0000064181CPEA6 | PG60233_ICP_0000064181CPEA6,_CLOSED_U_P&G_Palmerston North | _CLOSED_Depot_U_P&G_Elec_Pahiatua | Pahiatua - WM 232,Downer | Downer | Downer,Electricity – purchased from grid [kWh] | Electricity – purchased from grid [kWh] | Electricity – purchased from grid [kWh],30 Jun 2022 | 30 Jun 2022 | 31 May 2023,none | none | none,,0,0.0,Legitimate succession - closed predecessor plus live replacement
0000066908CP6F0,ICP,2,0,5002_ICP_0000066908CP6F0 | 9009_ICP_0000066908CP6F0,"_CLOSED_Recharges_HO_P&G | Wharf Road, Coromandel",Downer | Downer,Electricity – purchased from grid [kWh] | Electricity – purchased from grid [kWh],30 Jun 2022 | 30 Jun 2023,none | none,,0,0.0,Legitimate succession - closed predecessor plus live replacement
0000066908CP6FO,ICP,2,0,5147_ICP_0000066908CP6FO | 5160_ICP_0000066908CP6FO,_CLOSED_U_P&G_Palmerston North | _CLOSED_Depot_U_P&G_Elec_Palmerston North,Downer | Downer,Electricity – purchased from grid [kWh] | Electricity – purchased from grid [kWh],30 Jun 2022 | 30 Jun 2022,none | none,,0,0.0,Legitimate succession - closed predecessor plus live replacement
0000101080EN621,ICP,2,0,5009_ICP_0000101080EN621 | 91200_ICP_0000101080EN621,_CLOSED_Support_Corp_Property | Gisborne (3-58 Peel Street),Downer | Downer,Electricity – purchased from grid [kWh] | Electricity – purchased from grid [kWh],30 Jun 2022 | 30 Jun 2023,none | none,,0,0.0,Legitimate succession - closed predecessor plus live replacement
0000102308DEAD2,ICP,3,1,3508_ICP_0000102308DEAD2 | 5012_ICP_0000102308DEAD2 | Eco_ICP_0000102308DEAD2,Asphalt Prod - Dunedin | _CLOSED_Asphalt_Dunedin | Asphalt Prod - Dunedin,Downer | Downer | Ecotricity,Electricity – purchased from grid [kWh] | Electricity – purchased from grid [kWh] | Electricity – purchased from grid [kWh],30 Apr 2023 | 30 Jun 2022 | open,"none | none | Mar26,Apr26,May26,Jun26,Jul26,Aug26",,0,0.0,Legitimate succession - closed predecessor plus live replacement
0000162562CK59F,ICP,3,0,5009_ICP_0000162562CK59F | 5104_ICP_0000162562CK59F | 91289_ICP_0000162562CK59F,_CLOSED_Support_Corp_Property | _CLOSED_Support_T_Plant | Porirua (105 John Burke Dr),Downer | Downer | Downer,Electricity – purchased from grid [kWh] | Electricity – purchased from grid [kWh] | Electricity – purchased from grid [kWh],30 Jun 2022 | 30 Jun 2022 | 31 Mar 2023,none | none | none,,0,0.0,Legitimate succession - closed predecessor plus live replacement
0000164248CK099,ICP,3,0,5003_ICP_0000164248CK099 | 5258_ICP_0000164248CK099 | 9010_ICP_0000164248CK099,_CLOSED_Recharges_BP | _CLOSED_BP_Wellington_Small Jobs | Hawkins Construction Recharges,Downer | Downer | Downer,Electricity – purchased from grid [kWh] | Electricity – purchased from grid [kWh] | Electricity – purchased from grid [kWh],30 Jun 2022 | 30 Jun 2022 | 30 Jun 2023,none | none | none,,0,0.0,Legitimate succession - closed predecessor plus live replacement
0000166865CKBDD,ICP,2,0,5003_ICP_0000166865CKBDD | 9010_ICP_0000166865CKBDD,_CLOSED_Recharges_BP | Hawkins Construction Recharges,Downer | Downer,Electricity – purchased from grid [kWh] | Electricity – purchased from grid [kWh],30 Jun 2022 | 30 Jun 2023,none | none,,0,0.0,Legitimate succession - closed predecessor plus live replacement
0000167160CKE3B,ICP,2,0,5104_ICP_0000167160CKE3B | 91288_ICP_0000167160CKE3B,_CLOSED_Support_T_Plant | Porirua (25 Ulric Street),Downer | Downer,Electricity – purchased from grid [kWh] | Electricity – purchased from grid [kWh],30 Jun 2022 | 30 Jun 2023,none | none,,0,0.0,Legitimate succession - closed predecessor plus live replacement
0000175238TR220,ICP,2,0,5070_ICP_0000175238TR220 | 9010_ICP_0000175238TR220,_CLOSED_Depot_T_Wellington | Hawkins Construction Recharges,Downer | Downer,Electricity – purchased from grid [kWh] | Electricity – purchased from grid [kWh],30 Jun 2022 | 31 May 2023,none | none,,0,0.0,Legitimate succession - closed predecessor plus live replacement
0000188682UNB66,ICP,2,0,5068_ICP_0000188682UNB66 | 55524_ICP_0000188682UNB66,_CLOSED_Depot_T_Waitoki | Waitoki Depot,Downer | Downer,Electricity – purchased from grid [kWh] | Electricity – purchased from grid [kWh],30 Jun 2022 | 31 May 2023,none | none,,0,0.0,Legitimate succession - closed predecessor plus live replacement
0000188684UNAE9,ICP,2,0,5068_ICP_0000188684UNAE9 | 55524_ICP_0000188684UNAE9,_CLOSED_Depot_T_Waitoki | Waitoki Depot,Downer | Downer,Electricity – purchased from grid [kWh] | Electricity – purchased from grid [kWh],30 Jun 2022 | 31 May 2023,none | none,,0,0.0,Legitimate succession - closed predecessor plus live replacement
0000193087TRDF6,ICP,2,0,5003_ICP_0000193087TRDF6 | 9010_ICP_0000193087TRDF6,_CLOSED_Recharges_BP | Hawkins Construction Recharges,Downer | Downer,Electricity – purchased from grid [kWh] | Electricity – purchased from grid [kWh],30 Jun 2022 | 31 May 2023,none | none,,0,0.0,Legitimate succession - closed predecessor plus live replacement
0000207204DEB5C,ICP,2,0,5009_ICP_0000207204DEB5C | 91374_ICP_0000207204DEB5C,_CLOSED_Support_Corp_Property | Dunedin (195a Cumberland St),Downer | Downer,Electricity – purchased from grid [kWh] | Electricity – purchased from grid [kWh],30 Jun 2022 | 30 Jun 2023,none | none,,0,0.0,Legitimate succession - closed predecessor plus live replacement
0000207625DE64D,ICP,2,0,5026_ICP_0000207625DE64D | 55660_ICP_0000207625DE64D,_CLOSED_Depot_T_Dunedin (Green Island) | Dunedin Depot (Green Island ),Downer | Downer,Electricity – purchased from grid [kWh] | Electricity – purchased from grid [kWh],30 Jun 2022 | 30 Jun 2023,none | none,,0,0.0,Legitimate succession - closed predecessor plus live replacement
0000207809DEE0D,ICP,2,0,5009_ICP_0000207809DEE0D | 5104_ICP_0000207809DEE0D,_CLOSED_Support_Corp_Property | _CLOSED_Support_T_Plant,Downer | Downer,Electricity – purchased from grid [kWh] | Electricity – purchased from grid [kWh],31 May 2021 | 30 Jun 2021,none | none,,0,0.0,Legitimate succession - closed predecessor plus live replacement
0000212636WE1AF,ICP,2,0,5031_ICP_0000212636WE1AF | 55540_ICP_0000212636WE1AF,_CLOSED_Depot_T_Hamilton | Hamilton Depot,Downer | Downer,Electricity – purchased from grid [kWh] | Electricity – purchased from grid [kWh],30 Jun 2022 | 31 May 2023,none | none,,0,0.0,Legitimate succession - closed predecessor plus live replacement
0000260921MPCD5,ICP,2,0,5027_ICP_0000260921MPCD5 | 55614_ICP_0000260921MPCD5,_CLOSED_Depot_T_Engineers Camp (Lewis Pass) | Engineers Camp (Lewis Pass),Downer | Downer,Electricity – purchased from grid [kWh] | Electricity – purchased from grid [kWh],30 Jun 2022 | 30 Jun 2023,none | none,,0,0.0,Legitimate succession - closed predecessor plus live replacement
0000260933MP6FD,ICP,2,0,5027_ICP_0000260933MP6FD | 55614_ICP_0000260933MP6FD,_CLOSED_Depot_T_Engineers Camp (Lewis Pass) | Engineers Camp (Lewis Pass),Downer | Downer,Electricity – purchased from grid [kWh] | Electricity – purchased from grid [kWh],30 Jun 2022 | 31 May 2023,none | none,,0,0.0,Legitimate succession - closed predecessor plus live replacement
0000260936MPBB2,ICP,2,0,5027_ICP_0000260936MPBB2 | 55614_ICP_0000260936MPBB2,_CLOSED_Depot_T_Engineers Camp (Lewis Pass) | Engineers Camp (Lewis Pass),Downer | Downer,Electricity – purchased from grid [kWh] | Electricity – purchased from grid [kWh],30 Jun 2022 | 31 May 2023,none | none,,0,0.0,Legitimate succession - closed predecessor plus live replacement
0000261013MP301,ICP,2,0,5009_ICP_0000261013MP301 | 91324_ICP_0000261013MP301,_CLOSED_Support_Corp_Property | Hamner Springs (22 River Road),Downer | Downer,Electricity – purchased from grid [kWh] | Electricity – purchased from grid [kWh],30 Jun 2022 | 30 Jun 2023,none | none,,0,0.0,Legitimate succession - closed predecessor plus live replacement
0000304603WE255,ICP,2,0,5031_ICP_0000304603WE255 | 55540_ICP_0000304603WE255,_CLOSED_Depot_T_Hamilton | Hamilton Depot,Downer | Downer,Electricity – purchased from grid [kWh] | Electricity – purchased from grid [kWh],30 Jun 2022 | 31 May 2023,none | none,,0,0.0,Legitimate succession - closed predecessor plus live replacement
0000312551WT450,ICP,2,0,5140_ICP_0000312551WT450 | 561544_ICP_0000312551WT450,_CLOSED_U_ITS | DNZ National Radio Comms,Downer | Downer,Electricity – purchased from grid [kWh] | Electricity – purchased from grid [kWh],30 Jun 2022 | 31 May 2023,none | none,,0,0.0,Legitimate succession - closed predecessor plus live replacement
0000351696EN0A9,ICP,2,0,5071_ICP_0000351696EN0A9 | 55580_ICP_0000351696EN0A9,_CLOSED_Depot_T_Gisborne | Gisborne Depot,Downer | Downer,Electricity – purchased from grid [kWh] | Electricity – purchased from grid [kWh],30 Jun 2022 | 30 Jun 2023,none | none,,0,0.0,Legitimate succession - closed predecessor plus live replacement
0000351698EN332,ICP,2,0,5071_ICP_0000351698EN332 | 55580_ICP_0000351698EN332,_CLOSED_Depot_T_Gisborne | Gisborne Depot,Downer | Downer,Electricity – purchased from grid [kWh] | Electricity – purchased from grid [kWh],30 Jun 2022 | 31 May 2023,none | none,,0,0.0,Legitimate succession - closed predecessor plus live replacement
0000360550WT1EC,ICP,2,0,5067_ICP_0000360550WT1EC | 91335_ICP_0000360550WT1EC,_CLOSED_Depot_T_Waitaki (OSM) | Oamaru (39 Chelmers St),Downer | Downer,Electricity – purchased from grid [kWh] | Electricity – purchased from grid [kWh],30 Jun 2022 | 31 May 2023,none | none,,0,0.0,Legitimate succession - closed predecessor plus live replacement
0000371383TU129,ICP,2,0,5009_ICP_0000371383TU129 | 91237_ICP_0000371383TU129,_CLOSED_Support_Corp_Property | Taupo (66 Paro Hapi Street),Downer | Downer,Electricity – purchased from grid [kWh] | Electricity – purchased from grid [kWh],30 Jun 2022 | 31 Mar 2023,none | none,,0,0.0,Legitimate succession - closed predecessor plus live replacement
0000382532TPE86,ICP,2,0,5140_ICP_0000382532TPE86 | 561531_ICP_0000382532TPE86,_CLOSED_U_ITS | Invercargill Communications,Downer | Downer,Electricity – purchased from grid [kWh] | Electricity – purchased from grid [kWh],30 Jun 2022 | 31 May 2023,none | none,,0,0.0,Legitimate succession - closed predecessor plus live replacement
0000386961TP0C2,ICP,2,0,5140_ICP_0000386961TP0C2 | 561544_ICP_0000386961TP0C2,_CLOSED_U_ITS | DNZ National Radio Comms,Downer | Downer,Electricity – purchased from grid [kWh] | Electricity – purchased from grid [kWh],30 Jun 2022 | 31 May 2023,none | none,,0,0.0,Legitimate succession - closed predecessor plus live replacement
0000405525TP7AF,ICP,2,0,5060_ICP_0000405525TP7AF | 55682_ICP_0000405525TP7AF,_CLOSED_Depot_T_Te Anau | Te Anau Depot,Downer | Downer,Electricity – purchased from grid [kWh] | Electricity – purchased from grid [kWh],30 Jun 2022 | 30 Jun 2023,none | none,,0,0.0,Legitimate succession - closed predecessor plus live replacement
0000408379TP09F,ICP,2,0,5009_ICP_0000408379TP09F | 91336_ICP_0000408379TP09F,_CLOSED_Support_Corp_Property | Te Anau (103 Howden St),Downer | Downer,Electricity – purchased from grid [kWh] | Electricity – purchased from grid [kWh],30 Jun 2022 | 31 May 2023,none | none,,0,0.0,Legitimate succession - closed predecessor plus live replacement
0000485414CE4EE,ICP,2,0,5051_ICP_0000485414CE4EE | 55680_ICP_0000485414CE4EE,_CLOSED_Depot_T_Queenstown | Queenstown Depot,Downer | Downer,Electricity – purchased from grid [kWh] | Electricity – purchased from grid [kWh],30 Jun 2022 | 30 Jun 2023,none | none,,0,0.0,Legitimate succession - closed predecessor plus live replacement
0000486901CE4E4,ICP,2,0,5051_ICP_0000486901CE4E4 | 55680_ICP_0000486901CE4E4,_CLOSED_Depot_T_Queenstown | Queenstown Depot,Downer | Downer,Electricity – purchased from grid [kWh] | Electricity – purchased from grid [kWh],30 Jun 2022 | 30 Jun 2023,none | none,,0,0.0,Legitimate succession - closed predecessor plus live replacement
0000488998CED92,ICP,2,0,5172_ICP_0000488998CED92 | PS2639_ICP_0000488998CED92,_CLOSED_T_South_Residual-Jobs-CWB-JDE | WTPA,Downer | Downer,Electricity – purchased from grid [kWh] | Electricity – purchased from grid [kWh],30 Jun 2022 | 30 Jun 2023,none | none,,0,0.0,Legitimate succession - closed predecessor plus live replacement
0000501318DEB20,ICP,3,0,5009_ICP_0000501318DEB20 | 5104_ICP_0000501318DEB20 | 91001_ICP_0000501318DEB20,_CLOSED_Support_Corp_Property | _CLOSED_Support_T_Plant | Properties Overheads,Downer | Downer | Downer,Electricity – purchased from grid [kWh] | Electricity – purchased from grid [kWh] | Electricity – purchased from grid [kWh],30 Jun 2022 | 30 Jun 2022 | 30 Jun 2023,none | none | none,,0,0.0,Legitimate succession - closed predecessor plus live replacement
0000508197CE908,ICP,2,0,5174_ICP_0000508197CE908 | 5327_ICP_0000508197CE908,_CLOSED_T_South_Residual-Jobs-Jobpac | _CLOSED_T_South_TuckersBeachRd,Downer | Downer,Electricity – purchased from grid [kWh] | Electricity – purchased from grid [kWh],10 Jul 2019 | 30 Jun 2022,none | none,,0,0.0,Legitimate succession - closed predecessor plus live replacement
0000510594DE233,ICP,2,0,5174_ICP_0000510594DE233 | JP_DS2652_ICP_0000510594DE233,_CLOSED_T_South_Residual-Jobs-Jobpac | SH88 PORT CHALMERS SAFETY IMPR,Downer | Downer,Electricity – purchased from grid [kWh] | Electricity – purchased from grid [kWh],30 Jun 2022 | 30 Jun 2024,none | none,,0,0.0,Legitimate succession - closed predecessor plus live replacement
0000510599DED68,ICP,2,0,5174_ICP_0000510599DED68 | JP_DS2652_ICP_0000510599DED68,_CLOSED_T_South_Residual-Jobs-Jobpac | SH88 PORT CHALMERS SAFETY IMPR,Downer | Downer,Electricity – purchased from grid [kWh] | Electricity – purchased from grid [kWh],30 Jun 2022 | 30 Jun 2024,none | none,,0,0.0,Legitimate succession - closed predecessor plus live replacement
0000510639CE86F,ICP,2,0,5121_ICP_0000510639CE86F | 556598_ICP_0000510639CE86F,_CLOSED_T_Southland / Central | Te Pa Tahuna (Ngai Tahu),Downer | Downer,Electricity – purchased from grid [kWh] | Electricity – purchased from grid [kWh],30 Jun 2022 | 30 Jun 2023,none | none,,0,0.0,Legitimate succession - closed predecessor plus live replacement
0000519132NR7B9,ICP,3,1,3502_ICP_0000519132NR7B9 | 5010_ICP_0000519132NR7B9 | Eco_ICP_0000519132NR7B9,Asphalt Prod - Whangarei | _CLOSED_Asphalt _Whangarei | Asphalt Prod - Whangarei,Downer | Downer | Ecotricity,Electricity – purchased from grid [kWh] | Electricity – purchased from grid [kWh] | Electricity – purchased from grid [kWh],30 Apr 2023 | 30 Jun 2022 | open,"none | none | Mar26,Apr26,May26,Jun26,Jul26,Aug26",,0,0.0,Legitimate succession - closed predecessor plus live replacement
0000526222NR65B,ICP,2,0,5252_ICP_0000526222NR65B | 55512_ICP_0000526222NR65B,_CLOSED_Depot_T_Dargaville | Dargaville Depot,Downer | Downer,Electricity – purchased from grid [kWh] | Electricity – purchased from grid [kWh],30 Jun 2022 | 30 Jun 2023,none | none,,0,0.0,Legitimate succession - closed predecessor plus live replacement
0000540984TU702,ICP,2,0,5003_ICP_0000540984TU702 | 9010_ICP_0000540984TU702,_CLOSED_Recharges_BP | Hawkins Construction Recharges,Downer | Downer,Electricity – purchased from grid [kWh] | Electricity – purchased from grid [kWh],30 Jun 2022 | 31 Mar 2023,none | none,,0,0.0,Legitimate succession - closed predecessor plus live replacement
0000541526TU234,ICP,2,0,5003_ICP_0000541526TU234 | 9010_ICP_0000541526TU234,_CLOSED_Recharges_BP | Hawkins Construction Recharges,Downer | Downer,Electricity – purchased from grid [kWh] | Electricity – purchased from grid [kWh],30 Jun 2022 | 30 Jun 2023,none | none,,0,0.0,Legitimate succession - closed predecessor plus live replacement
0000541527TUE71,ICP,2,0,5003_ICP_0000541527TUE71 | 9010_ICP_0000541527TUE71,_CLOSED_Recharges_BP | Hawkins Construction Recharges,Downer | Downer,Electricity – purchased from grid [kWh] | Electricity – purchased from grid [kWh],30 Jun 2022 | 30 Jun 2023,none | none,,0,0.0,Legitimate succession - closed predecessor plus live replacement
0000548841NR5F9,ICP,2,0,5072_ICP_0000548841NR5F9 | 55510_ICP_0000548841NR5F9,_CLOSED_Depot_T_Whangarei | Whangarei Depot,Downer | Downer,Electricity – purchased from grid [kWh] | Electricity – purchased from grid [kWh],30 Jun 2022 | 30 Jun 2023,none | none,,0,0.0,Legitimate succession - closed predecessor plus live replacement
0000549182NR67F,ICP,2,0,5072_ICP_0000549182NR67F | 55510_ICP_0000549182NR67F,_CLOSED_Depot_T_Whangarei | Whangarei Depot,Downer | Downer,Electricity – purchased from grid [kWh] | Electricity – purchased from grid [kWh],30 Jun 2022 | 31 May 2023,none | none,,0,0.0,Legitimate succession - closed predecessor plus live replacement
0000584375WTD6A,ICP,2,0,5140_ICP_0000584375WTD6A | 561544_ICP_0000584375WTD6A,_CLOSED_U_ITS | DNZ National Radio Comms,Downer | Downer,Electricity – purchased from grid [kWh] | Electricity – purchased from grid [kWh],30 Jun 2022 | 31 May 2023,none | none,,0,0.0,Legitimate succession - closed predecessor plus live replacement
0000596055TP6BF,ICP,2,0,3101_ICP_0000596055TP6BF | 5305_ICP_0000596055TP6BF,TRC - Admin | _CLOSED_Support_T_TRC,Downer | Downer,Electricity – purchased from grid [kWh] | Electricity – purchased from grid [kWh],31 Mar 2023 | 30 Jun 2022,none | none,,0,0.0,Legitimate succession - closed predecessor plus live replacement
0000620071WPB92,ICP,2,0,10183_ICP_0000620071WPB92 | 5134_ICP_0000620071WPB92,West Coast Telco Ops | _CLOSED_U_Util_O&M,Downer | Downer,Electricity – purchased from grid [kWh] | Electricity – purchased from grid [kWh],31 May 2023 | 30 Jun 2022,none | none,,0,0.0,Legitimate succession - closed predecessor plus live replacement
0000624842MP24B,ICP,2,0,5036_ICP_0000624842MP24B | 55626_ICP_0000624842MP24B,_CLOSED_Depot_T_Kaikaoura | Kaikoura Depot,Downer | Downer,Electricity – purchased from grid [kWh] | Electricity – purchased from grid [kWh],30 Jun 2022 | 30 Jun 2023,none | none,,0,0.0,Legitimate succession - closed predecessor plus live replacement
0000644430TPBA4,ICP,2,0,3101_ICP_0000644430TPBA4 | 5305_ICP_0000644430TPBA4,TRC - Admin | _CLOSED_Support_T_TRC,Downer | Downer,Electricity – purchased from grid [kWh] | Electricity – purchased from grid [kWh],31 May 2023 | 30 Jun 2022,none | none,,0,0.0,Legitimate succession - closed predecessor plus live replacement
0000660398UN329,ICP,2,0,5166_ICP_0000660398UN329 | 55535_ICP_0000660398UN329,_CLOSED_Depot_T_Util_Water_Albany | Albany Depot(Water),Downer | Downer,Electricity – purchased from grid [kWh] | Electricity – purchased from grid [kWh],30 Jun 2022 | 31 May 2023,none | none,,0,0.0,Legitimate succession - closed predecessor plus live replacement
0000700385MP041,ICP,2,0,5115_ICP_0000700385MP041 | 561535_ICP_0000700385MP041,_CLOSED_T_Canterbury | ITS Kaikoura NCTIR,Downer | Downer,Electricity – purchased from grid [kWh] | Electricity – purchased from grid [kWh],30 Jun 2022 | 31 May 2023,none | none,,0,0.0,Legitimate succession - closed predecessor plus live replacement
0000700787MPCC5,ICP,2,0,5009_ICP_0000700787MPCC5 | 91359_ICP_0000700787MPCC5,_CLOSED_Support_Corp_Property | Amberley (58 Grays Road),Downer | Downer,Electricity – purchased from grid [kWh] | Electricity – purchased from grid [kWh],30 Jun 2022 | 31 May 2023,none | none,,0,0.0,Legitimate succession - closed predecessor plus live replacement
0000734355NVC9C,ICP,2,1,5014_ICP_0000734355NVC9C | Eco_ICP_0000734355NVC9C,_CLOSED_Asphalt_Invercargill | Asphalt Prod - Invercargill,Downer | Ecotricity,Electricity – purchased from grid [kWh] | Electricity – purchased from grid [kWh],30 Jun 2022 | open,"none | Mar26,Apr26,May26,Jun26,Jul26,Aug26",,0,0.0,Legitimate succession - closed predecessor plus live replacement
0000744632NV11A,ICP,3,0,5104_ICP_0000744632NV11A | 5174_ICP_0000744632NV11A | JP_DS2669_ICP_0000744632NV11A,_CLOSED_Support_T_Plant | _CLOSED_T_South_Residual-Jobs-Jobpac | ICC STREETSCAPES,Downer | Downer | Downer,Electricity – purchased from grid [kWh] | Electricity – purchased from grid [kWh] | Electricity – purchased from grid [kWh],30 Jun 2022 | 30 Jun 2022 | 30 Jun 2024,none | none | none,,0,0.0,Legitimate succession - closed predecessor plus live replacement
0000744633NVD5F,ICP,3,0,5104_ICP_0000744633NVD5F | 5174_ICP_0000744633NVD5F | JP_DS2669_ICP_0000744633NVD5F,_CLOSED_Support_T_Plant | _CLOSED_T_South_Residual-Jobs-Jobpac | ICC STREETSCAPES,Downer | Downer | Downer,Electricity – purchased from grid [kWh] | Electricity – purchased from grid [kWh] | Electricity – purchased from grid [kWh],30 Jun 2022 | 30 Jun 2022 | 30 Jun 2024,none | none | none,,0,0.0,Legitimate succession - closed predecessor plus live replacement
0000775286NVE2F,ICP,3,0,5009_ICP_0000775286NVE2F | 5104_ICP_0000775286NVE2F | 91364_ICP_0000775286NVE2F,_CLOSED_Support_Corp_Property | _CLOSED_Support_T_Plant | Invercargill (12 Fern Street),Downer | Downer | Downer,Electricity – purchased from grid [kWh] | Electricity – purchased from grid [kWh] | Electricity – purchased from grid [kWh],30 Jun 2022 | 30 Jun 2022 | 30 Jun 2023,none | none | none,,0,0.0,Legitimate succession - closed predecessor plus live replacement
0000900914TU1BE,ICP,2,0,5003_ICP_0000900914TU1BE | 9010_ICP_0000900914TU1BE,_CLOSED_Recharges_BP | Hawkins Construction Recharges,Downer | Downer,Electricity – purchased from grid [kWh] | Electricity – purchased from grid [kWh],30 Jun 2022 | 30 Jun 2023,none | none,,0,0.0,Legitimate succession - closed predecessor plus live replacement
0000922160TUF69,ICP,3,0,5009_ICP_0000922160TUF69 | 5104_ICP_0000922160TUF69 | 91217_ICP_0000922160TUF69,_CLOSED_Support_Corp_Property | _CLOSED_Support_T_Plant | Te Puke ( 19 Station Road),Downer | Downer | Downer,Electricity – purchased from grid [kWh] | Electricity – purchased from grid [kWh] | Electricity – purchased from grid [kWh],30 Jun 2022 | 30 Jun 2022 | 30 Jun 2023,none | none | none,,0,0.0,Legitimate succession - closed predecessor plus live replacement
0000931749NV418,ICP,3,1,3042_ICP_0000931749NV418 | 5017_ICP_0000931749NV418 | Eco_ICP_0000931749NV418,Bitumen - Bluff | _CLOSED_Bitumen_Bluff | Bitumen - Bluff,Downer | Downer | Ecotricity,Electricity – purchased from grid [kWh] | Electricity – purchased from grid [kWh] | Electricity – purchased from grid [kWh],30 Apr 2023 | 30 Jun 2022 | open,"none | none | Mar26,Apr26,May26,Jun26,Jul26,Aug26",,0,0.0,Legitimate succession - closed predecessor plus live replacement
0000939570TUEC4,ICP,3,1,3040_ICP_0000939570TUEC4 | 5019_ICP_0000939570TUEC4 | Eco_ICP_0000939570TUEC4,Bitumen - Mt Maunganui | _CLOSED_Bitumen_Mt Maunganui | Bitumen - Mt Maunganui,Downer | Downer | Ecotricity,Electricity – purchased from grid [kWh] | Electricity – purchased from grid [kWh] | Electricity – purchased from grid [kWh],30 Apr 2023 | 30 Jun 2022 | open,"none | none | Mar26,Apr26,May26,Jun26,Jul26,Aug26",,0,0.0,Legitimate succession - closed predecessor plus live replacement
0000951220TU696,ICP,2,0,5001_ICP_0000951220TU696 | 91220_ICP_0000951220TU696,_CLOSED_Support_Corp_HSE | Tauriko (Taurikura Dr),Downer | Downer,Electricity – purchased from grid [kWh] | Electricity – purchased from grid [kWh],30 Jun 2022 | 30 Jun 2023,none | none,,0,0.0,Legitimate succession - closed predecessor plus live replacement
0000967277TU7B8,ICP,2,0,5058_ICP_0000967277TU7B8 | 55615_ICP_0000967277TU7B8,_CLOSED_Depot_T_Taupo (Mahoe St) | Taupo (Mahoe St) Depot,Downer | Downer,Electricity – purchased from grid [kWh] | Electricity – purchased from grid [kWh],30 Jun 2022 | 31 May 2023,none | none,,0,0.0,Legitimate succession - closed predecessor plus live replacement
0000968029TUF4C,ICP,2,0,5142_ICP_0000968029TUF4C | 63990_ICP_0000968029TUF4C,_CLOSED_Support_U_P&G_Electricity | Utilities Support Misc Rechges,Downer | Downer,Electricity – purchased from grid [kWh] | Electricity – purchased from grid [kWh],30 Jun 2022 | 31 May 2023,none | none,,0,0.0,Legitimate succession - closed predecessor plus live replacement
0001001775PCC89,ICP,2,0,5044_ICP_0001001775PCC89 | 55572_ICP_0001001775PCC89,_CLOSED_Depot_T_New Plymouth | New Plymouth Depot,Downer | Downer,Electricity – purchased from grid [kWh] | Electricity – purchased from grid [kWh],30 Jun 2022 | 30 Jun 2023,none | none,,0,0.0,Legitimate succession - closed predecessor plus live replacement
0001051206TG35C,ICP,2,0,5047_ICP_0001051206TG35C | 55550_ICP_0001051206TG35C,_CLOSED_Depot_T_Palmerston | Palmerston Depot,Downer | Downer,Electricity – purchased from grid [kWh] | Electricity – purchased from grid [kWh],30 Jun 2022 | 30 Jun 2023,none | none,,0,0.0,Legitimate succession - closed predecessor plus live replacement
0001259077UN7C4,ICP,2,0,5166_ICP_0001259077UN7C4 | 55535_ICP_0001259077UN7C4,_CLOSED_Depot_T_Util_Water_Albany | Albany Depot(Water),Downer | Downer,Electricity – purchased from grid [kWh] | Electricity – purchased from grid [kWh],30 Jun 2022 | 31 May 2023,none | none,,0,0.0,Legitimate succession - closed predecessor plus live replacement
0001302906EN76C,ICP,2,0,5071_ICP_0001302906EN76C | 55580_ICP_0001302906EN76C,_CLOSED_Depot_T_Gisborne | Gisborne Depot,Downer | Downer,Electricity – purchased from grid [kWh] | Electricity – purchased from grid [kWh],30 Jun 2022 | 31 May 2023,none | none,,0,0.0,Legitimate succession - closed predecessor plus live replacement
0001302909EN8B2,ICP,2,0,5071_ICP_0001302909EN8B2 | 55580_ICP_0001302909EN8B2,_CLOSED_Depot_T_Gisborne | Gisborne Depot,Downer | Downer,Electricity – purchased from grid [kWh] | Electricity – purchased from grid [kWh],30 Jun 2022 | 30 Jun 2023,none | none,,0,0.0,Legitimate succession - closed predecessor plus live replacement
0001302912ENCCB,ICP,2,0,5071_ICP_0001302912ENCCB | 55580_ICP_0001302912ENCCB,_CLOSED_Depot_T_Gisborne | Gisborne Depot,Downer | Downer,Electricity – purchased from grid [kWh] | Electricity – purchased from grid [kWh],30 Jun 2022 | 30 Jun 2023,none | none,,0,0.0,Legitimate succession - closed predecessor plus live replacement
0001399766UNEF2,ICP,2,0,10032_ICP_0001399766UNEF2 | 5127_ICP_0001399766UNEF2,UFB Services Hub | _CLOSED_Depot_U_Util_UFB,Downer | Downer,Electricity – purchased from grid [kWh] | Electricity – purchased from grid [kWh],31 May 2023 | 30 Jun 2022,none | none,,0,0.0,Legitimate succession - closed predecessor plus live replacement
0001408287UNE67,ICP,2,0,3001_ICP_0001408287UNE67 | 5097_ICP_0001408287UNE67,Administration Dept | _CLOSED_Support_T_Bitumen,Downer | Downer,Electricity – purchased from grid [kWh] | Electricity – purchased from grid [kWh],30 Jun 2023 | 30 Jun 2022,none | none,,0,0.0,Legitimate succession - closed predecessor plus live replacement
0001430190TG470,ICP,2,0,5022_ICP_0001430190TG470 | 55674_ICP_0001430190TG470,_CLOSED_Depot_T_Balclutha | Balclutha Depot,Downer | Downer,Electricity – purchased from grid [kWh] | Electricity – purchased from grid [kWh],30 Jun 2022 | 31 May 2023,none | none,,0,0.0,Legitimate succession - closed predecessor plus live replacement
0001510110PCCA2,ICP,3,1,3045_ICP_0001510110PCCA2 | 5020_ICP_0001510110PCCA2 | Eco_ICP_0001510110PCCA2,Bitumen - Taranaki | _CLOSED_Bitumen_Taranaki | Bitumen - Taranaki,Downer | Downer | Ecotricity,Electricity – purchased from grid [kWh] | Electricity – purchased from grid [kWh] | Electricity – purchased from grid [kWh],30 Apr 2023 | 30 Jun 2022 | open,"none | none | Mar26,Apr26,May26,Jun26,Jul26,Aug26",,0,0.0,Legitimate succession - closed predecessor plus live replacement
0001621035TG9BD,ICP,2,0,5039_ICP_0001621035TG9BD | 55688_ICP_0001621035TG9BD,_CLOSED_Depot_T_Lawrence | Lawrence Depot,Downer | Downer,Electricity – purchased from grid [kWh] | Electricity – purchased from grid [kWh],30 Jun 2022 | 31 May 2023,none | none,,0,0.0,Legitimate succession - closed predecessor plus live replacement
0001742361PC751,ICP,2,0,3505_ICP_0001742361PC751 | 5015_ICP_0001742361PC751,Asphalt Prod - New Plymouth | _CLOSED_Asphalt_New Plymouth,Downer | Downer,Electricity – purchased from grid [kWh] | Electricity – purchased from grid [kWh],30 Jun 2023 | 30 Jun 2022,none | none,,0,0.0,Legitimate succession - closed predecessor plus live replacement
0001801477PC47E,ICP,2,0,5044_ICP_0001801477PC47E | 5330_ICP_0001801477PC47E,_CLOSED_Depot_T_New Plymouth | _CLOSED_T_Pacific,Downer | Downer,Electricity – purchased from grid [kWh] | Electricity – purchased from grid [kWh],01 Mar 2021 | 28 Sep 2020,none | none,,0,0.0,Legitimate succession - closed predecessor plus live replacement
0002105740WM96B,ICP,3,0,5056_ICP_0002105740WM96B | 55563_ICP_0002105740WM96B | 91999_ICP_0002105740WM96B,_CLOSED_Depot_T_Taumarunui | Taumarunui Depot | Cell Towers,Downer | Downer | Downer,Electricity – purchased from grid [kWh] | Electricity – purchased from grid [kWh] | Electricity – purchased from grid [kWh],30 Jun 2022 | 31 Mar 2023 | 31 May 2023,none | none | none,,0,0.0,Legitimate succession - closed predecessor plus live replacement
0003333205AL559,ICP,3,0,5009_ICP_0003333205AL559 | 5104_ICP_0003333205AL559 | 91287_ICP_0003333205AL559,_CLOSED_Support_Corp_Property | _CLOSED_Support_T_Plant | Timaru (100 Pages Road),Downer | Downer | Downer,Electricity – purchased from grid [kWh] | Electricity – purchased from grid [kWh] | Electricity – purchased from grid [kWh],30 Jun 2022 | 30 Jun 2022 | 31 Mar 2023,none | none | none,,0,0.0,Legitimate succession - closed predecessor plus live replacement
0003860192TP8AB,ICP,3,0,5121_0003860192TP8AB | 5121_ICP_0003860192TP8AB | 556260_ICP_0003860192TP8AB,_CLOSED_T_Southland / Central | _CLOSED_T_Southland / Central | NZTA Contract PW S88/01,Downer | Downer | Downer,Electricity – purchased from grid [kWh] | Electricity – purchased from grid [kWh] | Electricity – purchased from grid [kWh],30 Jun 2022 | 30 Jun 2022 | 31 May 2023,none | none | none,,0,0.0,Legitimate succession - closed predecessor plus live replacement
0004067806HB1B8,ICP,2,0,5116_ICP_0004067806HB1B8 | 550774_ICP_0004067806HB1B8,_CLOSED_T_Central North | Taupo RT Repeaters & Network,Downer | Downer,Electricity – purchased from grid [kWh] | Electricity – purchased from grid [kWh],30 Jun 2022 | 31 May 2023,none | none,,0,0.0,Legitimate succession - closed predecessor plus live replacement
0004670663ALAA1,ICP,2,0,5063_ICP_0004670663ALAA1 | 55652_ICP_0004670663ALAA1,_CLOSED_Depot_T_Timaru | Timaru Depot,Downer | Downer,Electricity – purchased from grid [kWh] | Electricity – purchased from grid [kWh],30 Jun 2022 | 31 May 2023,none | none,,0,0.0,Legitimate succession - closed predecessor plus live replacement
0005302990ENBEF,ICP,2,0,5095_ICP_0005302990ENBEF | 55192_ICP_0005302990ENBEF,_CLOSED_Quarry_WOK | Quarry - WOK,Downer | Downer,Electricity – purchased from grid [kWh] | Electricity – purchased from grid [kWh],30 Jun 2022 | 30 Jun 2023,none | none,,0,0.0,Legitimate succession - closed predecessor plus live replacement
0005302992ENB6A,ICP,3,1,5095_ICP_0005302992ENB6A | 55192_ICP_0005302992ENB6A | Eco_ICP_0005302992ENB6A,_CLOSED_Quarry_WOK | Quarry - WOK | Quarry - WOK,Downer | Downer | Ecotricity,Electricity – purchased from grid [kWh] | Electricity – purchased from grid [kWh] | Electricity – purchased from grid [kWh],30 Jun 2022 | 30 Apr 2023 | open,"none | none | Mar26,Apr26,May26,Jun26,Jul26,Aug26",,0,0.0,Legitimate succession - closed predecessor plus live replacement
0006606442ML38E,ICP,2,0,5050_ICP_0006606442ML38E | 55628_ICP_0006606442ML38E,_CLOSED_Depot_T_Picton | Picton Depot,Downer | Downer,Electricity – purchased from grid [kWh] | Electricity – purchased from grid [kWh],30 Jun 2022 | 31 May 2023,none | none,,0,0.0,Legitimate succession - closed predecessor plus live replacement
0006725275TUA67,ICP,2,0,5142_ICP_0006725275TUA67 | 63990_ICP_0006725275TUA67,_CLOSED_Support_U_P&G_Electricity | Utilities Support Misc Rechges,Downer | Downer,Electricity – purchased from grid [kWh] | Electricity – purchased from grid [kWh],30 Jun 2022 | 31 May 2023,none | none,,0,0.0,Legitimate succession - closed predecessor plus live replacement
0006863450RN0A4,ICP,3,1,3041_ICP_0006863450RN0A4 | 5018_ICP_0006863450RN0A4 | Eco_ICP_0006863450RN0A4,Bitumen - Lyttleton | _CLOSED_Bitumen_Lyttelton | Bitumen - Lyttleton,Downer | Downer | Ecotricity,Electricity – purchased from grid [kWh] | Electricity – purchased from grid [kWh] | Electricity – purchased from grid [kWh],30 Apr 2023 | 30 Jun 2022 | open,"none | none | Mar26,Apr26,May26,Jun26,Jul26,Aug26",,0,0.0,Legitimate succession - closed predecessor plus live replacement
0007109850WM31B,ICP,2,0,5056_ICP_0007109850WM31B | 55563_ICP_0007109850WM31B,_CLOSED_Depot_T_Taumarunui | Taumarunui Depot,Downer | Downer,Electricity – purchased from grid [kWh] | Electricity – purchased from grid [kWh],30 Jun 2022 | 30 Apr 2023,none | none,,0,0.0,Legitimate succession - closed predecessor plus live replacement
0007109860WM4E3,ICP,2,0,5056_ICP_0007109860WM4E3 | 55563_ICP_0007109860WM4E3,_CLOSED_Depot_T_Taumarunui | Taumarunui Depot,Downer | Downer,Electricity – purchased from grid [kWh] | Electricity – purchased from grid [kWh],30 Jun 2022 | 31 May 2023,none | none,,0,0.0,Legitimate succession - closed predecessor plus live replacement
0007114916TUD0B,ICP,2,0,5003_ICP_0007114916TUD0B | 9010_ICP_0007114916TUD0B,_CLOSED_Recharges_BP | Hawkins Construction Recharges,Downer | Downer,Electricity – purchased from grid [kWh] | Electricity – purchased from grid [kWh],30 Jun 2022 | 31 May 2023,none | none,,0,0.0,Legitimate succession - closed predecessor plus live replacement
0007118408RN645,ICP,2,0,5024_ICP_0007118408RN645 | 55650_ICP_0007118408RN645,_CLOSED_Depot_T_Christchurch (McLeans Is) | Christchurch Depot(McLeans Is),Downer | Downer,Electricity – purchased from grid [kWh] | Electricity – purchased from grid [kWh],30 Jun 2022 | 30 Jun 2023,none | none,,0,0.0,Legitimate succession - closed predecessor plus live replacement
0007128798RNB8D,ICP,2,0,5003_ICP_0007128798RNB8D | 9010_ICP_0007128798RNB8D,_CLOSED_Recharges_BP | Hawkins Construction Recharges,Downer | Downer,Electricity – purchased from grid [kWh] | Electricity – purchased from grid [kWh],30 Jun 2022 | 30 Jun 2023,none | none,,0,0.0,Legitimate succession - closed predecessor plus live replacement
0007143106RNC4F,ICP,2,0,10150_ICP_0007143106RNC4F | 5126_ICP_0007143106RNC4F,Shands Rd Occupancy Site Dept | _CLOSED_Depot_U_Shands-Rd,Downer | Downer,Electricity – purchased from grid [kWh] | Electricity – purchased from grid [kWh],31 May 2023 | 30 Jun 2022,none | none,,0,0.0,Legitimate succession - closed predecessor plus live replacement
0007154252RNACF,ICP,2,0,5142_ICP_0007154252RNACF | 63981_ICP_0007154252RNACF,_CLOSED_Support_U_P&G_Electricity | Logistics Ops South Island,Downer | Downer,Electricity – purchased from grid [kWh] | Electricity – purchased from grid [kWh],30 Jun 2022 | 30 Jun 2023,none | none,,0,0.0,Legitimate succession - closed predecessor plus live replacement
0007175244RN980,ICP,2,0,5172_ICP_0007175244RN980 | 5329_ICP_0007175244RN980,_CLOSED_T_South_Residual-Jobs-CWB-JDE | _CLOSED_T_South_SCIRTFinal,Downer | Downer,Electricity – purchased from grid [kWh] | Electricity – purchased from grid [kWh],09 Feb 2021 | 30 Jun 2022,none | none,,0,0.0,Legitimate succession - closed predecessor plus live replacement
0007202058RN859,ICP,3,1,3041_ICP_0007202058RN859 | 5018_ICP_0007202058RN859 | Eco_ICP_0007202058RN859,Bitumen - Lyttleton | _CLOSED_Bitumen_Lyttelton | Bitumen - Lyttleton,Downer | Downer | Ecotricity,Electricity – purchased from grid [kWh] | Electricity – purchased from grid [kWh] | Electricity – purchased from grid [kWh],30 Apr 2023 | 30 Jun 2022 | open,"none | none | Mar26,Apr26,May26,Jun26,Jul26,Aug26",,0,0.0,Legitimate succession - closed predecessor plus live replacement
0007204689RNA98,ICP,2,0,5174_ICP_0007204689RNA98 | JP_DS2664_ICP_0007204689RNA98,_CLOSED_T_South_Residual-Jobs-Jobpac | CCC Water Main Renewals Ilam,Downer | Downer,Electricity – purchased from grid [kWh] | Electricity – purchased from grid [kWh],30 Jun 2022 | 31 Mar 2023,none | none,,0,0.0,Legitimate succession - closed predecessor plus live replacement
0007206648RN272,ICP,2,0,5003_ICP_0007206648RN272 | 9010_ICP_0007206648RN272,_CLOSED_Recharges_BP | Hawkins Construction Recharges,Downer | Downer,Electricity – purchased from grid [kWh] | Electricity – purchased from grid [kWh],30 Jun 2022 | 31 Mar 2023,none | none,,0,0.0,Legitimate succession - closed predecessor plus live replacement
0007392206ALC3A,ICP,2,0,5065_ICP_0007392206ALC3A | 55654_ICP_0007392206ALC3A,_CLOSED_Depot_T_Twizel | Twizel Depot,Downer | Downer,Electricity – purchased from grid [kWh] | Electricity – purchased from grid [kWh],30 Jun 2022 | 31 May 2023,none | none,,0,0.0,Legitimate succession - closed predecessor plus live replacement
0008350244NVBC1,ICP,3,0,5009_ICP_0008350244NVBC1 | 5104_ICP_0008350244NVBC1 | 91366_ICP_0008350244NVBC1,_CLOSED_Support_Corp_Property | _CLOSED_Support_T_Plant | Invercargill(1/78 Islington St,Downer | Downer | Downer,Electricity – purchased from grid [kWh] | Electricity – purchased from grid [kWh] | Electricity – purchased from grid [kWh],30 Jun 2022 | 30 Jun 2022 | 31 Mar 2023,none | none | none,,0,0.0,Legitimate succession - closed predecessor plus live replacement
0008803763NV80A,ICP,2,0,5035_ICP_0008803763NV80A | 55670_ICP_0008803763NV80A,_CLOSED_Depot_T_Invercargill | Invercargill Depot,Downer | Downer,Electricity – purchased from grid [kWh] | Electricity – purchased from grid [kWh],30 Jun 2022 | 30 Jun 2023,none | none,,0,0.0,Legitimate succession - closed predecessor plus live replacement
0009562223CNE8F,ICP,3,0,5104_ICP_0009562223CNE8F | 5124_ICP_0009562223CNE8F | 550707_ICP_0009562223CNE8F,_CLOSED_Support_T_Plant | _CLOSED_T_Waikato | WDA Construction Costs,Downer | Downer | Downer,Electricity – purchased from grid [kWh] | Electricity – purchased from grid [kWh] | Electricity – purchased from grid [kWh],30 Jun 2022 | 30 Jun 2022 | 30 Jun 2023,none | none | none,,0,0.0,Legitimate succession - closed predecessor plus live replacement
0030306524PCB33,ICP,2,0,5002_ICP_0030306524PCB33 | 9009_ICP_0030306524PCB33,"_CLOSED_Recharges_HO_P&G | Wharf Road, Coromandel",Downer | Downer,Electricity – purchased from grid [kWh] | Electricity – purchased from grid [kWh],30 Jun 2022 | 31 May 2023,none | none,,0,0.0,Legitimate succession - closed predecessor plus live replacement
0030530098PCA11,ICP,2,0,5069_ICP_0030530098PCA11 | 55596_ICP_0030530098PCA11,_CLOSED_Depot_T_Wanganui | Wanganui Depot,Downer | Downer,Electricity – purchased from grid [kWh] | Electricity – purchased from grid [kWh],30 Jun 2022 | 30 Jun 2023,none | none,,0,0.0,Legitimate succession - closed predecessor plus live replacement
0033085000WR662,ICP,3,0,5145_ICP_0033085000WR662 | 5162_ICP_0033085000WR662 | PG60240_ICP_0033085000WR662,_CLOSED_U_P&G_Masterton | _CLOSED_Depot_U_P&G_Elec_Masterton | Masterton Area Manager,Downer | Downer | Downer,Electricity – purchased from grid [kWh] | Electricity – purchased from grid [kWh] | Electricity – purchased from grid [kWh],30 Jun 2022 | 30 Jun 2022 | 31 May 2023,none | none | none,,0,0.0,Legitimate succession - closed predecessor plus live replacement
0035529024PCBAE,ICP,2,0,5163_ICP_0035529024PCBAE | PG60224_ICP_0035529024PCBAE,_CLOSED_Depot_U_P&G_Elec_Taihape-Raetihi | Taihape/Raetihi - Depot,Downer | Downer,Electricity – purchased from grid [kWh] | Electricity – purchased from grid [kWh],30 Jun 2022 | 31 May 2023,none | none,,0,0.0,Legitimate succession - closed predecessor plus live replacement
0035880213PC771,ICP,3,0,5104_ICP_0035880213PC771 | 5118_ICP_0035880213PC771 | 63990_ICP_0035880213PC771,_CLOSED_Support_T_Plant | _CLOSED_T_Mid Central | Utilities Support Misc Rechges,Downer | Downer | Downer,Electricity – purchased from grid [kWh] | Electricity – purchased from grid [kWh] | Electricity – purchased from grid [kWh],30 Jun 2022 | 30 Jun 2022 | 31 May 2023,none | none | none,,0,0.0,Legitimate succession - closed predecessor plus live replacement
0037529039PC32A,ICP,2,0,5163_ICP_0037529039PC32A | PG60224_ICP_0037529039PC32A,_CLOSED_Depot_U_P&G_Elec_Taihape-Raetihi | Taihape/Raetihi - Depot,Downer | Downer,Electricity – purchased from grid [kWh] | Electricity – purchased from grid [kWh],30 Jun 2022 | 31 May 2023,none | none,,0,0.0,Legitimate succession - closed predecessor plus live replacement
0037932495PC1E5,ICP,2,0,5052_ICP_0037932495PC1E5 | 55560_ICP_0037932495PC1E5,_CLOSED_Depot_T_Raetihi | Raetihi Depot,Downer | Downer,Electricity – purchased from grid [kWh] | Electricity – purchased from grid [kWh],30 Jun 2022 | 31 May 2023,none | none,,0,0.0,Legitimate succession - closed predecessor plus live replacement
0047123930PCE3C,ICP,2,0,5033_ICP_0047123930PCE3C | 55570_ICP_0047123930PCE3C,_CLOSED_Depot_T_Hawera | Hawera Depot,Downer | Downer,Electricity – purchased from grid [kWh] | Electricity – purchased from grid [kWh],30 Jun 2022 | 31 May 2023,none | none,,0,0.0,Legitimate succession - closed predecessor plus live replacement
0050358013TP025,ICP,3,0,5009_ICP_0050358013TP025 | 5104_ICP_0050358013TP025 | 91368_ICP_0050358013TP025,_CLOSED_Support_Corp_Property | _CLOSED_Support_T_Plant | Invercargill (82 Lothian St),Downer | Downer | Downer,Electricity – purchased from grid [kWh] | Electricity – purchased from grid [kWh] | Electricity – purchased from grid [kWh],30 Jun 2022 | 30 Jun 2022 | 30 Jun 2023,none | none | none,,0,0.0,Legitimate succession - closed predecessor plus live replacement
0071098630WMAC0,ICP,2,0,5056_ICP_0071098630WMAC0 | 55563_ICP_0071098630WMAC0,_CLOSED_Depot_T_Taumarunui | Taumarunui Depot,Downer | Downer,Electricity – purchased from grid [kWh] | Electricity – purchased from grid [kWh],30 Jun 2022 | 31 May 2023,none | none,,0,0.0,Legitimate succession - closed predecessor plus live replacement
0083634200PC7D0,ICP,2,0,5056_ICP_0083634200PC7D0 | 55563_ICP_0083634200PC7D0,_CLOSED_Depot_T_Taumarunui | Taumarunui Depot,Downer | Downer,Electricity – purchased from grid [kWh] | Electricity – purchased from grid [kWh],30 Jun 2022 | 31 May 2023,none | none,,0,0.0,Legitimate succession - closed predecessor plus live replacement
0083973001PC01D,ICP,2,0,5054_ICP_0083973001PC01D | 55574_ICP_0083973001PC01D,_CLOSED_Depot_T_Stratford | Stratford Depot,Downer | Downer,Electricity – purchased from grid [kWh] | Electricity – purchased from grid [kWh],30 Jun 2022 | 31 May 2023,none | none,,0,0.0,Legitimate succession - closed predecessor plus live replacement
0110000593EL00F,ICP,2,0,5034_ICP_0110000593EL00F | 55604_ICP_0110000593EL00F,_CLOSED_Depot_T_Horowhenua | Horowhenua Depot,Downer | Downer,Electricity – purchased from grid [kWh] | Electricity – purchased from grid [kWh],30 Jun 2022 | 31 May 2023,none | none,,0,0.0,Legitimate succession - closed predecessor plus live replacement
0110914791LC1B5,ICP,2,0,5325_ICP_0110914791LC1B5 | 5330_ICP_0110914791LC1B5,_CLOSED_T_North_CRL-C3-JV | _CLOSED_T_Pacific,Downer | Downer,Electricity – purchased from grid [kWh] | Electricity – purchased from grid [kWh],30 Jun 2022 | 01 Jul 2020,none | none,,0,0.0,Legitimate succession - closed predecessor plus live replacement
0141534532LCA70,ICP,4,1,5003_ICP_0141534532LCA70 | 5185_ICP_0141534532LCA70 | 9010_ICP_0141534532LCA70 | Eco_ICP_0141534532LCA70,_CLOSED_Recharges_BP | _CLOSED_Office_BP_Auckland_HO-Auckland | Hawkins Construction Recharges | Hawkins Construction Recharges,Downer | Downer | Downer | Ecotricity,Electricity – purchased from grid [kWh] | Electricity – purchased from grid [kWh] | Electricity – purchased from grid [kWh] | Electricity – purchased from grid [kWh],30 Jun 2022 | 01 Jul 2020 | 30 Jun 2023 | open,none | none | none | none,,0,0.0,Legitimate succession - closed predecessor plus live replacement
0300278047LC2C3,ICP,2,0,5005_ICP_0300278047LC2C3 | 91145_ICP_0300278047LC2C3,_CLOSED_Office_Kerrs Road | Wiri (130 Kerrs Rd),Downer | Downer,Electricity – purchased from grid [kWh] | Electricity – purchased from grid [kWh],30 Jun 2022 | 31 May 2023,none | none,,0,0.0,Legitimate succession - closed predecessor plus live replacement
0346100364LCEED,ICP,2,0,5005_ICP_0346100364LCEED | 91145_ICP_0346100364LCEED,_CLOSED_Office_Kerrs Road | Wiri (130 Kerrs Rd),Downer | Downer,Electricity – purchased from grid [kWh] | Electricity – purchased from grid [kWh],30 Jun 2022 | 31 May 2023,none | none,,0,0.0,Legitimate succession - closed predecessor plus live replacement
0398095698LC2D6,ICP,3,0,5003_ICP_0398095698LC2D6 | 5186_ICP_0398095698LC2D6 | 9010_ICP_0398095698LC2D6,_CLOSED_Recharges_BP | _CLOSED_Depot_BP_Auckland_Plant-Yard | Hawkins Construction Recharges,Downer | Downer | Downer,Electricity – purchased from grid [kWh] | Electricity – purchased from grid [kWh] | Electricity – purchased from grid [kWh],30 Jun 2022 | 01 Jul 2020 | 31 May 2023,none | none | none,,0,0.0,Legitimate succession - closed predecessor plus live replacement
0415258065LC669,ICP,3,0,5113_0415258065LC669 | 5113_ICP_0415258065LC669 | 550431_ICP_0415258065LC669,_CLOSED_T_Auckland | _CLOSED_T_Auckland | AT HGI - Parent Contracts,Downer | Downer | Downer,Electricity – purchased from grid [kWh] | Electricity – purchased from grid [kWh] | Electricity – purchased from grid [kWh],30 Jun 2022 | 30 Jun 2022 | 31 May 2023,none | none | none,,0,0.0,Legitimate succession - closed predecessor plus live replacement
0828875777LC5ED,ICP,2,0,5049_ICP_0828875777LC5ED | 55530_ICP_0828875777LC5ED,_CLOSED_Depot_T_Penrose | Penrose Depot,Downer | Downer,Electricity – purchased from grid [kWh] | Electricity – purchased from grid [kWh],30 Jun 2022 | 31 Mar 2023,none | none,,0,0.0,Legitimate succession - closed predecessor plus live replacement
0847091937LC203,ICP,3,0,5009_ICP_0847091937LC203 | 5270_ICP_0847091937LC203 | 91803_ICP_0847091937LC203,_CLOSED_Support_Corp_Property | AKL Pt Chev (1A Carrington Rd) | AKL Pt Chev (1A Carrington Rd),Downer | Downer | Downer,Electricity – purchased from grid [kWh] | Electricity – purchased from grid [kWh] | Electricity – purchased from grid [kWh],30 Jun 2022 | 30 Jun 2022 | 30 Apr 2023,none | none | none,,0,0.0,Legitimate succession - closed predecessor plus live replacement
0900089361PC501,ICP,2,0,5317_ICP_0900089361PC501 | JP_DN1168_ICP_0900089361PC501,_CLOSED_T_North_Balance of Plant Turitea | Balance of Plant Turitea,Downer | Downer,Electricity – purchased from grid [kWh] | Electricity – purchased from grid [kWh],30 Jun 2022 | 30 Jun 2024,none | none,,0,0.0,Legitimate succession - closed predecessor plus live replacement
0900090531PCF4E,ICP,2,0,5048_ICP_0900090531PCF4E | 55590_ICP_0900090531PCF4E,_CLOSED_Depot_T_Palmerston North | Palmerston North Depot,Downer | Downer,Electricity – purchased from grid [kWh] | Electricity – purchased from grid [kWh],30 Jun 2022 | 30 Jun 2023,none | none,,0,0.0,Legitimate succession - closed predecessor plus live replacement
1000518383PC274,ICP,2,0,3525_ICP_1000518383PC274 | 5077_ICP_1000518383PC274,Mt Maunganui Laboratory | _CLOSED_Labs_Mt Maunganui,Downer | Downer,Electricity – purchased from grid [kWh] | Electricity – purchased from grid [kWh],30 Jun 2023 | 30 Jun 2022,none | none,,0,0.0,Legitimate succession - closed predecessor plus live replacement
1000522230PCA6E,ICP,4,1,5149_ICP_1000522230PCA6E | 5154_ICP_1000522230PCA6E | PG60110_ICP_1000522230PCA6E | Eco_ICP_1000522230PCA6E,_CLOSED_U_P&G_Tauranga | _CLOSED_Depot_U_P&G_Elec_Tauranga | Tauranga Area Manager | Tauranga Area Manager,Downer | Downer | Downer | Ecotricity,Electricity – purchased from grid [kWh] | Electricity – purchased from grid [kWh] | Electricity – purchased from grid [kWh] | Electricity – purchased from grid [kWh],30 Jun 2022 | 30 Jun 2022 | 30 Apr 2023 | open,"none | none | none | Mar26,Apr26,May26,Jun26,Jul26,Aug26",,0,0.0,Legitimate succession - closed predecessor plus live replacement
1000524019PC6AD,ICP,3,0,5149_ICP_1000524019PC6AD | 5155_ICP_1000524019PC6AD | PG60120_ICP_1000524019PC6AD,_CLOSED_U_P&G_Tauranga | _CLOSED_Depot_U_P&G_Elec_Paeroa | Valley Area Manager,Downer | Downer | Downer,Electricity – purchased from grid [kWh] | Electricity – purchased from grid [kWh] | Electricity – purchased from grid [kWh],30 Jun 2022 | 30 Jun 2022 | 31 May 2023,none | none | none,,0,0.0,Legitimate succession - closed predecessor plus live replacement
1000524774PC904,ICP,2,0,5059_ICP_1000524774PC904 | 91220_ICP_1000524774PC904,_CLOSED_Depot_T_Tauranga | Tauriko (Taurikura Dr),Downer | Downer,Electricity – purchased from grid [kWh] | Electricity – purchased from grid [kWh],30 Jun 2022 | 30 Jun 2023,none | none,,0,0.0,Legitimate succession - closed predecessor plus live replacement
1000550045PC182,ICP,2,0,5167_ICP_1000550045PC182 | 8140_ICP_1000550045PC182,_CLOSED_Support_T_South | Construction South,Downer | Downer,Electricity – purchased from grid [kWh] | Electricity – purchased from grid [kWh],30 Jun 2022 | 31 May 2023,none | none,,0,0.0,Legitimate succession - closed predecessor plus live replacement
1000559674PC099,ICP,2,0,5009_ICP_1000559674PC099 | 91622_ICP_1000559674PC099,_CLOSED_Support_Corp_Property | Tauranga (23 Cessna Place),Downer | Downer,Electricity – purchased from grid [kWh] | Electricity – purchased from grid [kWh],30 Jun 2022 | 30 Jun 2023,none | none,,0,0.0,Legitimate succession - closed predecessor plus live replacement
1000569601PC9A7,ICP,2,0,5003_ICP_1000569601PC9A7 | 9010_ICP_1000569601PC9A7,_CLOSED_Recharges_BP | Hawkins Construction Recharges,Downer | Downer,Electricity – purchased from grid [kWh] | Electricity – purchased from grid [kWh],30 Jun 2022 | 30 Jun 2023,none | none,,0,0.0,Legitimate succession - closed predecessor plus live replacement
1000579631PC6BE,ICP,2,0,5330_ICP_1000579631PC6BE | JP_DN1181_ICP_1000579631PC6BE,_CLOSED_T_Pacific | LTP Reservoirs Construction,Downer | Downer,Electricity – purchased from grid [kWh] | Electricity – purchased from grid [kWh],30 Jun 2022 | 30 Jun 2024,none | none,,0,0.0,Legitimate succession - closed predecessor plus live replacement
1001102300LCA2B,ICP,2,0,5009_ICP_1001102300LCA2B | 91001_ICP_1001102300LCA2B,_CLOSED_Support_Corp_Property | Properties Overheads,Downer | Downer,Electricity – purchased from grid [kWh] | Electricity – purchased from grid [kWh],30 Jun 2022 | 31 Mar 2023,none | none,,0,0.0,Legitimate succession - closed predecessor plus live replacement
1001113152UNBF4,ICP,3,1,3507_ICP_1001113152UNBF4 | 5016_ICP_1001113152UNBF4 | Eco_ICP_1001113152UNBF4,Asphalt Prod - Wellington | _CLOSED_Asphalt_Wellington | Asphalt Prod - Wellington,Downer | Downer | Ecotricity,Electricity – purchased from grid [kWh] | Electricity – purchased from grid [kWh] | Electricity – purchased from grid [kWh],30 Apr 2023 | 30 Jun 2022 | open,"none | none | Mar26,Apr26,May26,Jun26,Jul26,Aug26",,0,0.0,Legitimate succession - closed predecessor plus live replacement
1001126325LC57C,ICP,3,1,3503_ICP_1001126325LC57C | 5011_ICP_1001126325LC57C | Eco_ICP_1001126325LC57C,Asphalt Prod - Auckland | _CLOSED_Asphalt_Auckland | Asphalt Prod - Auckland,Downer | Downer | Ecotricity,Electricity – purchased from grid [kWh] | Electricity – purchased from grid [kWh] | Electricity – purchased from grid [kWh],30 Apr 2023 | 30 Jun 2022 | open,"none | none | Mar26,Apr26,May26,Jun26,Jul26,Aug26",,0,0.0,Legitimate succession - closed predecessor plus live replacement
1001148345CKE7D,ICP,2,0,5104_ICP_1001148345CKE7D | 561760_ICP_1001148345CKE7D,_CLOSED_Support_T_Plant | Waitaki 1 - SW Management,Downer | Downer,Electricity – purchased from grid [kWh] | Electricity – purchased from grid [kWh],30 Jun 2022 | 31 Mar 2023,none | none,,0,0.0,Legitimate succession - closed predecessor plus live replacement
1001151226CK008,ICP,3,1,5070_ICP_1001151226CK008 | 55602_ICP_1001151226CK008 | Eco_ICP_1001151226CK008,_CLOSED_Depot_T_Wellington | Wellington Depot | Wellington Depot,Downer | Downer | Ecotricity,Electricity – purchased from grid [kWh] | Electricity – purchased from grid [kWh] | Electricity – purchased from grid [kWh],30 Jun 2022 | 30 Apr 2023 | open,"none | none | Mar26,Apr26,May26,Jun26,Jul26,Aug26",,0,0.0,Legitimate succession - closed predecessor plus live replacement
1001151491CK976,ICP,2,0,5070_ICP_1001151491CK976 | 55602_ICP_1001151491CK976,_CLOSED_Depot_T_Wellington | Wellington Depot,Downer | Downer,Electricity – purchased from grid [kWh] | Electricity – purchased from grid [kWh],30 Jun 2022 | 31 May 2023,none | none,,0,0.0,Legitimate succession - closed predecessor plus live replacement
1001155545CKABA,ICP,3,0,5003_ICP_1001155545CKABA | 5174_ICP_1001155545CKABA | JP_DS2653_ICP_1001155545CKABA,_CLOSED_Recharges_BP | _CLOSED_T_South_Residual-Jobs-Jobpac | TAKAKA HILL 5 SITES REMEDIATIO,Downer | Downer | Downer,Electricity – purchased from grid [kWh] | Electricity – purchased from grid [kWh] | Electricity – purchased from grid [kWh],30 Jun 2022 | 30 Jun 2022 | 30 Jun 2024,none | none | none,,0,0.0,Legitimate succession - closed predecessor plus live replacement
1001240514LC3EB,ICP,3,1,5005_ICP_1001240514LC3EB | 91145_ICP_1001240514LC3EB | Eco_ICP_1001240514LC3EB,_CLOSED_Office_Kerrs Road | Wiri (130 Kerrs Rd) | Wiri (130 Kerrs Rd),Downer | Downer | Ecotricity,Electricity – purchased from grid [kWh] | Electricity – purchased from grid [kWh] | Electricity – purchased from grid [kWh],30 Jun 2022 | 30 Apr 2023 | open,"none | none | Mar26,Apr26,May26,Jun26,Jul26,Aug26",,0,0.0,Legitimate succession - closed predecessor plus live replacement
1001245025LCA73,ICP,2,0,3202_ICP_1001245025LCA73 | 5073_ICP_1001245025LCA73,Green Vision Recycling Product | _CLOSED_Green Vision,Downer | Downer,Electricity – purchased from grid [kWh] | Electricity – purchased from grid [kWh],31 May 2023 | 30 Jun 2022,none | none,,0,0.0,Legitimate succession - closed predecessor plus live replacement
1001280356UN969,ICP,2,0,5166_ICP_1001280356UN969 | 55535_ICP_1001280356UN969,_CLOSED_Depot_T_Util_Water_Albany | Albany Depot(Water),Downer | Downer,Electricity – purchased from grid [kWh] | Electricity – purchased from grid [kWh],30 Jun 2022 | 31 May 2023,none | none,,0,0.0,Legitimate succession - closed predecessor plus live replacement
1001280900LC0F0,ICP,2,0,5049_ICP_1001280900LC0F0 | 55530_ICP_1001280900LC0F0,_CLOSED_Depot_T_Penrose | Penrose Depot,Downer | Downer,Electricity – purchased from grid [kWh] | Electricity – purchased from grid [kWh],30 Jun 2022 | 31 May 2023,none | none,,0,0.0,Legitimate succession - closed predecessor plus live replacement
1001282294LCE53,ICP,2,0,5003_ICP_1001282294LCE53 | 9010_ICP_1001282294LCE53,_CLOSED_Recharges_BP | Hawkins Construction Recharges,Downer | Downer,Electricity – purchased from grid [kWh] | Electricity – purchased from grid [kWh],30 Jun 2022 | 31 May 2023,none | none,,0,0.0,Legitimate succession - closed predecessor plus live replacement
1002140947UN644,ICP,2,0,5104_ICP_1002140947UN644 | 5255_ICP_1002140947UN644,_CLOSED_Support_T_Plant | _CLOSED_BP_Auckland_Small Jobs,Downer | Downer,Electricity – purchased from grid [kWh] | Electricity – purchased from grid [kWh],30 Jun 2022 | 30 Jun 2022,none | none,,0,0.0,Legitimate succession - closed predecessor plus live replacement
1002147325UN75B,ICP,3,1,5003_ICP_1002147325UN75B | 9010_ICP_1002147325UN75B | Eco_ICP_1002147325UN75B,_CLOSED_Recharges_BP | Hawkins Construction Recharges | Hawkins Construction Recharges,Downer | Downer | Ecotricity,Electricity – purchased from grid [kWh] | Electricity – purchased from grid [kWh] | Electricity – purchased from grid [kWh],30 Jun 2022 | 30 Apr 2023 | open,"none | none | Mar26,Apr26,May26",,0,0.0,Legitimate succession - closed predecessor plus live replacement
2001092007,NMI,2,0,A-6531C136_2001092007 | EW710740_2001092007,_CLOSED_Hackney Office | _CLOSED_LSE - The Ellington Venue,Origin | QEnergy,Electricity Small Market | Electricity Small Market,07 Jun 2023 | 30 Jun 2020,none | none,,0,0.0,Legitimate succession - closed predecessor plus live replacement
2001092012,NMI,2,0,385384_2001092012 | 50002618028_2001092012,_CLOSED_LSE - The Ellington Venue | _CLOSED_LSE - The Ellington Venue,EnergyAustralia | Origin,Electricity Large Market | Electricity Small Market,30 Jun 2020 | 09 Jul 2020,none | none,,0,0.0,Legitimate succession - closed predecessor plus live replacement
2001130924,NMI,4,0,7751574255_2001130924 | 500014207103_2001130924 | 500014616915_2001130924 | 500015683880_2001130924,_CLOSED_Dry Creek - Rail | _CLOSED_SA Rail Maintenance | _CLOSED_Dry Creek - Rail | _CLOSED_Dry Creek - Rail,EnergyAustralia | Origin | Origin | Origin,Electricity Small Market | Electricity Small Market | Electricity Small Market | Electricity Small Market,30 Jun 2023 | 25 Mar 2020 | 29 Mar 2021 | 23 Sep 2021,none | none | none | none,,0,0.0,Legitimate succession - closed predecessor plus live replacement
2001130961,NMI,4,1,7099171253_2001130961 | 8404807400_2001130961 | 500012733985_2001130961 | 500014182603_2001130961,Gepps Cross | Gepps Cross | Gepps Cross | Gepps Cross,AGL | EnergyAustralia | Origin | Origin,Electricity Small Market | Electricity Small Market | Electricity Small Market | Electricity Small Market,open | 30 Jun 2023 | 16 Nov 2019 | 16 Aug 2021,"Mar26,Apr26,May26,Jun26,Jul26,Aug26 | none | none | none",,0,0.0,Legitimate succession - closed predecessor plus live replacement
2001160686,NMI,2,1,7099172129_2001160686 | 500006951122_2001160686,Asphalt Prod - Wingfield (523) | Asphalt Prod - Wingfield (523),AGL | Origin,Electricity Small Market | Electricity Small Market,open | 15 Jul 2021,"Mar26,Apr26,May26,Jun26,Jul26,Aug26 | none",,0,0.0,Legitimate succession - closed predecessor plus live replacement
2001160742,NMI,3,1,10768596_2001160742 | 50002618025_2001160742 | 900018206_2001160742,Gillman - PAV | Gillman - PAV | Gillman - PAV,AGL | Origin | EngieAU,Electricity Large Market | Electricity Large Market | Electricity Small Market,30 Jun 2020 | 30 Jun 2026 | open,"none | Mar26,Apr26,May26,Jun26 | Jul26,Aug26",,0,0.0,Legitimate succession - closed predecessor plus live replacement
2001341166,NMI,3,1,7099171261_2001341166 | 4304586748_2001341166 | 500015155756_2001341166,Sturt | Sturt | Sturt,AGL | EnergyAustralia | Origin,Electricity Small Market | Electricity Small Market | Electricity Small Market,open | 30 Jun 2023 | 10 Oct 2022,"Mar26,Apr26,May26,Jun26,Jul26,Aug26 | none | none",,0,0.0,Legitimate succession - closed predecessor plus live replacement
2001341167,NMI,4,1,7099172137_2001341167 | 4938159759_2001341167 | 5372802078_2001341167 | 500016287640_2001341167,Sturt | Sturt | Sturt | Sturt,AGL | EnergyAustralia | EnergyAustralia | Origin,Electricity Small Market | Electricity Small Market | Electricity Small Market | Electricity Small Market,open | 11 Apr 2023 | 30 Jun 2023 | 27 Oct 2022,"Mar26,Apr26,May26,Jun26,Jul26,Aug26 | none | none | none",,0,0.0,Legitimate succession - closed predecessor plus live replacement
2001515449,NMI,2,1,7099171741_2001515449 | 500006757354_2001515449,Port Lincoln | Port Lincoln,AGL | Origin,Electricity Small Market | Electricity Small Market,open | 27 Jul 2021,"Mar26,Apr26,May26,Jun26,Jul26,Aug26 | none",,0,0.0,Legitimate succession - closed predecessor plus live replacement
2001600008,NMI,3,1,7099171733_2001600008 | 1679016133_2001600008 | 500012057260_2001600008,Ceduna | Ceduna | Ceduna,AGL | EnergyAustralia | Origin,Electricity Small Market | Electricity Small Market | Electricity Small Market,open | 30 Jun 2023 | 24 Aug 2021,"Mar26,Apr26,May26,Jun26,Jul26,Aug26 | none | none",,0,0.0,Legitimate succession - closed predecessor plus live replacement
2001676115,NMI,3,1,7099169596_2001676115 | 5479471765_2001676115 | 500006757396_2001676115,Port Pirie | Port Pirie | Port Pirie,AGL | EnergyAustralia | Origin,Electricity Small Market | Electricity Small Market | Electricity Small Market,open | 30 Jun 2023 | 21 Jul 2021,"Mar26,Apr26,May26,Jun26,Jul26,Aug26 | none | none",,0,0.0,Legitimate succession - closed predecessor plus live replacement
2002190876,NMI,3,1,7099171246_2002190876 | 8359881814_2002190876 | 500006757347_2002190876,Port Augusta-Works | Port Augusta-Works | Port Augusta-Works,AGL | EnergyAustralia | Origin,Electricity Small Market | Electricity Small Market | Electricity Small Market,open | 30 Jun 2023 | 08 Aug 2021,"Mar26,Apr26,May26,Jun26,Jul26,Aug26 | none | none",,0,0.0,Legitimate succession - closed predecessor plus live replacement
2002220168,NMI,2,0,10364495_2002220168 | 50002724929_2002220168,PPP - SA Schools (Woodville Gardens B-7 School) | PPP - SA Schools (Woodville Gardens B-7 School),AGL | Origin,Electricity Large Market | Electricity Small Market,31 Dec 2021 | 30 Jun 2023,none | none,,0,0.0,Legitimate succession - closed predecessor plus live replacement
2002220174,NMI,2,0,10364248_2002220174 | 50002724930_2002220174,PPP - SA Schools (Blair Athol North B-7) | PPP - SA Schools (Blair Athol North B-7),AGL | Origin,Electricity Large Market | Electricity Small Market,31 Dec 2021 | 30 Jun 2023,none | none,,0,0.0,Legitimate succession - closed predecessor plus live replacement
2002223743,NMI,2,0,10362259_2002223743 | 50002724928_2002223743,PPP - SA Schools (Adelaide West Special Education | PPP - SA Schools (Adelaide West Special Education,AGL | Origin,Electricity Large Market | Electricity Small Market,31 Dec 2021 | 30 Jun 2023,none | none,,0,0.0,Legitimate succession - closed predecessor plus live replacement
2002254877,NMI,4,1,2002254877 | 10768604_2002254877 | 50002618027_2002254877 | 900018209_2002254877,Asphalt Prod - Wingfield (523) | Asphalt Prod - Wingfield (523) | Asphalt Prod - Wingfield (523) | Asphalt Prod - Wingfield (523),interval meter account | AGL | Origin | EngieAU,Electricity – purchased from grid [kWh] | Electricity Large Market | Electricity Large Market | Electricity Small Market,30 Jun 2017 | 30 Jun 2020 | 30 Jun 2026 | open,"none | none | Mar26,Apr26,May26,Jun26 | Jul26,Aug26",,0,0.0,Legitimate succession - closed predecessor plus live replacement
2404320310,NMI,2,0,2404320310 | 2404320310,_CLOSED_BO_Penrose (Auckland) | _CLOSED_WS_New Plymouth,GENESIS ENERGY LTD | GENESIS ENERGY LTD,Electricity Green | Electricity Green,30 Jun 2017 | 30 Jun 2017,none | none,,0,0.0,Legitimate succession - closed predecessor plus live replacement
25003898410,NMI,2,0,25003898410 | 25003898410,WWTP - Wagga Operation | _CLOSED_WW_Bomen (Wagga Wagga),Downer | ORIGIN ELECTRICITY,Electricity – purchased from grid [kWh] | Electricity Green,31 Dec 2017 | 30 Jun 2016,none | none,,0,0.0,Legitimate succession - closed predecessor plus live replacement
25003898710,NMI,2,0,25003898710 | 25003898710,WWTP - Wagga Operation | _CLOSED_WW_Narrung St (Wagga Wagga),Downer | ORIGIN ELECTRICITY,Electricity – purchased from grid [kWh] | Electricity Green,31 Dec 2017 | 30 Jun 2017,none | none,,0,0.0,Legitimate succession - closed predecessor plus live replacement
25003898910,NMI,2,0,25003898910 | 25003898910,WWTP - Wagga Operation | _CLOSED_WW_Narrung St (Wagga Wagga),Downer | ORIGIN ELECTRICITY,Electricity – purchased from grid [kWh] | Electricity Green,31 Dec 2017 | 30 Jun 2017,none | none,,0,0.0,Legitimate succession - closed predecessor plus live replacement
25003899210,NMI,3,0,25003899210 | 25003899210 | 25003899210,WWTP - Wagga Operation | _CLOSED_WW_Narrung St (Wagga Wagga) | _CLOSED_WW_Kooringal (Wagga Wagga),Downer | ORIGIN ELECTRICITY | ORIGIN ELECTRICITY,Electricity – purchased from grid [kWh] | Electricity Green | Electricity Green,31 Dec 2017 | 30 Jun 2017 | 30 Jun 2017,none | none | none,,0,0.0,Legitimate succession - closed predecessor plus live replacement
3030075637,NMI,4,1,50002618005_3030075637 | 1003076_3030075637 | 900018202_3030075637 | SPOT006_3030075637,Corporate - Offices (Cairns QLD) | Corporate - Offices (Cairns QLD) | Corporate - Offices (Cairns QLD) | Corporate - Offices (Cairns QLD),Origin | CSEnergy | EngieAU | InterGen,Electricity Large Market | Electricity Small Market | Electricity Small Market | Electricity Small Market,30 Jun 2023 | 30 Jun 2026 | open | 30 Jun 2020,"none | Mar26,Apr26,May26,Jun26 | Jul26,Aug26 | none",,0,0.0,Legitimate succession - closed predecessor plus live replacement
3030237963,NMI,2,0,54527848_3030237963 | A-05C85B3C_3030237963,_CLOSED_TXL - Davies Creek to Bayview Heights | _CLOSED_TXL - Davies Creek to Bayview Heights,Ergon | Ergon,Electricity Small Market | Electricity Small Market,24 Apr 2024 | 31 Aug 2025,none | none,,0,0.0,Legitimate succession - closed predecessor plus live replacement
3038502933,NMI,2,1,43183239_3038502933 | A-18650A37_3038502933,"Rooksby St, Gladstone | Rooksby St, Gladstone",Ergon | Ergon,Electricity Small Market | Electricity Small Market,29 Dec 2023 | open,"none | Mar26,Apr26,May26,Jun26,Jul26,Aug26",,0,0.0,Legitimate succession - closed predecessor plus live replacement
3038725690,NMI,2,0,DOWN001_3038725690 | 50002618004_3038725690,"Rooksby St, Gladstone | Rooksby St, Gladstone",InterGen | Origin,Electricity Small Market | Electricity Small Market,30 Jun 2020 | 31 Jul 2021,none | none,,0,0.0,Legitimate succession - closed predecessor plus live replacement
3039040879,NMI,2,1,41144911_3039040879 | A-3B52C8FB_3039040879,"Rooksby St, Gladstone | Rooksby St, Gladstone",Ergon | Ergon,Electricity Small Market | Electricity Small Market,25 Sep 2024 | open,"none | Mar26,Apr26,May26,Jun26,Jul26,Aug26",,0,0.0,Legitimate succession - closed predecessor plus live replacement
3039067220,NMI,2,0,DOWN001_3039067220 | 50002618010_3039067220,"Rooksby St, Gladstone | Rooksby St, Gladstone",InterGen | Origin,Electricity Small Market | Electricity Small Market,30 Jun 2020 | 31 Jul 2021,none | none,,0,0.0,Legitimate succession - closed predecessor plus live replacement
3041512332,NMI,2,0,14477661_3041512332 | A-86AEAE2C_3041512332,Maryborough | Maryborough,Ergon | Ergon,Electricity Small Market | Electricity Small Market,04 Mar 2024 | 08 Mar 2026,none | Mar26,,0,0.0,Legitimate succession - closed predecessor plus live replacement
3041528557,NMI,2,1,34729038_3041528557 | A-DD42DEC9_3041528557,UAM - Maryborough | UAM - Maryborough,Ergon | Ergon,Electricity Small Market | Electricity Small Market,29 Nov 2024 | open,"none | Mar26,Apr26,May26,Jun26,Jul26,Aug26",,0,0.0,Legitimate succession - closed predecessor plus live replacement
3041781236,NMI,3,1,7101034937_3041781236 | A-011B63B4_3041781236 | 7029136236_3041781236,Maryborough | Maryborough | Maryborough,AGL | Ergon | PowerDirect,Electricity Small Market | Electricity Small Market | Electricity Small Market,19 Jan 2026 | open | 05 Oct 2022,"none | Apr26,May26,Jun26,Jul26,Aug26 | none",,0,0.0,Legitimate succession - closed predecessor plus live replacement
3050097725,NMI,3,1,18577709_3050097725 | A-6BDCA674_3050097725 | A-D2324744_3050097725,RPQ Mackay Depot | RPQ Mackay Depot | RPQ Mackay Depot,Ergon | Ergon | Ergon,Electricity Small Market | Electricity Small Market | Electricity Small Market,07 Sep 2023 | open | 05 Jan 2026,"none | May26,Jun26,Jul26,Aug26 | none",,0,0.0,Legitimate succession - closed predecessor plus live replacement
3050416464,NMI,2,0,DOWN001_3050416464 | 50002618002_3050416464,_CLOSED_DBS_Bajool | _CLOSED_DBS_Bajool,InterGen | Origin,Electricity Small Market | Electricity Small Market,30 Jun 2020 | 30 Jun 2021,none | none,,0,0.0,Legitimate succession - closed predecessor plus live replacement
3051641232,NMI,4,1,16256174_3051641232 | 38875756_3051641232 | A-3D96F89F_3051641232 | A-E566291E_3051641232,RPQ Townsville | RPQ Townsville | RPQ Townsville | RPQ Townsville,Ergon | Ergon | Ergon | Ergon,Electricity Small Market | Electricity Small Market | Electricity Small Market | Electricity Small Market,05 Sep 2023 | 04 Jun 2024 | 30 Jan 2026 | open,"none | none | none | Mar26,Apr26,May26,Jun26,Jul26,Aug26",,0,0.0,Legitimate succession - closed predecessor plus live replacement
3051770385,NMI,3,1,50002618017_3051770385 | 1003072_3051770385 | 24139882_3051770385,RPQ Spray Seal | RPQ Spray Seal | RPQ Spray Seal,Origin | CSEnergy | Ergon,Electricity Large Market | Electricity Small Market | Electricity Small Market,30 Jun 2023 | open | 30 Jun 2020,"none | Mar26,Apr26,May26,Jun26,Jul26,Aug26 | none",,0,0.0,Legitimate succession - closed predecessor plus live replacement
3053135053,NMI,3,0,39078361_3053135053 | A-11525536_3053135053 | A-4176013D_3053135053,Asphalt Prod - Mackay (400) | Asphalt Prod - Mackay (400) | Asphalt Prod - Mackay (400),Ergon | Ergon | Ergon,Electricity Small Market | Electricity Small Market | Electricity Small Market,01 Jun 2024 | 01 Apr 2026 | 01 Jan 2026,"none | Apr26,May26,Jun26,Jul26,Aug26 | none",,0,0.0,Legitimate succession - closed predecessor plus live replacement
3053253239,NMI,3,1,1003571_3053253239 | 5000021_3053253239 | 900018201_3053253239,Torbanlea - QTMP | Torbanlea - QTMP | Torbanlea - QTMP,CSEnergy | CSEnergy | EngieAU,Electricity Small Market | Electricity Small Market | Electricity Small Market,30 Jun 2026 | 31 Mar 2026 | open,"none | none | Jul26,Aug26",,0,0.0,Legitimate succession - closed predecessor plus live replacement
3116382269,NMI,3,1,50002618008_3116382269 | 1003074_3116382269 | SPOT001_3116382269,PPP - Southbank TAFE (QLD) | PPP - Southbank TAFE (QLD) | PPP - Southbank TAFE (QLD),Origin | CSEnergy | InterGen,Electricity Large Market | Electricity Small Market | Electricity Small Market,30 Jun 2023 | open | 30 Jun 2020,none | none | none,,0,0.0,Legitimate succession - closed predecessor plus live replacement
3116979133,NMI,2,0,7328923625_3116979133 | 400016936538_3116979133,Kunda Park | Kunda Park,EnergyAustralia | Origin,Electricity Small Market | Electricity Small Market,12 Jul 2023 | 12 Jul 2021,none | none,,0,0.0,Legitimate succession - closed predecessor plus live replacement
3120014382,NMI,3,1,50002618021_3120014382 | 1003070_3120014382 | 50000285137_3120014382,RPQ Spray Seal | RPQ Spray Seal | RPQ Spray Seal,Origin | CSEnergy | Origin,Electricity Large Market | Electricity Small Market | Electricity Small Market,30 Jun 2023 | open | 31 Jul 2020,"none | Mar26,Apr26,May26,Jun26,Jul26,Aug26 | none",,0,0.0,Legitimate succession - closed predecessor plus live replacement
3120049710,NMI,2,0,SPOT002_3120049710 | 50002618015_3120049710,_CLOSED_Laundry - Darra (QLD) | _CLOSED_Laundry - Darra (QLD),InterGen | Origin,Electricity Small Market | Electricity Small Market,30 Jun 2020 | 30 Jun 2021,none | none,,0,0.0,Legitimate succession - closed predecessor plus live replacement
3120062461,NMI,2,0,SPOT003_3120062461 | 50002617999_3120062461,_CLOSED_Laundry - Darra (QLD) | _CLOSED_Laundry - Darra (QLD),InterGen | Origin,Electricity Small Market | Electricity Small Market,30 Jun 2020 | 30 Jun 2021,none | none,,0,0.0,Legitimate succession - closed predecessor plus live replacement
3120070486,NMI,3,1,25003208510_3120070486 | 1003071_3120070486 | 50002835202_3120070486,RPQ Swanbank | RPQ Swanbank | RPQ Swanbank,Origin | CSEnergy | Origin,Electricity Large Market | Electricity Small Market | Electricity Small Market,31 Dec 2022 | open | 30 Jun 2023,"none | Mar26,Apr26,May26,Jun26,Jul26,Aug26 | none",,0,0.0,Legitimate succession - closed predecessor plus live replacement
3120103988,NMI,4,1,50002618014_3120103988 | 1003079_3120103988 | 5000021_3120103988 | DOWN001_3120103988,Asphalt Prod - Bli Bli (408) | Asphalt Prod - Bli Bli (408) | Asphalt Prod - Bli Bli (408) | Asphalt Prod - Bli Bli (408),Origin | CSEnergy | CSEnergy | InterGen,Electricity Large Market | Electricity Small Market | Electricity Small Market | Electricity Small Market,30 Jun 2023 | open | 31 Mar 2026 | 30 Jun 2020,"none | Apr26,May26,Jun26,Jul26,Aug26 | Mar26 | none",,0,0.0,Legitimate succession - closed predecessor plus live replacement
3120121442,NMI,2,0,3308939320_3120121442 | 400031350533_3120121442,Utilities - Milton (NBN Office) | Utilities - Milton (NBN Office),EnergyAustralia | Origin,Electricity Small Market | Electricity Small Market,30 Jun 2024 | 26 Jul 2021,none | none,,0,0.0,Legitimate succession - closed predecessor plus live replacement
3120121443,NMI,2,0,9189539267_3120121443 | 400030839239_3120121443,Utilities - Milton (NBN Office) | Utilities - Milton (NBN Office),EnergyAustralia | Origin,Electricity Small Market | Electricity Small Market,30 Jun 2024 | 26 Jul 2021,none | none,,0,0.0,Legitimate succession - closed predecessor plus live replacement
3120121444,NMI,2,0,5316602063_3120121444 | 400031350541_3120121444,Utilities - Milton (NBN Office) | Utilities - Milton (NBN Office),EnergyAustralia | Origin,Electricity Small Market | Electricity Small Market,30 Jun 2024 | 26 Jul 2021,none | none,,0,0.0,Legitimate succession - closed predecessor plus live replacement
3120121445,NMI,2,0,7127969701_3120121445 | 400031350558_3120121445,Utilities - Milton (NBN Office) | Utilities - Milton (NBN Office),EnergyAustralia | Origin,Electricity Small Market | Electricity Small Market,30 Jun 2024 | 26 Jul 2021,none | none,,0,0.0,Legitimate succession - closed predecessor plus live replacement
3120136120,NMI,3,0,50002703328_3120136120 | 1003073_3120136120 | 400025892383_3120136120,RPQ Spray Seal | RPQ Spray Seal | RPQ Spray Seal,Origin | CSEnergy | Origin,Electricity Large Market | Electricity Small Market | Electricity Small Market,30 Jun 2023 | 06 Nov 2023 | 31 Mar 2021,none | none | none,,0,0.0,Legitimate succession - closed predecessor plus live replacement
3120143385,NMI,3,1,SPOT004_3120143385 | 50002618012_3120143385 | 1003075_3120143385,PPP - Sunshine Coast University Hospital | PPP - Sunshine Coast University Hospital | PPP - Sunshine Coast University Hospital,InterGen | Origin | CSEnergy,Electricity Large Market | Electricity Large Market | Electricity Small Market,30 Jun 2020 | 30 Jun 2023 | open,none | none | none,,0,0.0,Legitimate succession - closed predecessor plus live replacement
3120255777,NMI,3,1,7099514643_3120255777 | 3096510985_3120255777 | 400022669974_3120255777,Utilita - Eagle Farm | Utilita - Eagle Farm | Utilita - Eagle Farm,AGL | EnergyAustralia | Origin,Electricity Small Market | Electricity Small Market | Electricity Small Market,open | 12 Jul 2023 | 09 Aug 2021,none | none | none,,0,0.0,Legitimate succession - closed predecessor plus live replacement
3120257006,NMI,3,1,7099514650_3120257006 | 3470278335_3120257006 | 400022669990_3120257006,Utilita - Eagle Farm | Utilita - Eagle Farm | Utilita - Eagle Farm,AGL | EnergyAustralia | Origin,Electricity Small Market | Electricity Small Market | Electricity Small Market,open | 12 Jul 2023 | 09 Aug 2021,none | none | none,,0,0.0,Legitimate succession - closed predecessor plus live replacement
3120725958,NMI,4,1,50002700679_3120725958 | 1003078_3120725958 | 5000021_3120725958 | 900018199_3120725958,Asphalt Prod - Brendale (423) | Asphalt Prod - Brendale (423) | Asphalt Prod - Brendale (423) | Asphalt Prod - Brendale (423),Origin | CSEnergy | CSEnergy | EngieAU,Electricity Large Market | Electricity Small Market | Electricity Small Market | Electricity Small Market,30 Jun 2023 | 30 Jun 2026 | 31 Mar 2026 | open,"none | Apr26,May26,Jun26 | Mar26 | Jul26,Aug26",,0,0.0,Legitimate succession - closed predecessor plus live replacement
4001050448,NMI,2,1,200021563685_4001050448 | A-5F3C0784_4001050448,Forbes | Forbes,Origin | Origin,Electricity Small Market | Electricity Small Market,19 Jul 2021 | open,"none | Mar26,Apr26,May26,Jun26,Jul26,Aug26",,0,0.0,Legitimate succession - closed predecessor plus live replacement
4001127731,NMI,3,1,9863438916_4001127731 | 200021562893_4001127731 | 50002769514_4001127731,Asphalt Prod - Mogo (154) | Asphalt Prod - Mogo (154) | Asphalt Prod - Mogo (154),EnergyAustralia | Origin | Origin,Electricity Large Market | Electricity Small Market | Electricity Small Market,15 Nov 2021 | 05 Jul 2021 | open,"none | none | Mar26,Apr26,May26,Jun26,Jul26,Aug26",,0,0.0,Legitimate succession - closed predecessor plus live replacement
4001128707,NMI,2,1,200021563628_4001128707 | A-2A4343BB_4001128707,Tamworth | Tamworth,Origin | Origin,Electricity Small Market | Electricity Small Market,11 Aug 2021 | open,none | none,,0,0.0,Legitimate succession - closed predecessor plus live replacement
4001158058,NMI,2,1,385299_4001158058 | 50002617983_4001158058,Tamworth | Tamworth,EnergyAustralia | Origin,Electricity Large Market | Electricity Large Market,30 Jun 2020 | open,none | Mar26,,0,0.0,Legitimate succession - closed predecessor plus live replacement
4001198085,NMI,2,1,385274_4001198085 | 50002617982_4001198085,PPP - NSW Schools 2 (Kelso HS) | PPP - NSW Schools 2 (Kelso HS),EnergyAustralia | Origin,Electricity Large Market | Electricity Large Market,30 Jun 2020 | open,none | none,,0,0.0,Legitimate succession - closed predecessor plus live replacement
4001200751,NMI,2,1,385289_4001200751 | 50002617969_4001200751,PPP - HQJOC (ACT) | PPP - HQJOC (ACT),EnergyAustralia | Origin,Electricity Large Market | Electricity Large Market,30 Jun 2020 | open,none | none,,0,0.0,Legitimate succession - closed predecessor plus live replacement
4001263922,NMI,2,0,8932962077_4001263922 | 200046323537_4001263922,_CLOSED_Lane Cove (DMJV) | _CLOSED_Lane Cove (DMJV),EnergyAustralia | Origin,Electricity Small Market | Electricity Small Market,08 Feb 2022 | 21 Jul 2021,none | none,,0,0.0,Legitimate succession - closed predecessor plus live replacement
4001277522,NMI,2,1,A-480CA3BE_4001277522 | A-B500CC5F_4001277522,RPQ NSW South Grafton | RPQ NSW South Grafton,Origin | Origin,Electricity Small Market | Electricity Small Market,open | 28 Sep 2023,"Mar26,Apr26,May26,Jun26,Jul26,Aug26 | none",,0,0.0,Legitimate succession - closed predecessor plus live replacement
4001287259,NMI,2,1,50002617997_4001287259 | 200034933644_4001287259,RPQ NSW Moree | NSW Spray Seal,Origin | Origin,Electricity Large Market | Electricity Small Market,open | 30 Jun 2020,"Mar26,Apr26,May26,Jun26,Jul26,Aug26 | none",,0,0.0,Legitimate succession - closed predecessor plus live replacement
4001296828,NMI,2,0,200047452822_4001296828 | 200051261267_4001296828,Residences_NSW | Residences_NSW,Origin | Origin,Electricity Small Market | Electricity Small Market,13 Dec 2020 | 12 Mar 2021,none | none,,0,0.0,Legitimate succession - closed predecessor plus live replacement
4001302737,NMI,2,0,A-8502348D_4001302737 | A-BA334E99_4001302737,_CLOSED_RPQ NSW Kelso | _CLOSED_RPQ NSW Kelso,Origin | Origin,Electricity Small Market | Electricity Small Market,30 Jun 2023 | 31 Jul 2023,none | none,,0,0.0,Legitimate succession - closed predecessor plus live replacement
4102009107,NMI,2,0,385311_4102009107 | 50002617961_4102009107,_CLOSED_Gladesville | _CLOSED_Gladesville,EnergyAustralia | Origin,Electricity Large Market | Electricity Large Market,20 Jun 2022 | 20 Jun 2022,none | none,,0,0.0,Legitimate succession - closed predecessor plus live replacement
4102011927,NMI,3,0,2615348061_4102011927 | 9444032000_4102011927 | 50002650721_4102011927,_CLOSED_Laundry - Rosebery (NSW) | _CLOSED_Laundry - Rosebery (NSW) | _CLOSED_Laundry - Rosebery (NSW),EnergyAustralia | EnergyAustralia | Origin,Electricity Small Market | Electricity Small Market | Electricity Small Market,18 Nov 2021 | 20 May 2020 | 19 Aug 2021,none | none | none,,0,0.0,Legitimate succession - closed predecessor plus live replacement
4102017645,NMI,2,0,389198_4102017645 | 50002617974_4102017645,_CLOSED_Gladesville | _CLOSED_Gladesville,EnergyAustralia | Origin,Electricity Large Market | Electricity Large Market,20 Jun 2022 | 20 Jun 2022,none | none,,0,0.0,Legitimate succession - closed predecessor plus live replacement
4102031082,NMI,2,0,385283_4102031082 | 50002617984_4102031082,_CLOSED_Gladesville | _CLOSED_Gladesville,EnergyAustralia | Origin,Electricity Large Market | Electricity Large Market,20 Jun 2022 | 20 Jun 2022,none | none,,0,0.0,Legitimate succession - closed predecessor plus live replacement
4102488790,NMI,3,0,2242057648_4102488790 | 9560671000_4102488790 | 200052557416_4102488790,UAM - Kirrawee | UAM - Kirrawee | UAM - Kirrawee,EnergyAustralia | EnergyAustralia | Origin,Electricity Small Market | Electricity Small Market | Electricity Small Market,04 Jul 2023 | 15 Apr 2021 | 22 Aug 2021,none | none | none,,0,0.0,Legitimate succession - closed predecessor plus live replacement
4103037394,NMI,3,0,0329322355_4103037394 | 5732250000_4103037394 | 50002650726_4103037394,_CLOSED_Laundry - Rosebery (NSW) | _CLOSED_Laundry - Rosebery (NSW) | _CLOSED_Laundry - Rosebery (NSW),EnergyAustralia | EnergyAustralia | Origin,Electricity Small Market | Electricity Small Market | Electricity Small Market,18 Nov 2021 | 13 Jul 2020 | 30 Jun 2021,none | none | none,,0,0.0,Legitimate succession - closed predecessor plus live replacement
4103037397,NMI,2,0,2928950000_4103037397 | 50002650722_4103037397,_CLOSED_Laundry - Rosebery (NSW) | _CLOSED_Laundry - Rosebery (NSW),EnergyAustralia | Origin,Electricity Small Market | Electricity Small Market,14 Jul 2020 | 30 Jun 2021,none | none,,0,0.0,Legitimate succession - closed predecessor plus live replacement
4103181482,NMI,2,0,385286_4103181482 | 50002617978_4103181482,_CLOSED_Laundry - Somersby (NSW) | _CLOSED_Laundry - Somersby (NSW),EnergyAustralia | Origin,Electricity Large Market | Electricity Small Market,30 Jun 2020 | 30 Jun 2021,none | none,,0,0.0,Legitimate succession - closed predecessor plus live replacement
4103512492,NMI,4,0,4481630000_4103512492 | 8413114943_4103512492 | 200052557432_4103512492 | A-221EE70B_4103512492,UAM - Kirrawee | UAM - Kirrawee | UAM - Kirrawee | UAM - Kirrawee,EnergyAustralia | EnergyAustralia | Origin | Origin,Electricity Small Market | Electricity Small Market | Electricity Small Market | Electricity Small Market,16 Apr 2021 | 12 Nov 2023 | 16 Aug 2021 | 30 Jun 2024,none | none | none | none,,0,0.0,Legitimate succession - closed predecessor plus live replacement
4103590294,NMI,5,0,1355684191_4103590294 | 3140857870_4103590294 | EW840280_4103590294 | 50002650724_4103590294 | A-D2388787_4103590294,_CLOSED_Charmhaven NSW | _CLOSED_Charmhaven NSW | _CLOSED_Charmhaven NSW | _CLOSED_Charmhaven NSW | _CLOSED_Charmhaven NSW,EnergyAustralia | EnergyAustralia | EnergyAustralia | Origin | Origin,Electricity Small Market | Electricity Small Market | Electricity Small Market | Electricity Small Market | Electricity Small Market,10 Jul 2023 | 07 Jul 2020 | 07 Apr 2020 | 08 Jul 2021 | 17 Jul 2024,none | none | none | none | none,,0,0.0,Legitimate succession - closed predecessor plus live replacement
4103705443,NMI,2,1,50002617995_4103705443 | 3229870000_4103705443,PPP - NSW Schools 2 (Warnervale PS) | PPP - NSW Schools 2 (Warnervale PS),Origin | EnergyAustralia,Electricity Large Market | Electricity Small Market,open | 30 Jun 2020,none | none,,0,0.0,Legitimate succession - closed predecessor plus live replacement
4103711576,NMI,2,1,385297_4103711576 | 50002617965_4103711576,Auburn | Auburn,EnergyAustralia | Origin,Electricity Large Market | Electricity Large Market,30 Jun 2020 | open,"none | Mar26,Apr26,May26,Jun26,Jul26,Aug26",,0,0.0,Legitimate succession - closed predecessor plus live replacement
4103713125,NMI,2,1,385287_4103713125 | 50002617957_4103713125,Auburn | Auburn,EnergyAustralia | Origin,Electricity Large Market | Electricity Large Market,30 Jun 2020 | open,"none | Mar26,Apr26,May26,Jun26,Jul26,Aug26",,0,0.0,Legitimate succession - closed predecessor plus live replacement
4103734480,NMI,2,0,9911865431_4103734480 | 200029702525_4103734480,_CLOSED_Lane Cove (DMJV) | _CLOSED_Lane Cove (DMJV),EnergyAustralia | Origin,Electricity Small Market | Electricity Small Market,30 Sep 2022 | 10 Oct 2021,none | none,,0,0.0,Legitimate succession - closed predecessor plus live replacement
4103737079,NMI,2,1,385314_4103737079 | 50002617973_4103737079,_CLOSED_ North Ryde T1 - Level 2 | North Ryde T1 - Level 1,EnergyAustralia | Origin,Electricity Large Market | Electricity Large Market,30 Jun 2020 | open,"none | Mar26,Apr26,May26,Jun26,Jul26,Aug26",,0,0.0,Legitimate succession - closed predecessor plus live replacement
4103737729,NMI,2,1,385282_4103737729 | 50002617971_4103737729,North Ryde T1 - Level 1 | North Ryde T1 - Level 1,EnergyAustralia | Origin,Electricity Large Market | Electricity Large Market,30 Jun 2020 | open,"none | Mar26,Apr26,May26,Jun26,Jul26,Aug26",,0,0.0,Legitimate succession - closed predecessor plus live replacement
4103742938,NMI,2,1,385300_4103742938 | 50002617975_4103742938,North Ryde T1 - Level 3 | North Ryde T1 - Level 3,EnergyAustralia | Origin,Electricity Large Market | Electricity Large Market,30 Jun 2020 | open,"none | Mar26,Apr26,May26,Jun26,Jul26,Aug26",,0,0.0,Legitimate succession - closed predecessor plus live replacement
4103742939,NMI,2,1,385315_4103742939 | 50002617966_4103742939,North Ryde T1 - Level 3 | North Ryde T1 - Level 3,EnergyAustralia | Origin,Electricity Large Market | Electricity Large Market,30 Jun 2020 | open,"none | Mar26,Apr26,May26,Jun26,Jul26,Aug26",,0,0.0,Legitimate succession - closed predecessor plus live replacement
4103742940,NMI,2,1,385298_4103742940 | 50002617985_4103742940,North Ryde T1 - Level 4 | North Ryde T1 - Level 4,EnergyAustralia | Origin,Electricity Large Market | Electricity Large Market,30 Jun 2020 | open,"none | Mar26,Apr26,May26,Jun26,Jul26,Aug26",,0,0.0,Legitimate succession - closed predecessor plus live replacement
4103749631,NMI,2,0,385303_4103749631 | 50002617979_4103749631,_CLOSED_Mt Thorley - Engineering | _CLOSED_Mt Thorley - Engineering,EnergyAustralia | Origin,Electricity Large Market | Electricity Small Market,30 Jun 2020 | 30 Nov 2020,none | none,,0,0.0,Legitimate succession - closed predecessor plus live replacement
4103759848,NMI,2,1,385294_4103759848 | 50002617958_4103759848,North Ryde T3 - Level 2 | North Ryde T3 - Level 2,EnergyAustralia | Origin,Electricity Large Market | Electricity Large Market,30 Jun 2020 | open,"none | Mar26,Apr26,May26,Jun26,Jul26,Aug26",,0,0.0,Legitimate succession - closed predecessor plus live replacement
4103759849,NMI,2,1,385292_4103759849 | 50002617952_4103759849,North Ryde T3 - Level 3 | North Ryde T3 - Level 3,EnergyAustralia | Origin,Electricity Large Market | Electricity Large Market,30 Jun 2020 | open,"none | Mar26,Apr26,May26,Jun26,Jul26,Aug26",,0,0.0,Legitimate succession - closed predecessor plus live replacement
4103765069,NMI,3,0,1391494862_4103765069 | 1668328685_4103765069 | A-0BD265E9_4103765069,"Newcastle - Stenhouse Dr, Cameron Pk | Newcastle - Stenhouse Dr, Cameron Pk | Newcastle - Stenhouse Dr, Cameron Pk",EnergyAustralia | EnergyAustralia | Origin,Electricity Small Market | Electricity Small Market | Electricity Small Market,13 Jul 2020 | 30 Jun 2023 | 20 Dec 2023,none | none | none,,0,0.0,Legitimate succession - closed predecessor plus live replacement
4103766552,NMI,2,1,385291_4103766552 | 50002617993_4103766552,PPP - NSW Schools 2 (Kariong) | PPP - NSW Schools 2 (Kariong),EnergyAustralia | Origin,Electricity Large Market | Electricity Large Market,30 Jun 2020 | open,none | none,,0,0.0,Legitimate succession - closed predecessor plus live replacement
4103803680,NMI,2,1,385309_4103803680 | 50002617953_4103803680,Hexham Office | Hexham Office,EnergyAustralia | Origin,Electricity Large Market | Electricity Large Market,30 Jun 2020 | open,"none | Mar26,Apr26,May26,Jun26,Jul26,Aug26",,0,0.0,Legitimate succession - closed predecessor plus live replacement
4103805882,NMI,2,0,385306_4103805882 | 50002617962_4103805882,_CLOSED_Gladesville | _CLOSED_Gladesville,EnergyAustralia | Origin,Electricity Large Market | Electricity Large Market,20 Jun 2022 | 20 Jun 2022,none | none,,0,0.0,Legitimate succession - closed predecessor plus live replacement
4103813817,NMI,2,0,385290_4103813817 | 50002617990_4103813817,_CLOSED_Corporate - Offices (Sydney Rhodes NSW) | _CLOSED_Corporate - Offices (Sydney Rhodes NSW),EnergyAustralia | Origin,Electricity Large Market | Electricity Large Market,30 Jun 2020 | 17 Jan 2023,none | none,,0,0.0,Legitimate succession - closed predecessor plus live replacement
4103893142,NMI,2,1,385296_4103893142 | 50002617991_4103893142,Hexham Office | Hexham Office,EnergyAustralia | Origin,Electricity Large Market | Electricity Large Market,30 Jun 2020 | open,"none | Mar26,Apr26,May26,Jun26,Jul26,Aug26",,0,0.0,Legitimate succession - closed predecessor plus live replacement
4103927804,NMI,2,1,385279_4103927804 | 50002617960_4103927804,PPP - SICEEP | PPP - SICEEP,EnergyAustralia | Origin,Electricity Large Market | Electricity Large Market,30 Jun 2020 | open,none | none,,0,0.0,Legitimate succession - closed predecessor plus live replacement
4103927806,NMI,2,1,385276_4103927806 | 50002617968_4103927806,PPP - SICEEP | PPP - SICEEP,EnergyAustralia | Origin,Electricity Large Market | Electricity Large Market,30 Jun 2020 | open,none | none,,0,0.0,Legitimate succession - closed predecessor plus live replacement
4103927808,NMI,2,1,385284_4103927808 | 50002617956_4103927808,PPP - SICEEP | PPP - SICEEP,EnergyAustralia | Origin,Electricity Large Market | Electricity Large Market,30 Jun 2020 | open,none | none,,0,0.0,Legitimate succession - closed predecessor plus live replacement
4103927809,NMI,2,1,385293_4103927809 | 50002617980_4103927809,PPP - SICEEP | PPP - SICEEP,EnergyAustralia | Origin,Electricity Large Market | Electricity Large Market,30 Jun 2020 | open,none | none,,0,0.0,Legitimate succession - closed predecessor plus live replacement
4103960539,NMI,2,0,200035709928_4103960539 | 50002650728_4103960539,_CLOSED_Gladesville | _CLOSED_Gladesville,Origin | Origin,Electricity Small Market | Electricity Small Market,20 Jun 2022 | 20 Jun 2022,none | none,,0,0.0,Legitimate succession - closed predecessor plus live replacement
4104030101,NMI,2,1,50002617996_4104030101 | 389751_4104030101,Asphalt Prod - Teralba (152) | _CLOSED_DBS_Mt Thorley,Origin | EnergyAustralia,Electricity Large Market | Electricity Small Market,open | 30 Jun 2021,"Mar26,Apr26,May26,Jun26,Jul26,Aug26 | none",,0,0.0,Legitimate succession - closed predecessor plus live replacement
4104037195,NMI,2,1,A-67BE8F15_4104037195 | A-EE80EEC5_4104037195,Spotless FM - Riverwood office | Spotless FM - Riverwood office,Origin | Origin,Electricity Small Market | Electricity Small Market,20 Sep 2023 | open,none | none,,0,0.0,Legitimate succession - closed predecessor plus live replacement
4104068912,NMI,2,0,9426995655_4104068912 | 9939015244_4104068912,_CLOSED_TAP T4 (Mascot) | _CLOSED_TAP T4 (Mascot),EnergyAustralia | EnergyAustralia,Electricity Small Market | Electricity Small Market,29 Aug 2023 | 11 Jul 2023,none | none,,0,0.0,Legitimate succession - closed predecessor plus live replacement
4104069490,NMI,2,0,200055031831_4104069490 | A-DD2876E8_4104069490,_CLOSED_Sydney Metro Upgrades - P5 | _CLOSED_Sydney Metro Upgrades - P5,Origin | Origin,Electricity Small Market | Electricity Small Market,29 Sep 2023 | 29 Sep 2023,none | none,,0,0.0,Legitimate succession - closed predecessor plus live replacement
4104070809,NMI,2,0,200054047721_4104070809 | A-96504C2A_4104070809,_CLOSED_Sydney Metro Upgrades - P6 | _CLOSED_Sydney Metro Upgrades - P6,Origin | Origin,Electricity Small Market | Electricity Small Market,29 Sep 2023 | open,none | none,,0,0.0,Legitimate succession - closed predecessor plus live replacement
4104070835,NMI,2,0,200055031823_4104070835 | A-545D6523_4104070835,_CLOSED_Sydney Metro Upgrades - P6 | _CLOSED_Sydney Metro Upgrades - P6,Origin | Origin,Electricity Small Market | Electricity Small Market,27 May 2023 | 29 Sep 2023,none | none,,0,0.0,Legitimate succession - closed predecessor plus live replacement
4104070836,NMI,2,0,200055031849_4104070836 | A-DE9B9D67_4104070836,_CLOSED_Sydney Metro Upgrades - P5 | _CLOSED_Sydney Metro Upgrades - P5,Origin | Origin,Electricity Small Market | Electricity Small Market,29 Sep 2023 | open,none | none,,0,0.0,Legitimate succession - closed predecessor plus live replacement
4104070837,NMI,2,0,200055031807_4104070837 | A-20DC2B2F_4104070837,_CLOSED_Sydney Metro Upgrades - P5 | _CLOSED_Sydney Metro Upgrades - P5,Origin | Origin,Electricity Small Market | Electricity Small Market,29 Sep 2023 | 29 Sep 2023,none | none,,0,0.0,Legitimate succession - closed predecessor plus live replacement
4104072867,NMI,2,0,200055031690_4104072867 | A-B666FC87_4104072867,_CLOSED_Sydney Metro Upgrades - P6 | _CLOSED_Sydney Metro Upgrades - P6,Origin | Origin,Electricity Small Market | Electricity Small Market,29 Sep 2023 | 29 Sep 2023,none | none,,0,0.0,Legitimate succession - closed predecessor plus live replacement
4104072934,NMI,2,0,200055031815_4104072934 | A-39D5D5A1_4104072934,_CLOSED_Sydney Metro Upgrades - P6 | _CLOSED_Sydney Metro Upgrades - P6,Origin | Origin,Electricity Small Market | Electricity Small Market,29 Sep 2023 | 29 Sep 2023,none | none,,0,0.0,Legitimate succession - closed predecessor plus live replacement
4104074429,NMI,2,0,200055031682_4104074429 | A-9874532D_4104074429,_CLOSED_Sydney Metro Upgrades - P5 | _CLOSED_Sydney Metro Upgrades - P5,Origin | Origin,Electricity Small Market | Electricity Small Market,13 Jan 2023 | 29 Sep 2023,none | none,,0,0.0,Legitimate succession - closed predecessor plus live replacement
4104077709,NMI,2,0,200054759309_4104077709 | A-03C637A4_4104077709,_CLOSED_TAP T5 (Turella & Killara) | _CLOSED_TAP T5 (Turella & Killara),Origin | Origin,Electricity Small Market | Electricity Small Market,29 Sep 2023 | 29 Sep 2023,none | none,,0,0.0,Legitimate succession - closed predecessor plus live replacement
4204050222,NMI,3,0,999913174305_4204050222 | 8818504174_4204050222 | A-A272EC25_4204050222,_CLOSED_Gov Contract Office Riverside Plaza | _CLOSED_Gov Contract Office Riverside Plaza | _CLOSED_Gov Contract Office Riverside Plaza,ActewAGL | EnergyAustralia | Origin,Electricity Small Market | Electricity Small Market | Electricity Small Market,14 Apr 2021 | 03 Jul 2023 | 05 Feb 2024,none | none | none,,0,0.0,Legitimate succession - closed predecessor plus live replacement
4204052728,NMI,2,0,200048563064_4204052728 | A-2E6DF83F_4204052728,Residences_NSW | Residences_NSW,Origin | Origin,Electricity Small Market | Electricity Small Market,10 Jul 2023 | 29 Feb 2024,none | none,,0,0.0,Legitimate succession - closed predecessor plus live replacement
4204054363,NMI,2,0,200048534206_4204054363 | 200051567580_4204054363,Residences_NSW | Residences_NSW,Origin | Origin,Electricity Small Market | Electricity Small Market,11 Feb 2021 | 28 Mar 2021,none | none,,0,0.0,Legitimate succession - closed predecessor plus live replacement
4204059915,NMI,2,0,237476051011_4204059915 | 6183623116_4204059915,_CLOSED_Depot - Batemans Bay (NSW Depot) | _CLOSED_Depot - Batemans Bay (NSW Depot),ActewAGL | EnergyAustralia,Electricity Small Market | Electricity Small Market,21 Jul 2021 | 28 Jan 2022,none | none,,0,0.0,Legitimate succession - closed predecessor plus live replacement
4204072845,NMI,2,1,385308_4204072845 | 50002617992_4204072845,Asphalt Prod - Mogo (154) | Asphalt Prod - Mogo (154),EnergyAustralia | Origin,Electricity Large Market | Electricity Large Market,30 Jun 2020 | open,"none | Mar26,Apr26,May26,Jun26,Jul26,Aug26",,0,0.0,Legitimate succession - closed predecessor plus live replacement
4204234430,NMI,3,1,5868854420_4204234430 | 200021563602_4204234430 | A-39C3EA08_4204234430,Asphalt Prod - Narrandera (113) | Asphalt Prod - Narrandera (113) | Asphalt Prod - Narrandera (113),EnergyAustralia | Origin | Origin,Electricity Small Market | Electricity Small Market | Electricity Small Market,13 Sep 2023 | 25 Jul 2021 | open,"none | none | Mar26,Apr26,May26,Jun26,Jul26,Aug26",,0,0.0,Legitimate succession - closed predecessor plus live replacement
4310010555,NMI,2,0,6939798347_4310010555 | 200043877394_4310010555,_CLOSED_Parramatta Light Rail | _CLOSED_Parramatta Light Rail,EnergyAustralia | Origin,Electricity Small Market | Electricity Small Market,30 Jun 2023 | 21 Sep 2021,none | none,,0,0.0,Legitimate succession - closed predecessor plus live replacement
4310027807,NMI,2,1,4735468390_4310027807 | 200012634040_4310027807,Skilltech - Rydalmere | Skilltech - Rydalmere,EnergyAustralia | Origin,Electricity Small Market | Electricity Small Market,open | 08 Jul 2021,"Mar26,Apr26,May26,Jun26,Jul26,Aug26 | none",,0,0.0,Legitimate succession - closed predecessor plus live replacement
4310033090,NMI,4,0,8821725745_4310033090 | 200036230635_4310033090 | 200048747295_4310033090 | 200052059132_4310033090,_CLOSED_Water - ITS Pipetech NSW | _CLOSED_Water - ITS Pipetech NSW | _CLOSED_Water - ITS Pipetech NSW | _CLOSED_Water - ITS Pipetech NSW,EnergyAustralia | Origin | Origin | Origin,Electricity Small Market | Electricity Small Market | Electricity Small Market | Electricity Small Market,29 Sep 2022 | 19 Apr 2020 | 23 Feb 2021 | 22 Aug 2021,none | none | none | none,,0,0.0,Legitimate succession - closed predecessor plus live replacement
4310678881,NMI,2,0,198990990_4310678881 | TBA_4310678881,_CLOSED_Wollongong Office (NSW) | _CLOSED_Wollongong Office (NSW),Lumo | QEnergy,Electricity Simple | Energetics - Small Market,18 Jun 2014 | 30 Jun 2017,none | none,,0,0.0,Legitimate succession - closed predecessor plus live replacement
4310688598,NMI,3,0,50002650727_4310688598 | 2092 8515_4310688598 | 200049084813_4310688598,North Wollongong Office | North Wollongong Office | North Wollongong Office,Origin | Alinta | Origin,Electricity Large Market | Electricity Small Market | Electricity Small Market,11 Jul 2023 | 18 May 2020 | 13 Jul 2020,none | none | none,,0,0.0,Legitimate succession - closed predecessor plus live replacement
4310814853,NMI,2,0,385295_4310814853 | 50002617954_4310814853,_CLOSED_Laundry - North Rocks (NSW) | _CLOSED_Laundry - North Rocks (NSW),EnergyAustralia | Origin,Electricity Large Market | Electricity Small Market,30 Jun 2020 | 30 Jun 2021,none | none,,0,0.0,Legitimate succession - closed predecessor plus live replacement
4310822163,NMI,2,0,7261445737_4310822163 | A-88926277_4310822163,_CLOSED_St Marys - Gallipoli St | _CLOSED_St Marys - Gallipoli St,EnergyAustralia | Origin,Electricity Small Market | Electricity Small Market,07 Aug 2023 | 23 Jan 2024,none | none,,0,0.0,Legitimate succession - closed predecessor plus live replacement
4310908966,NMI,2,0,3507337412_4310908966 | 200048446369_4310908966,_CLOSED_Parramatta Light Rail | _CLOSED_Parramatta Light Rail,EnergyAustralia | Origin,Electricity Small Market | Electricity Small Market,30 Jun 2023 | 14 Sep 2021,none | none,,0,0.0,Legitimate succession - closed predecessor plus live replacement
4310923761,NMI,2,0,4024022152_4310923761 | 200051716583_4310923761,_CLOSED_Parramatta Light Rail | _CLOSED_Parramatta Light Rail,EnergyAustralia | Origin,Electricity Small Market | Electricity Small Market,30 Jun 2023 | 19 Sep 2021,none | none,,0,0.0,Legitimate succession - closed predecessor plus live replacement
4310934278,NMI,2,1,385301_4310934278 | 50002617986_4310934278,PPP - NSW Schools 2 (Halinda SSP) | PPP - NSW Schools 2 (Halinda SSP),EnergyAustralia | Origin,Electricity Large Market | Electricity Large Market,30 Jun 2020 | open,none | none,,0,0.0,Legitimate succession - closed predecessor plus live replacement
4310938258,NMI,2,1,385413_4310938258 | 50002617970_4310938258,PPP - NSW Schools 2 (Ropes Crossing PS) | PPP - NSW Schools 2 (Ropes Crossing PS),EnergyAustralia | Origin,Electricity Large Market | Electricity Large Market,30 Jun 2020 | open,none | none,,0,0.0,Legitimate succession - closed predecessor plus live replacement
4310957406,NMI,2,1,385281_4310957406 | 50002617955_4310957406,PPP - NSW Schools 2 (John Palmer PS) | PPP - NSW Schools 2 (John Palmer PS),EnergyAustralia | Origin,Electricity Large Market | Electricity Large Market,30 Jun 2020 | open,none | none,,0,0.0,Legitimate succession - closed predecessor plus live replacement
4310984436,NMI,2,1,385275_4310984436 | 50002617959_4310984436,PPP - NSW Schools 2 (Rouse Hill HS) | PPP - NSW Schools 2 (Rouse Hill HS),EnergyAustralia | Origin,Electricity Large Market | Electricity Large Market,30 Jun 2020 | open,none | none,,0,0.0,Legitimate succession - closed predecessor plus live replacement
4311006154,NMI,2,1,385277_4311006154 | 50002617988_4311006154,PPP - NSW Schools 2 (Elderslie PS) | PPP - NSW Schools 2 (Elderslie PS),EnergyAustralia | Origin,Electricity Large Market | Electricity Large Market,30 Jun 2020 | open,none | none,,0,0.0,Legitimate succession - closed predecessor plus live replacement
4311006155,NMI,2,1,385440_4311006155 | 50002617951_4311006155,PPP - NSW Schools 2 (Middleton Grange PS) | PPP - NSW Schools 2 (Middleton Grange PS),EnergyAustralia | Origin,Electricity Large Market | Electricity Large Market,30 Jun 2020 | open,none | none,,0,0.0,Legitimate succession - closed predecessor plus live replacement
4311284377,NMI,4,0,200037564073_4311284377 | 200048748202_4311284377 | 200052059124_4311284377 | A-F43ED54D_4311284377,_CLOSED_Water - ITS Pipetech NSW | _CLOSED_Water - ITS Pipetech NSW | _CLOSED_Water - ITS Pipetech NSW | _CLOSED_Water - ITS Pipetech NSW,Origin | Origin | Origin | Origin,Electricity Small Market | Electricity Small Market | Electricity Small Market | Electricity Small Market,19 Apr 2020 | 19 Nov 2020 | 29 Sep 2022 | 27 Feb 2023,none | none | none | none,,0,0.0,Legitimate succession - closed predecessor plus live replacement
4407026487,NMI,3,0,200052059157_4407026487 | A-1C02F07D_4407026487 | EW786210_4407026487,_Closed_Port Macquarie - Jindalee Rd | _Closed_Port Macquarie - Jindalee Rd | _Closed_Port Macquarie - Jindalee Rd,Origin | Origin | QEnergy,Electricity Small Market | Electricity Small Market | Electricity Small Market,26 Jul 2021 | 25 Jan 2024 | 10 May 2020,none | none | none,,0,0.0,Legitimate succession - closed predecessor plus live replacement
4407159044,NMI,3,1,200051085393_4407159044 | A-4005C5DE_4407159044 | A-7098FD44_4407159044,RPQ NSW Chinderah | RPQ NSW Chinderah | RPQ NSW Chinderah,Origin | Origin | Origin,Electricity Small Market | Electricity Small Market | Electricity Small Market,18 Dec 2022 | 18 Sep 2023 | open,"none | none | Mar26,Apr26,May26,Jun26,Jul26,Aug26",,0,0.0,Legitimate succession - closed predecessor plus live replacement
4407159054,NMI,3,1,200051085377_4407159054 | 50002846159_4407159054 | A-1D612D9B_4407159054,RPQ NSW Chinderah | RPQ NSW Chinderah | RPQ NSW Chinderah,Origin | Origin | Origin,Electricity Small Market | Electricity Small Market | Electricity Small Market,19 Dec 2022 | open | 29 Jan 2024,"none | Mar26,Apr26,May26,Jun26,Jul26,Aug26 | none",,0,0.0,Legitimate succession - closed predecessor plus live replacement
4407159858,NMI,2,0,200018510384_4407159858 | 50002617998_4407159858,NSW Spray Seal | RPQ Spray Seal,Origin | Origin,Electricity Small Market | Electricity Small Market,30 Jun 2020 | 30 Apr 2021,none | none,,0,0.0,Legitimate succession - closed predecessor plus live replacement
6001054854,NMI,3,0,0530464530_6001054854 | 530464530_6001054854 | 50002652049_6001054854,_CLOSED_Laundry - Cross Dock (VIC) | _CLOSED_Laundry - Cross Dock (VIC) | _CLOSED_Laundry - Cross Dock (VIC),EnergyAustralia | EnergyAustralia | Origin,Electricity Small Market | Electricity Small Market | Electricity Small Market,08 May 2020 | 31 Jul 2020 | 30 Jun 2021,none | none | none,,0,0.0,Legitimate succession - closed predecessor plus live replacement
6001208987,NMI,2,0,7099172871_6001208987 | 8417833143_6001208987,352 Macaulay Road | 352 Macaulay Road,AGL | EnergyAustralia,Electricity Small Market | Electricity Small Market,31 Dec 2024 | 30 Jun 2023,none | none,,0,0.0,Legitimate succession - closed predecessor plus live replacement
6001295311,NMI,3,1,7099172855_6001295311 | 9956624348_6001295311 | 300022519718_6001295311,GWW - Campbellfield Depot | GWW - Campbellfield Depot | _CLOSED_PL - City West Water,AGL | EnergyAustralia | Origin,Electricity Small Market | Electricity Small Market | Electricity Small Market,open | 30 Jun 2023 | 30 Jun 2021,"Mar26,Apr26,May26,Jun26,Jul26,Aug26 | none | none",,0,0.0,Legitimate succession - closed predecessor plus live replacement
6001311036,NMI,3,1,DEDI01_6001311036 | 50002646138_6001311036 | 900018217_6001311036,Asphalt Prod - Somerton (303) | Asphalt Prod - Somerton (303) | Asphalt Prod - Somerton (303),ERM | Origin | EngieAU,Electricity Large Market | Electricity Large Market | Electricity Small Market,30 Jun 2020 | 30 Jun 2026 | open,"none | Mar26,Apr26,May26,Jun26 | Jul26,Aug26",,0,0.0,Legitimate succession - closed predecessor plus live replacement
6001399332,NMI,3,1,7099172947_6001399332 | 3791453447_6001399332 | 300020368936_6001399332,Kensington - Hobsons Rd | Kensington - Hobsons Rd | Kensington - Hobsons Rd,AGL | EnergyAustralia | Origin,Electricity Small Market | Electricity Small Market | Electricity Small Market,open | 30 Jun 2023 | 30 Jun 2021,"Mar26,Apr26,May26,Jun26,Jul26,Aug26 | none | none",,0,0.0,Legitimate succession - closed predecessor plus live replacement
6001731113,NMI,2,0,DEDI01_6001731113 | 50002646139_6001731113,East Preston - Rail (Tram Maintenance Depot) | East Preston - Rail (Tram Maintenance Depot),ERM | Origin,Electricity Large Market | Electricity Large Market,30 Jun 2020 | 28 Feb 2025,none | none,,0,0.0,Legitimate succession - closed predecessor plus live replacement
6102101295,NMI,4,0,5508374677_6102101295 | 300041637475_6102101295 | 300042684526_6102101295 | EW782077_6102101295,_CLOSED_Laundry - Northcote (VIC) | _CLOSED_Laundry - Northcote (VIC) | _CLOSED_Laundry - Northcote (VIC) | _CLOSED_Laundry - Northcote (VIC),EnergyAustralia | Origin | Origin | QEnergy,Electricity Small Market | Electricity Small Market | Electricity Small Market | Electricity Small Market,31 Dec 2021 | 09 Mar 2021 | 30 Jun 2021 | 10 May 2020,none | none | none | none,,0,0.0,Legitimate succession - closed predecessor plus live replacement
6102294971,NMI,4,0,8171563037_6102294971 | 300041637533_6102294971 | 300042684534_6102294971 | EW840277_6102294971,_CLOSED_Laundry - Northcote (VIC) | _CLOSED_Laundry - Northcote (VIC) | _CLOSED_Laundry - Northcote (VIC) | _CLOSED_Laundry - Northcote (VIC),EnergyAustralia | Origin | Origin | QEnergy,Electricity Small Market | Electricity Small Market | Electricity Small Market | Electricity Small Market,01 Jan 2022 | 09 Jun 2020 | 01 Jul 2021 | 10 May 2020,none | none | none | none,,0,0.0,Legitimate succession - closed predecessor plus live replacement
6102373347,NMI,3,0,SPFS02_014_6102373347 | 50002646134_6102373347 | 50002814437_6102373347,LSE - Zinc (VIC) | LSE - Zinc (VIC) | LSE - Zinc (VIC),ERM | Origin | Origin,Electricity Large Market | Electricity Large Market | Electricity Small Market,30 Jun 2020 | 29 Jun 2022 | 30 Nov 2022,none | none | none,,0,0.0,Legitimate succession - closed predecessor plus live replacement
6102493129,NMI,4,0,9249864365_6102493129 | 300041637715_6102493129 | 300042684542_6102493129 | EW710743_6102493129,_CLOSED_Laundry - Northcote (VIC) | _CLOSED_Laundry - Northcote (VIC) | _CLOSED_Laundry - Northcote (VIC) | _CLOSED_Laundry - Northcote (VIC),EnergyAustralia | Origin | Origin | QEnergy,Electricity Small Market | Electricity Small Market | Electricity Small Market | Electricity Small Market,03 Feb 2022 | 09 Apr 2021 | 07 Jul 2021 | 10 May 2020,none | none | none | none,,0,0.0,Legitimate succession - closed predecessor plus live replacement
6102951812,NMI,4,0,9029707326_6102951812 | 300041637772_6102951812 | 300042684559_6102951812 | EW782078_6102951812,_CLOSED_Laundry - Northcote (VIC) | _CLOSED_Laundry - Northcote (VIC) | _CLOSED_Laundry - Northcote (VIC) | _CLOSED_Laundry - Northcote (VIC),EnergyAustralia | Origin | Origin | QEnergy,Electricity Small Market | Electricity Small Market | Electricity Small Market | Electricity Small Market,03 Feb 2022 | 09 Apr 2021 | 07 Jul 2021 | 10 May 2020,none | none | none | none,,0,0.0,Legitimate succession - closed predecessor plus live replacement
6103034554,NMI,3,1,7099171295_6103034554 | 5663254940_6103034554 | 300032638565_6103034554,567 Collins St - Level 5 | 567 Collins St - Level 5 | 567 Collins St - Level 5,AGL | EnergyAustralia | Origin,Electricity Small Market | Electricity Small Market | Electricity Small Market,open | 30 Jun 2023 | 30 Jun 2021,"Mar26,Apr26,May26,Jun26,Jul26,Aug26 | none | none",,0,0.0,Legitimate succession - closed predecessor plus live replacement
6103034555,NMI,3,1,7099171287_6103034555 | 9826516834_6103034555 | 300032638508_6103034555,567 Collins St - Level 5 | 567 Collins St - Level 5 | 567 Collins St - Level 5,AGL | EnergyAustralia | Origin,Electricity Small Market | Electricity Small Market | Electricity Small Market,open | 30 Jun 2023 | 30 Jun 2021,"Mar26,Apr26,May26,Jun26,Jul26,Aug26 | none | none",,0,0.0,Legitimate succession - closed predecessor plus live replacement
6103034564,NMI,3,1,7099172145_6103034564 | 3797111232_6103034564 | 300032527586_6103034564,567 Collins St - Level 10 | 567 Collins St - Level 10 | 567 Collins St - Level 10,AGL | EnergyAustralia | Origin,Electricity Small Market | Electricity Small Market | Electricity Small Market,open | 30 Jun 2023 | 29 Jun 2021,"Mar26,Apr26,May26,Jun26,Jul26,Aug26 | none | none",,0,0.0,Legitimate succession - closed predecessor plus live replacement
6103034565,NMI,3,1,7099173143_6103034565 | 1514766741_6103034565 | 300032528477_6103034565,567 Collins St - Level 10 | 567 Collins St - Level 10 | 567 Collins St - Level 10,AGL | EnergyAustralia | Origin,Electricity Small Market | Electricity Small Market | Electricity Small Market,open | 29 Jun 2023 | 29 Jun 2021,"Mar26,Apr26,May26,Jun26,Jul26,Aug26 | none | none",,0,0.0,Legitimate succession - closed predecessor plus live replacement
6103034856,NMI,2,0,50002646148_6103034856 | 7036214380_6103034856,_CLOSED_Corporate - 549 St Kilda Rd (Melbourne VIC) | _CLOSED_Corporate - 549 St Kilda Rd (Melbourne VIC),Origin | AGL,Electricity Large Market | Electricity Small Market,30 Nov 2023 | 19 Jul 2020,none | none,,0,0.0,Legitimate succession - closed predecessor plus live replacement
6103034857,NMI,2,0,50002646149_6103034857 | 7014489996_6103034857,_CLOSED_Corporate - 549 St Kilda Rd (Melbourne VIC) | _CLOSED_Corporate - 549 St Kilda Rd (Melbourne VIC),Origin | AGL,Electricity Large Market | Electricity Small Market,31 Mar 2024 | 19 Jul 2020,none | none,,0,0.0,Legitimate succession - closed predecessor plus live replacement
6103034858,NMI,2,0,50002646150_6103034858 | 7014490002_6103034858,_CLOSED_Corporate - 549 St Kilda Rd (Melbourne VIC) | _CLOSED_Corporate - 549 St Kilda Rd (Melbourne VIC),Origin | AGL,Electricity Large Market | Electricity Small Market,30 Jun 2024 | 19 Jul 2020,none | none,,0,0.0,Legitimate succession - closed predecessor plus live replacement
6103066712,NMI,3,1,7099172186_6103066712 | 3582693223_6103066712 | 300043704836_6103066712,Remediation Site_Laundry - Abbotsford (VIC) | Remediation Site_Laundry - Abbotsford (VIC) | Remediation Site_Laundry - Abbotsford (VIC),AGL | EnergyAustralia | Origin,Electricity Small Market | Electricity Small Market | Electricity Small Market,open | 30 Jun 2023 | 30 Jun 2021,none | none | none,,0,0.0,Legitimate succession - closed predecessor plus live replacement
6203155353,NMI,2,1,7068967442_6203155353 | 7099173051_6203155353,Ausnet_Gas_Geelong East | Ausnet_Gas_Geelong East,AGL | AGL,Electricity Small Market | Electricity Small Market,12 Oct 2023 | open,"none | Mar26,Apr26,May26,Jun26,Jul26,Aug26",,0,0.0,Legitimate succession - closed predecessor plus live replacement
6203245874,NMI,3,1,7099172913_6203245874 | 1476119418_6203245874 | 300001848187_6203245874,Ausnet_Gas_Wendouree | Ausnet_Gas_Wendouree | AusNet Gas - Fuel Cards,AGL | EnergyAustralia | Origin,Electricity Small Market | Electricity Small Market | Electricity Small Market,open | 30 Jun 2023 | 26 Jul 2022,"Mar26,Apr26,May26,Jun26,Jul26,Aug26 | none | none",,0,0.0,Legitimate succession - closed predecessor plus live replacement
6203299040,NMI,3,0,7099171816_6203299040 | 5437523457_6203299040 | 300019223969_6203299040,Asphalt Prod - Shepparton (308) | Asphalt Prod - Shepparton (308) | Asphalt Prod - Shepparton (308),AGL | EnergyAustralia | Origin,Electricity Small Market | Electricity Small Market | Electricity Small Market,01 Feb 2024 | 30 Jun 2023 | 30 Jun 2021,none | none | none,,0,0.0,Legitimate succession - closed predecessor plus live replacement
6203302485,NMI,3,1,7099172905_6203302485 | 1973799412_6203302485 | 300000920581_6203302485,Ausnet_Gas_Ararat | Ausnet_Gas_Ararat | _CLOSED_DO_Ararat,AGL | EnergyAustralia | Origin,Electricity Small Market | Electricity Small Market | Electricity Small Market,open | 30 Jun 2023 | 30 Jun 2021,"Mar26,Apr26,May26,Jun26,Jul26,Aug26 | none | none",,0,0.0,Legitimate succession - closed predecessor plus live replacement
6203333799,NMI,2,0,2712238533_6203333799 | 300033713128_6203333799,Ausnet_Gas_Portland - Kunara | _CLOSED_DO_Portland,EnergyAustralia | Origin,Electricity Small Market | Electricity Small Market,30 Nov 2022 | 30 Jun 2021,none | none,,0,0.0,Legitimate succession - closed predecessor plus live replacement
6203424291,NMI,3,1,7099172897_6203424291 | 2443004782_6203424291 | 300001232820_6203424291,Ausnet_Gas_North Bendigo | Ausnet_Gas_North Bendigo | _CLOSED_DO_Bendigo,AGL | EnergyAustralia | Origin,Electricity Small Market | Electricity Small Market | Electricity Small Market,open | 30 Jun 2023 | 30 Jun 2021,"Mar26,Apr26,May26,Jun26,Jul26,Aug26 | none | none",,0,0.0,Legitimate succession - closed predecessor plus live replacement
6203424292,NMI,3,1,7099173044_6203424292 | 6270817761_6203424292 | 300001232770_6203424292,Ausnet_Gas_North Bendigo | Ausnet_Gas_North Bendigo | _CLOSED_DO_Bendigo,AGL | EnergyAustralia | Origin,Electricity Small Market | Electricity Small Market | Electricity Small Market,open | 30 Jun 2023 | 30 Jun 2021,"Mar26,Apr26,May26,Jun26,Jul26,Aug26 | none | none",,0,0.0,Legitimate succession - closed predecessor plus live replacement
6203510612,NMI,4,0,1342249931_6203510612 | 300041637780_6203510612 | 300042684567_6203510612 | EW710744_6203510612,_CLOSED_Depot - Mildura (VIC Depot) | _CLOSED_Depot - Mildura (VIC Depot) | _CLOSED_Depot - Mildura (VIC Depot) | _CLOSED_Depot - Mildura (VIC Depot),EnergyAustralia | Origin | Origin | QEnergy,Electricity Small Market | Electricity Small Market | Electricity Small Market | Electricity Small Market,31 Dec 2021 | 01 Dec 2020 | 30 Jun 2021 | 10 May 2020,none | none | none | none,,0,0.0,Legitimate succession - closed predecessor plus live replacement
6203616394,NMI,3,1,7099172954_6203616394 | 7510340718_6203616394 | 300032541280_6203616394,Ausnet_Gas_Warrnambool | Ausnet_Gas_Warrnambool | _CLOSED_DO_Warrnambool,AGL | EnergyAustralia | Origin,Electricity Small Market | Electricity Small Market | Electricity Small Market,open | 30 Jun 2023 | 30 Jun 2021,"Mar26,Apr26,May26,Jun26,Jul26,Aug26 | none | none",,0,0.0,Legitimate succession - closed predecessor plus live replacement
6203723433,NMI,2,1,7099171279_6203723433 | 300023859196_6203723433,Ausnet_Gas_Colac West | _CLOSED_DO_Colac,AGL | Origin,Electricity Small Market | Electricity Small Market,open | 04 Jul 2021,"Mar26,Apr26,May26,Jun26,Jul26,Aug26 | none",,0,0.0,Legitimate succession - closed predecessor plus live replacement
6203753676,NMI,3,1,DEDI01_6203753676 | 50002646140_6203753676 | 900018212_6203753676,Utilities Derrimut Office | Utilities Derrimut Office | Utilities Derrimut Office,ERM | Origin | EngieAU,Electricity Large Market | Electricity Large Market | Electricity Small Market,30 Jun 2020 | 30 Jun 2026 | open,"none | Mar26,Apr26,May26,Jun26 | Jul26,Aug26",,0,0.0,Legitimate succession - closed predecessor plus live replacement
6203834591,NMI,3,1,7099172939_6203834591 | 7099510799_6203834591 | 1868971_6203834591,City of Melton Roads and Drainage Asset Maintenanc | City of Melton Roads and Drainage Asset Maintenanc | City of Melton Roads and Drainage Asset Maintenanc,AGL | AGL | TangoEnergy,Electricity Small Market | Electricity Small Market | Electricity Small Market,20 Jan 2024 | open | 30 Jun 2023,"none | Mar26,Apr26,May26,Jun26,Jul26,Aug26 | none",,0,0.0,Legitimate succession - closed predecessor plus live replacement
6203842158,NMI,4,1,7099173036_6203842158 | 0620269716_6203842158 | 300038025023_6203842158 | 300039184647_6203842158,Horsham - Ballinger St | Horsham - Ballinger St | Horsham - Ballinger St | Horsham - Ballinger St,AGL | EnergyAustralia | Origin | Origin,Electricity Small Market | Electricity Small Market | Electricity Small Market | Electricity Small Market,open | 30 Jun 2023 | 07 Nov 2019 | 30 Jun 2021,"Mar26,Apr26,May26,Jun26,Jul26,Aug26 | none | none | none",,0,0.0,Legitimate succession - closed predecessor plus live replacement
6204134328,NMI,2,1,900018214_6204134328 | 50002946681_6204134328,Asphalt Prod - Shepparton (308) | Asphalt Prod - Shepparton (308),EngieAU | Origin,Electricity Small Market | Electricity Small Market,open | 30 Jun 2026,"Jul26,Aug26 | Mar26,Apr26,May26,Jun26",,0,0.0,Legitimate succession - closed predecessor plus live replacement
6305003048,NMI,3,1,7099172160_6305003048 | 0112536905_6305003048 | 300043292402_6305003048,Ausnet_Elec_Wodonga | Ausnet_Elec_Wodonga | Ausnet_Elec_Wodonga,AGL | EnergyAustralia | Origin,Electricity Small Market | Electricity Small Market | Electricity Small Market,open | 30 Jun 2023 | 04 Jul 2021,none | none | none,,0,0.0,Legitimate succession - closed predecessor plus live replacement
6305110585,NMI,2,0,7099171311_6305110585 | 4753516574_6305110585,"Fowlers Asphalting, Trafalgar Depot | Fowlers Asphalting, Trafalgar Depot",AGL | EnergyAustralia,Electricity Small Market | Electricity Small Market,09 Aug 2023 | 30 Jun 2023,none | none,,0,0.0,Legitimate succession - closed predecessor plus live replacement
6305111383,NMI,2,0,7099173010_6305111383 | 0390850208_6305111383,RepurposeIT | RepurposeIT,AGL | EnergyAustralia,Electricity Small Market | Electricity Small Market,09 Nov 2023 | 30 Jun 2023,none | none,,0,0.0,Legitimate succession - closed predecessor plus live replacement
6305122635,NMI,3,1,7099173135_6305122635 | 2379537620_6305122635 | 300043292477_6305122635,Ausnet_Elec_Lucknow | Ausnet_Elec_Lucknow | AusNet Electricity - Fuel Cards,AGL | EnergyAustralia | Origin,Electricity Small Market | Electricity Small Market | Electricity Small Market,open | 30 Jun 2023 | 11 Jul 2021,"Mar26,Apr26,May26,Jun26,Jul26,Aug26 | none | none",,0,0.0,Legitimate succession - closed predecessor plus live replacement
6305269493,NMI,2,0,7099173176_6305269493 | 6669194739_6305269493,RepurposeIT | RepurposeIT,AGL | EnergyAustralia,Electricity Small Market | Electricity Small Market,08 Nov 2023 | 30 Jun 2023,none | none,,0,0.0,Legitimate succession - closed predecessor plus live replacement
6305288779,NMI,2,0,4993721298_6305288779 | 300019223910_6305288779,_CLOSED_Mt Evelyn | _CLOSED_Mt Evelyn,EnergyAustralia | Origin,Electricity Small Market | Electricity Small Market,08 Sep 2022 | 30 Jun 2021,none | none,,0,0.0,Legitimate succession - closed predecessor plus live replacement
6305401021,NMI,2,1,7099171790_6305401021 | 7899755283_6305401021,"Fowlers Asphalting, Trafalgar Depot | Fowlers Asphalting, Trafalgar Depot",AGL | EnergyAustralia,Electricity Small Market | Electricity Small Market,open | 30 Jun 2023,"Mar26,Apr26,May26,Jun26,Jul26,Aug26 | none",,0,0.0,Legitimate succession - closed predecessor plus live replacement
6305410847,NMI,2,1,7099172210_6305410847 | 300043292469_6305410847,Ausnet_Elec_Sale | AusNet Electricity - Fuel Cards,AGL | Origin,Electricity Small Market | Electricity Small Market,open | 04 Jul 2021,none | none,,0,0.0,Legitimate succession - closed predecessor plus live replacement
6305554536,NMI,3,0,7095238635_6305554536 | 5956608514_6305554536 | 8450037295_6305554536,RepurposeIT | RepurposeIT | RepurposeIT,AGL | EnergyAustralia | EnergyAustralia,Electricity Small Market | Electricity Small Market | Electricity Small Market,31 May 2023 | 02 Jan 2023 | 31 Oct 2021,none | none | none,,0,0.0,Legitimate succession - closed predecessor plus live replacement
6305557168,NMI,4,1,7099172178_6305557168 | 0905039554_6305557168 | 905039554_6305557168 | 300030057974_6305557168,YVW Depot - Bayswater North | YVW Depot - Bayswater North | YVW Depot - Bayswater North | YVW Depot - Bayswater North,AGL | EnergyAustralia | EnergyAustralia | Origin,Electricity Small Market | Electricity Small Market | Electricity Small Market | Electricity Small Market,open | 30 Jun 2023 | 30 Mar 2023 | 29 Jun 2021,"Mar26,Apr26,May26,Jun26,Jul26,Aug26 | none | none | none",,0,0.0,Legitimate succession - closed predecessor plus live replacement
6305565275,NMI,3,0,7099171782_6305565275 | 0861933841_6305565275 | 300043292410_6305565275,Ausnet_Elec_Alexandra | Ausnet_Elec_Alexandra | AusNet Electricity - Fuel Cards,AGL | EnergyAustralia | Origin,Electricity Small Market | Electricity Small Market | Electricity Small Market,18 Jan 2024 | 30 Jun 2023 | 29 Jun 2021,none | none | none,,0,0.0,Legitimate succession - closed predecessor plus live replacement
6305571265,NMI,3,1,7098275832_6305571265 | 3710228431_6305571265 | 300043292451_6305571265,Ausnet_Elec_Traralgon | Ausnet_Elec_Traralgon | AusNet Electricity - Fuel Cards,AGL | EnergyAustralia | Origin,Electricity Small Market | Electricity Small Market | Electricity Small Market,open | 30 Jun 2023 | 08 Apr 2021,none | none | none,,0,0.0,Legitimate succession - closed predecessor plus live replacement
6305592294,NMI,3,1,7099172921_6305592294 | 2030479156_6305592294 | 300043291990_6305592294,Ausnet_Elec_Mansfield | Ausnet_Elec_Mansfield | Ausnet_Elec_Mansfield,AGL | EnergyAustralia | Origin,Electricity Small Market | Electricity Small Market | Electricity Small Market,open | 30 Jun 2023 | 06 Jul 2021,"Mar26,Apr26,May26,Jun26,Jul26,Aug26 | none | none",,0,0.0,Legitimate succession - closed predecessor plus live replacement
6305680679,NMI,3,0,7095238155_6305680679 | 2725662103_6305680679 | 8634565464_6305680679,RepurposeIT | RepurposeIT | RepurposeIT,AGL | EnergyAustralia | EnergyAustralia,Electricity Small Market | Electricity Small Market | Electricity Small Market,05 Apr 2023 | 01 Nov 2021 | 02 Jan 2023,none | none | none,,0,0.0,Legitimate succession - closed predecessor plus live replacement
6305681860,NMI,3,0,7099172996_6305681860 | 0656725330_6305681860 | 6630750383_6305681860,RepurposeIT | RepurposeIT | RepurposeIT,AGL | EnergyAustralia | EnergyAustralia,Electricity Small Market | Electricity Small Market | Electricity Small Market,15 Aug 2023 | 14 Aug 2023 | 31 Oct 2021,none | none | none,,0,0.0,Legitimate succession - closed predecessor plus live replacement
6305686011,NMI,2,0,7099173077_6305686011 | 9494014567_6305686011,RepurposeIT | RepurposeIT,AGL | EnergyAustralia,Electricity Small Market | Electricity Small Market,09 Nov 2023 | 30 Jun 2023,none | none,,0,0.0,Legitimate succession - closed predecessor plus live replacement
6305740679,NMI,3,1,7099171808_6305740679 | 7977334744_6305740679 | 300043292428_6305740679,Ausnet_Elec_Myrtleford | Ausnet_Elec_Myrtleford | AusNet Electricity - Fuel Cards,AGL | EnergyAustralia | Origin,Electricity Small Market | Electricity Small Market | Electricity Small Market,open | 30 Jun 2023 | 29 Jun 2021,none | none | none,,0,0.0,Legitimate succession - closed predecessor plus live replacement
6305782299,NMI,3,1,7099172202_6305782299 | 8812612765_6305782299 | 300043292436_6305782299,Ausnet_Elec_Myrtleford | Ausnet_Elec_Myrtleford | AusNet Electricity - Fuel Cards,AGL | EnergyAustralia | Origin,Electricity Small Market | Electricity Small Market | Electricity Small Market,open | 30 Jun 2023 | 29 Jun 2021,none | none | none,,0,0.0,Legitimate succession - closed predecessor plus live replacement
6305782300,NMI,3,1,7099171303_6305782300 | 0482279777_6305782300 | 300043292444_6305782300,Ausnet_Elec_Myrtleford | Ausnet_Elec_Myrtleford | AusNet Electricity - Fuel Cards,AGL | EnergyAustralia | Origin,Electricity Small Market | Electricity Small Market | Electricity Small Market,open | 29 Jun 2023 | 29 Jun 2021,none | none | none,,0,0.0,Legitimate succession - closed predecessor plus live replacement
6305812613,NMI,3,1,7099172194_6305812613 | 4173353522_6305812613 | 300019223902_6305812613,Wangaratta | Wangaratta | Wangaratta,AGL | EnergyAustralia | Origin,Electricity Small Market | Electricity Small Market | Electricity Small Market,open | 30 Jun 2023 | 06 Jul 2021,"Mar26,Apr26,May26,Jun26,Jul26,Aug26 | none | none",,0,0.0,Legitimate succession - closed predecessor plus live replacement
6305885252,NMI,2,1,900018218_6305885252 | 50002976775_6305885252,Gippsland Asphalt - Bairnsdale | Gippsland Asphalt - Bairnsdale,EngieAU | Origin,Electricity Small Market | Electricity Small Market,open | 30 Jun 2026,"Jul26,Aug26 | Mar26,Apr26,May26,Jun26",,0,0.0,Legitimate succession - closed predecessor plus live replacement
6305920528,NMI,3,1,DEDI01_6305920528 | 50002646141_6305920528 | 900018215_6305920528,Asphalt Prod - Bayswater (302) | Asphalt Prod - Bayswater (302) | Asphalt Prod - Bayswater (302),ERM | Origin | EngieAU,Electricity Large Market | Electricity Large Market | Electricity Small Market,30 Jun 2020 | 30 Jun 2026 | open,"none | Mar26,Apr26,May26,Jun26 | Jul26,Aug26",,0,0.0,Legitimate succession - closed predecessor plus live replacement
6305923148,NMI,3,1,7099173028_6305923148 | 6702642144_6305923148 | 300043292485_6305923148,Ausnet_Elec_Lucknow | Ausnet_Elec_Lucknow | AusNet Electricity - Fuel Cards,AGL | EnergyAustralia | Origin,Electricity Small Market | Electricity Small Market | Electricity Small Market,open | 29 Jun 2023 | 29 Jun 2021,"Mar26,Apr26,May26,Jun26,Jul26,Aug26 | none | none",,0,0.0,Legitimate succession - closed predecessor plus live replacement
6305983844,NMI,3,1,7099547411_6305983844 | 0441568333_6305983844 | 2288973295_6305983844,"Tarmac Line Marking, Bairnsdale Depot | Tarmac Line Marking, Bairnsdale Depot | Tarmac Line Marking, Bairnsdale Depot",AGL | EnergyAustralia | EnergyAustralia,Electricity Small Market | Electricity Small Market | Electricity Small Market,open | 30 Jun 2023 | 13 Nov 2022,"Mar26,Apr26,May26,Jun26,Jul26,Aug26 | none | none",,0,0.0,Legitimate succession - closed predecessor plus live replacement
6305988798,NMI,3,0,7099173002_6305988798 | 2275219116_6305988798 | 4615584360_6305988798,RepurposeIT | RepurposeIT | RepurposeIT,AGL | EnergyAustralia | EnergyAustralia,Electricity Small Market | Electricity Small Market | Electricity Small Market,06 Nov 2023 | 24 Jan 2023 | 30 Jun 2023,none | none | none,,0,0.0,Legitimate succession - closed predecessor plus live replacement
6305990615,NMI,3,0,7099172962_6305990615 | 9406999861_6305990615 | 300038563320_6305990615,Epping | Epping | Epping,AGL | EnergyAustralia | Origin,Electricity Small Market | Electricity Small Market | Electricity Small Market,02 Feb 2025 | 30 Jun 2023 | 07 Jul 2021,none | none | none,,0,0.0,Legitimate succession - closed predecessor plus live replacement
6306009124,NMI,3,1,11695210_6306009124 | 900018219_6306009124 | 50002929573_6306009124,Asphalt Prod - Traralgon (300) | Asphalt Prod - Traralgon (300) | Asphalt Prod - Traralgon (300),AGL | EngieAU | Origin,Electricity Small Market | Electricity Small Market | Electricity Small Market,30 Apr 2024 | open | 30 Jun 2026,"none | Jul26,Aug26 | Mar26,Apr26,May26,Jun26",,0,0.0,Legitimate succession - closed predecessor plus live replacement
6306011214,NMI,3,0,50002646137_6306011214 | DEDI01_6306011214 | 50002854425_6306011214,RepurposeIT | _CLOSED_Reconomy GreenVision | RepurposeIT,Origin | ERM | Origin,Electricity Large Market | Electricity Small Market | Electricity Small Market,30 Jun 2023 | 30 Jun 2020 | 31 Jan 2024,none | none | none,,0,0.0,Legitimate succession - closed predecessor plus live replacement
6407100027,NMI,3,1,DEDI01_6407100027 | 50002646142_6407100027 | 900018211_6407100027,Dandenong - PAV | Dandenong - PAV | Dandenong - PAV,ERM | Origin | EngieAU,Electricity Large Market | Electricity Large Market | Electricity Small Market,19 Jul 2020 | 30 Jun 2026 | open,"none | Mar26,Apr26,May26,Jun26 | Jul26,Aug26",,0,0.0,Legitimate succession - closed predecessor plus live replacement
6407387461,NMI,4,1,21295365_6407387461 | 7099172889_6407387461 | 6373106072_6407387461 | 300040431722_6407387461,UAM - Bentleigh East | UAM - Bentleigh East | UAM - Bentleigh East | UAM - Bentleigh East,AGL | AGL | EnergyAustralia | Origin,Electricity Small Market | Electricity Small Market | Electricity Small Market | Electricity Small Market,28 Nov 2023 | open | 29 Jun 2023 | 29 Jun 2021,"none | Mar26,Apr26,May26,Jun26,Jul26,Aug26 | none | none",,0,0.0,Legitimate succession - closed predecessor plus live replacement
6407433769,NMI,3,0,5016519644_6407433769 | 7957709629_6407433769 | 300040337549_6407433769,Ausnet_Gas_Springvale | Ausnet_Gas_Springvale | AusNet Electricity - Fuel Cards,EnergyAustralia | EnergyAustralia | Origin,Electricity Small Market | Electricity Small Market | Electricity Small Market,30 Jun 2023 | 23 May 2023 | 07 Jul 2021,none | none | none,,0,0.0,Legitimate succession - closed predecessor plus live replacement
6407457456,NMI,2,0,300041637939_6407457456 | EW780955_6407457456,_CLOSED_AE Smith - Scoresby | _CLOSED_AE Smith - Scoresby,Origin | QEnergy,Electricity Small Market | Electricity Small Market,16 Jul 2020 | 10 May 2020,none | none,,0,0.0,Legitimate succession - closed predecessor plus live replacement
6407695648,NMI,6,1,41086067_6407695648 | 7099173127_6407695648 | 0825998030_6407695648 | 825998030_6407695648 | 300040507539_6407695648 | 300042684575_6407695648,"Mulgrave - Wellington Rd, Clayton | Mulgrave - Wellington Rd, Clayton | Mulgrave - Wellington Rd, Clayton | Mulgrave - Wellington Rd, Clayton | Mulgrave - Wellington Rd, Clayton | Mulgrave - Wellington Rd, Clayton",AGL | AGL | EnergyAustralia | EnergyAustralia | Origin | Origin,Electricity Small Market | Electricity Small Market | Electricity Small Market | Electricity Small Market | Electricity Small Market | Electricity Small Market,02 Mar 2024 | open | 29 Jun 2023 | 30 Mar 2023 | 04 Jun 2021 | 29 Jun 2021,"none | Mar26,Apr26,May26,Jun26,Jul26,Aug26 | none | none | none | none",,0,0.0,Legitimate succession - closed predecessor plus live replacement
6407695655,NMI,3,1,50002646152_6407695655 | 7012537788_6407695655 | 900018210_6407695655,"Mulgrave - Wellington Rd, Clayton | Mulgrave - Wellington Rd, Clayton | Mulgrave - Wellington Rd, Clayton",Origin | AGL | EngieAU,Electricity Large Market | Electricity Small Market | Electricity Small Market,30 Jun 2026 | 19 Jul 2020 | open,"Mar26,Apr26,May26,Jun26 | none | Jul26,Aug26",,0,0.0,Legitimate succession - closed predecessor plus live replacement
6407711651,NMI,2,0,50002646153_6407711651 | 20764924_6407711651,_CLOSED_AE Smith - Mulgrave | _CLOSED_AE Smith - Mulgrave,Origin | AGL,Electricity Large Market | Electricity Small Market,02 Dec 2021 | 15 Jul 2020,none | none,,0,0.0,Legitimate succession - closed predecessor plus live replacement
6407739965,NMI,3,0,4211710287_6407739965 | 300040485439_6407739965 | 300042684583_6407739965,AE Smith - Dandenong South | AE Smith - Dandenong South | AE Smith - Dandenong South,EnergyAustralia | Origin | Origin,Electricity Small Market | Electricity Small Market | Electricity Small Market,29 Jun 2023 | 23 Aug 2020 | 29 Jun 2021,none | none | none,,0,0.0,Legitimate succession - closed predecessor plus live replacement
6407817685,NMI,2,0,SPFS02_012_6407817685 | 50002649087_6407817685,_CLOSED_Laundry - Dandenong (VIC) | _CLOSED_Laundry - Dandenong (VIC),ERM | Origin,Electricity Large Market | Electricity Small Market,30 Jun 2020 | 30 Jun 2021,none | none,,0,0.0,Legitimate succession - closed predecessor plus live replacement
6407817686,NMI,2,0,SPFS02_011_6407817686 | 50002649088_6407817686,_CLOSED_Laundry - Dandenong (VIC) | _CLOSED_Laundry - Dandenong (VIC),ERM | Origin,Electricity Large Market | Electricity Small Market,30 Jun 2020 | 30 Jun 2021,none | none,,0,0.0,Legitimate succession - closed predecessor plus live replacement
6408316041,NMI,2,0,7099172863_6408316041 | 300037515123_6408316041,Dandenong Depot | Dandenong Depot,AGL | Origin,Electricity Small Market | Electricity Small Market,16 Oct 2023 | 29 Jun 2021,none | none,,0,0.0,Legitimate succession - closed predecessor plus live replacement
7001116011,NMI,2,0,999905782606_7001116011 | 9672776724_7001116011,_CLOSED_Spotless - Fyshwick | _CLOSED_Spotless - Fyshwick,ActewAGL | EnergyAustralia,Electricity Small Market | Electricity Small Market,14 Jul 2021 | 14 Feb 2022,none | none,,0,0.0,Legitimate succession - closed predecessor plus live replacement
7001116041,NMI,4,1,999957582203_7001116041 | 999961639811_7001116041 | 1386412517_7001116041 | 900001259341_7001116041,Pipetech - Fyshwick Depot | Pipetech - Fyshwick Depot | Pipetech - Fyshwick Depot | Pipetech - Fyshwick Depot,ActewAGL | ActewAGL | EnergyAustralia | Origin,Electricity Small Market | Electricity Small Market | Electricity Small Market | Electricity Small Market,12 Jan 2024 | open | 28 Apr 2023 | 30 Jun 2021,"none | Mar26,Apr26,May26,Jun26,Jul26,Aug26 | none | none",,0,0.0,Legitimate succession - closed predecessor plus live replacement
7001184714,NMI,2,1,385317_7001184714 | 50002618040_7001184714,Asphalt Prod - Hume (101) | Asphalt Prod - Hume (101),EnergyAustralia | Origin,Electricity Large Market | Electricity Large Market,30 Jun 2020 | open,"none | Mar26,Apr26,May26,Jun26,Jul26,Aug26",,0,0.0,Legitimate succession - closed predecessor plus live replacement
7001335657,NMI,4,1,999957581912_7001335657 | 70013356570_7001335657 | 900001729251_7001335657 | A-0E73D75B_7001335657,Downer Professional Services Office | Downer Professional Services Office | Downer Professional Services Office | Downer Professional Services Office,ActewAGL | Origin | Origin | Origin,Electricity Small Market | Electricity Small Market | Electricity Small Market | Electricity Small Market,open | 27 Mar 2023 | 30 Dec 2022 | 26 Apr 2023,"Mar26,Apr26,May26,Jun26,Jul26,Aug26 | none | none | none",,0,0.0,Legitimate succession - closed predecessor plus live replacement
8000000374,NMI,4,0,206071600_8000000374 | DEDI01_8000000374 | 1030038818_8000000374 | 128428195_8000000374,_CLOSED_Asphalt Prod - Mowbray (OLD) | _CLOSED_Asphalt Prod - Mowbray (OLD) | _CLOSED_Asphalt Prod - Mowbray (OLD) | _CLOSED_Asphalt Prod - Mowbray (OLD),Aurora | ERM | Aurora | Aurora,Electricity Large Market | Electricity Large Market | Electricity Small Market | Electricity Small Market,13 Sep 2023 | 30 Jun 2020 | 07 Dec 2023 | 14 Oct 2023,none | none | none | none,,0,0.0,Legitimate succession - closed predecessor plus live replacement
8000000641,NMI,2,0,500994357_8000000641 | 504807330_8000000641,VEC Civil Engineering (TAS) | VEC Civil Engineering (TAS),Aurora | Aurora,Electricity Small Market | Electricity Small Market,22 Jul 2021 | 18 Jan 2024,none | none,,0,0.0,Legitimate succession - closed predecessor plus live replacement
8000002117,NMI,6,1,206071600_8000002117 | DEDI01_8000002117 | 103237107_8000002117 | 1032371078_8000002117 | 1032845591_8000002117 | DEDI01_8000002117_8000002117,Asphalt Prod - Hobart (329) | Asphalt Prod - Hobart (329) | Asphalt Prod - Hobart (329) | Asphalt Prod - Hobart (329) | Asphalt Prod - Hobart (329) | Asphalt Prod - Hobart (329),Aurora | ERM | Aurora | Aurora | Aurora | ShellEnergyAU,Electricity Large Market | Electricity Large Market | Electricity Small Market | Electricity Small Market | Electricity Small Market | Electricity Small Market,31 Oct 2023 | 30 Jun 2020 | 30 Jun 2026 | 30 Apr 2026 | 28 Feb 2026 | open,"none | none | Jun26 | Mar26,Apr26 | none | Jul26,Aug26",,0,0.0,Legitimate succession - closed predecessor plus live replacement
8000002963,NMI,4,1,206071600_8000002963 | 103237105_8000002963 | 1032845591_8000002963 | DEDI01_8000002963,Austins Ferry | Austins Ferry | Austins Ferry | Austins Ferry,Aurora | Aurora | Aurora | ShellEnergyAU,Electricity Large Market | Electricity Small Market | Electricity Small Market | Electricity Small Market,31 Oct 2023 | 30 Jun 2026 | 28 Feb 2026 | open,"none | Mar26,Apr26,May26,Jun26 | none | Jul26,Aug26",,0,0.0,Legitimate succession - closed predecessor plus live replacement
8000032603,NMI,2,0,65543708_8000032603 | 655437086_8000032603,_CLOSED_Asphalt Prod - Mowbray (OLD) | _CLOSED_Asphalt Prod - Mowbray (OLD),Aurora | Aurora,Electricity Small Market | Electricity Small Market,20 Dec 2021 | 30 Sep 2022,none | none,,0,0.0,Legitimate succession - closed predecessor plus live replacement
8000095122,NMI,2,0,1031645569_8000095122 | 501020806_8000095122,VEC Civil Engineering (TAS) | VEC Civil Engineering (TAS),Aurora | Aurora,Electricity Small Market | Electricity Small Market,12 Dec 2023 | 05 Oct 2023,none | none,,0,0.0,Legitimate succession - closed predecessor plus live replacement
8000254246,NMI,2,0,500994357_8000254246 | 504807330_8000254246,VEC Civil Engineering (TAS) | VEC Civil Engineering (TAS),Aurora | Aurora,Electricity Small Market | Electricity Small Market,22 Jul 2021 | 18 Jan 2024,none | none,,0,0.0,Legitimate succession - closed predecessor plus live replacement
8000326927,NMI,6,1,103237106_8000326927 | 1032371065_8000326927 | 1032845591_8000326927 | 20607160_8000326927 | 206071600_8000326927 | DEDI01_088_8000326927,Asphalt Prod - Mowbray (360) | Asphalt Prod - Mowbray (360) | Asphalt Prod - Mowbray (360) | _CLOSED_Asphalt Prod - Mowbray (OLD) | Asphalt Prod - Mowbray (360) | Asphalt Prod - Mowbray (360),Aurora | Aurora | Aurora | Aurora | Aurora | ShellEnergyAU,Electricity Small Market | Electricity Small Market | Electricity Small Market | Electricity Small Market | Electricity Small Market | Electricity Small Market,31 May 2026 | 30 Jun 2026 | 28 Feb 2026 | 30 Apr 2023 | 31 Oct 2023 | open,"Mar26,Apr26,May26 | Jun26 | none | none | none | Jul26,Aug26",,0,0.0,Legitimate succession - closed predecessor plus live replacement
8001000591,NMI,2,1,80005748_8001000591 | 80013757_8001000591,LSE - Perth Convention & Exhibition Centre (WA) | LSE - Perth Convention & Exhibition Centre (WA),Alinta | Alinta,Electricity Large Market | Electricity Large Market,31 Jan 2020 | open,"none | Mar26,Apr26,May26,Jun26,Jul26,Aug26",,0,0.0,Legitimate succession - closed predecessor plus live replacement
8001000592,NMI,2,1,80007482_8001000592 | 80013758_8001000592,LSE - Perth Convention & Exhibition Centre (WA) | LSE - Perth Convention & Exhibition Centre (WA),Alinta | Alinta,Electricity Large Market | Electricity Large Market,31 Jan 2020 | open,"none | Mar26,Apr26,May26,Jun26,Jul26,Aug26",,0,0.0,Legitimate succession - closed predecessor plus live replacement
80010005926,NMI,2,0,80005748_80010005926 | 600751_80010005926,LSE - Perth Convention & Exhibition Centre (WA) | LSE - Perth Convention & Exhibition Centre (WA),Alinta Energy | Perth Energy,Electricity Simple | Electricity Simple,31 Jul 2016 | 30 Sep 2013,none | none,,0,0.0,Legitimate succession - closed predecessor plus live replacement
8001010840,NMI,2,1,80005436_8001010840 | 80013752_8001010840,Cannington Emulsion Plant | Cannington Emulsion Plant,Alinta | Alinta,Electricity Large Market | Electricity Large Market,11 Jan 2020 | open,"none | Mar26,Apr26,May26,Jun26,Jul26,Aug26",,0,0.0,Legitimate succession - closed predecessor plus live replacement
8001011791,NMI,2,1,80006000_8001011791 | 80013748_8001011791,Kalgoorlie | Kalgoorlie,Alinta | Alinta,Electricity Large Market | Electricity Large Market,30 Sep 2019 | open,"none | Mar26,Apr26,May26,Jun26,Jul26,Aug26",,0,0.0,Legitimate succession - closed predecessor plus live replacement
8001015167,NMI,2,1,80005437_8001015167 | 80013749_8001015167,Maddington - BIT | Maddington - BIT,Alinta | Alinta,Electricity Large Market | Electricity Large Market,11 Jan 2020 | open,"none | Mar26,Apr26,May26,Jun26,Jul26,Aug26",,0,0.0,Legitimate succession - closed predecessor plus live replacement
8001016501,NMI,2,1,80003702_8001016501 | 80013750_8001016501,Asphalt Prod - Albany (601) | Asphalt Prod - Albany (601),Alinta | Alinta,Electricity Large Market | Electricity Large Market,30 Sep 2019 | open,"none | Mar26,Apr26,May26,Jun26,Jul26,Aug26",,0,0.0,Legitimate succession - closed predecessor plus live replacement
8001017512,NMI,4,0,80006063_8001017512 | 600750_8001017512 | 80013756_8001017512 | 80014924_8001017512,_CLOSED_Laundry - Murdoch (WA) | _CLOSED_Laundry - Murdoch (WA) | _CLOSED_Laundry - Murdoch (WA) | _CLOSED_Laundry - Murdoch (WA),Alinta | Perth Energy | Alinta | Alinta,Electricity Large Market | Electricity Simple | Electricity Small Market | Electricity Small Market,31 Jan 2020 | 01 Oct 2013 | 31 Jul 2020 | 30 Jun 2021,none | none | none | none,,0,0.0,Legitimate succession - closed predecessor plus live replacement
8001356541,NMI,2,1,80005435_8001356541 | 80013754_8001356541,Asphalt Prod - Geraldton (602) | Asphalt Prod - Geraldton (602),Alinta | Alinta,Electricity Large Market | Electricity Large Market,11 Feb 2020 | open,"none | Mar26,Apr26,May26,Jun26,Jul26,Aug26",,0,0.0,Legitimate succession - closed predecessor plus live replacement
8001598562,NMI,2,0,252027560_8001598562 | 369854310_8001598562,_closed_Prime Laundry - Belmont (WA) | _closed_Prime Laundry - Belmont (WA),Synergy | Synergy,Electricity Small Market | Electricity Small Market,05 Oct 2020 | 10 Feb 2022,none | none,,0,0.0,Legitimate succession - closed predecessor plus live replacement
8002054565,NMI,2,0,80005999_8002054565 | 80013746_8002054565,Canning Vale | Canning Vale,Alinta | Alinta,Electricity Large Market | Electricity Large Market,30 Sep 2019 | 10 Sep 2024,none | none,,0,0.0,Legitimate succession - closed predecessor plus live replacement
8002193716,NMI,2,1,80010451_8002193716 | 80013755_8002193716,Asphalt Prod - Hope Valley (628) | Asphalt Prod - Hope Valley (628),Alinta | Alinta,Electricity Large Market | Electricity Large Market,30 Sep 2019 | open,"none | Mar26,Apr26,May26,Jun26,Jul26,Aug26",,0,0.0,Legitimate succession - closed predecessor plus live replacement
ENVC014142,NMI,2,1,300048543106_ENVC014142 | A-DD5BD06E_ENVC014142,Skilltech - Barwon Water | Skilltech - Barwon Water,Origin | Origin,Electricity Small Market | Electricity Small Market,20 Feb 2023 | open,"none | Mar26,Apr26,May26,Jun26,Jul26,Aug26",,0,0.0,Legitimate succession - closed predecessor plus live replacement
NCCC001424,NMI,2,0,385278_NCCC001424 | 50002617977_NCCC001424,_CLOSED_Laundry - Rosebery (NSW) | _CLOSED_Laundry - Rosebery (NSW),EnergyAustralia | Origin,Electricity Large Market | Electricity Small Market,30 Jun 2020 | 30 Jun 2021,none | none,,0,0.0,Legitimate succession - closed predecessor plus live replacement
NCCC004003,NMI,2,0,385310_NCCC004003 | 50002617963_NCCC004003,_CLOSED_Silverwater | _CLOSED_Silverwater,EnergyAustralia | Origin,Electricity Large Market | Electricity Large Market,30 Jun 2020 | 30 Jun 2021,none | none,,0,0.0,Legitimate succession - closed predecessor plus live replacement
NCCC005632,NMI,2,0,385312_NCCC005632 | 50002617967_NCCC005632,_CLOSED_Gladesville | _CLOSED_Gladesville,EnergyAustralia | Origin,Electricity Large Market | Electricity Large Market,20 Jun 2022 | 20 Jun 2022,none | none,,0,0.0,Legitimate succession - closed predecessor plus live replacement
NCCC005752,NMI,2,0,385313_NCCC005752 | 50002617976_NCCC005752,_CLOSED_DBS_Mt Thorley | _CLOSED_DBS_Mt Thorley,EnergyAustralia | Origin,Electricity Large Market | Electricity Small Market,30 Jun 2020 | 30 Jun 2021,none | none,,0,0.0,Legitimate succession - closed predecessor plus live replacement
NEEE000513,NMI,2,0,385307_NEEE000513 | 50002617994_NEEE000513,_CLOSED_Asphalt Prod - Rosehill (OLD) | _CLOSED_Asphalt Prod - Rosehill (OLD),EnergyAustralia | Origin,Electricity Large Market | Electricity Large Market,30 Jun 2020 | 30 Jun 2022,none | none,,0,0.0,Legitimate succession - closed predecessor plus live replacement
QB02298881,NMI,2,0,DOWN001_QB02298881 | 50002618007_QB02298881,_CLOSED_Strathpine | _CLOSED_Strathpine,InterGen | Origin,Electricity Small Market | Electricity Small Market,30 Jun 2020 | 30 Jun 2021,none | none,,0,0.0,Legitimate succession - closed predecessor plus live replacement
QB06081428,NMI,5,1,50002618001_QB06081428 | 1003080_QB06081428 | 5000021_QB06081428 | 900018198_QB06081428 | DOWN001_QB06081428,MT-Carrara | MT-Carrara | MT-Carrara | MT-Carrara | MT-Carrara,Origin | CSEnergy | CSEnergy | EngieAU | InterGen,Electricity Large Market | Electricity Small Market | Electricity Small Market | Electricity Small Market | Electricity Small Market,30 Jun 2023 | 30 Jun 2026 | 31 Mar 2026 | open | 30 Jun 2020,"none | Apr26,May26,Jun26 | Mar26 | Jul26,Aug26 | none",,0,0.0,Legitimate succession - closed predecessor plus live replacement
QB07736452,NMI,2,1,7099513421_QB07736452 | 400030619011_QB07736452,Kunda Park | Kunda Park,AGL | Origin,Electricity Small Market | Electricity Small Market,open | 18 Jul 2021,"Mar26,Apr26,May26,Jun26,Jul26,Aug26 | none",,0,0.0,Legitimate succession - closed predecessor plus live replacement
QB08302529,NMI,3,1,7099510773_QB08302529 | 1707586193_QB08302529 | 400027127069_QB08302529,Utilita - Archerfield | Utilita - Archerfield | Utilita - Archerfield,AGL | EnergyAustralia | Origin,Electricity Small Market | Electricity Small Market | Electricity Small Market,open | 11 Jul 2023 | 06 Jul 2021,none | none | none,,0,0.0,Legitimate succession - closed predecessor plus live replacement
QB08570591,NMI,2,0,400033493471_QB08570591 | EW059872_QB08570591,"_CLOSED_AE Smith - Eagle Farm, Harvey St | _CLOSED_AE Smith - Eagle Farm, Harvey St",Origin | QEnergy,Electricity Small Market | Electricity Small Market,04 Feb 2021 | 11 May 2020,none | none,,0,0.0,Legitimate succession - closed predecessor plus live replacement
QB09565256,NMI,2,0,8814760415_QB09565256 | 400016936546_QB09565256,Kunda Park | Kunda Park,EnergyAustralia | Origin,Electricity Small Market | Electricity Small Market,12 Jul 2023 | 12 Jul 2021,none | none,,0,0.0,Legitimate succession - closed predecessor plus live replacement
QB13869604,NMI,2,1,7051765779_QB13869604 | 7101031974_QB13869604,AE Smith - Molendinar | AE Smith - Molendinar,AGL | AGL,Electricity Small Market | Electricity Small Market,27 Aug 2023 | open,none | none,,0,0.0,Legitimate succession - closed predecessor plus live replacement
QGGG000010,NMI,5,1,50002618000_QGGG000010 | 1003077_QGGG000010 | 5000021_QGGG000010 | 900018200_QGGG000010 | DOWN001_QGGG000010,Maryborough | Maryborough | Maryborough | Maryborough | Maryborough,Origin | CSEnergy | CSEnergy | EngieAU | InterGen,Electricity Large Market | Electricity Small Market | Electricity Small Market | Electricity Small Market | Electricity Small Market,30 Jun 2023 | 30 Jun 2026 | 31 Mar 2026 | open | 30 Jun 2020,"none | Apr26,May26,Jun26 | Mar26 | Jul26,Aug26 | none",,0,0.0,Legitimate succession - closed predecessor plus live replacement
QGGG000320,NMI,4,0,50002618013_QGGG000320 | 1003082_QGGG000320 | 5000021_QGGG000320 | DOWN001_QGGG000320,Maryborough | Maryborough | Maryborough | Maryborough,Origin | CSEnergy | CSEnergy | InterGen,Electricity Large Market | Electricity Small Market | Electricity Small Market | Electricity Small Market,30 Jun 2023 | 30 Jun 2026 | 31 Mar 2026 | 30 Jun 2020,"none | Apr26,May26,Jun26 | Mar26 | none",,0,0.0,Legitimate succession - closed predecessor plus live replacement
VAAA000012,NMI,2,0,SPFS02_010_VAAA000012 | 50002649091_VAAA000012,_CLOSED_Laundry - Northcote (VIC) | _CLOSED_Laundry - Northcote (VIC),ERM | Origin,Electricity Large Market | Electricity Small Market,30 Jun 2020 | 30 Jun 2021,none | none,,0,0.0,Legitimate succession - closed predecessor plus live replacement
VAAA000428,NMI,2,0,SPFS02_015_VAAA000428 | 50002646135_VAAA000428,Remediation Site_Laundry - Abbotsford (VIC) | Remediation Site_Laundry - Abbotsford (VIC),ShellEnergyAU | Origin,Electricity Large Market | Electricity Small Market,30 Jun 2020 | 31 Aug 2020,none | none,,0,0.0,Legitimate succession - closed predecessor plus live replacement
VBBB002698,NMI,3,1,DEDI01_VBBB002698 | 50002646143_VBBB002698 | 900018213_VBBB002698,Asphalt Prod - Wodonga (315) | Asphalt Prod - Wodonga (315) | Asphalt Prod - Wodonga (315),ERM | Origin | EngieAU,Electricity Large Market | Electricity Large Market | Electricity Small Market,30 Jun 2020 | 30 Jun 2026 | open,"none | Mar26,Apr26,May26,Jun26 | Jul26,Aug26",,0,0.0,Legitimate succession - closed predecessor plus live replacement
VDDD001226,NMI,3,1,50002646145_VDDD001226 | DEDI01_VDDD001226 | 900018216_VDDD001226,Somerton Emulsion Plant | Somerton Rail Depot | Somerton Emulsion Plant,Origin | ShellEnergyAU | EngieAU,Electricity Large Market | Electricity Large Market | Electricity Small Market,30 Jun 2026 | 30 Jun 2020 | open,"Mar26,Apr26,May26,Jun26 | none | Jul26,Aug26",,0,0.0,Legitimate succession - closed predecessor plus live replacement
